"Timestamp","David de Gea","Luke Shaw","Harry Maguire","Victor Lindelof","Aaron Wan-Bissaka","Paul Pogba","Scott McTominay","Marcus Rashford","Jesse Lingard","Daniel James","Anthony Martial","Rate team performance?","Rate final result?","Rate Ole Gunnar Solskjaer","Rate opponent - Wolves (only by this performance)","Did the referee do a good job? (optional)"
"2019/08/20 7:35:17 PM GMT+1","7","6","7","8","9","7","4","7","4","5","8","7","3","6","6","No"
"2019/08/20 7:36:37 PM GMT+1","6","6","7","7","8","7","6","7","6","6","7","7","5","5","6","No"
"2019/08/20 7:37:18 PM GMT+1","7","5","7","7","8","6","6","5","4","6","8","6","4","5","7","No"
"2019/08/20 7:37:51 PM GMT+1","9","6","8","8","9","8","7","9","6","7","9","8","5","9","8","No"
"2019/08/20 7:38:06 PM GMT+1","8","7","7","8","8","6","7","6","5","6","7","8","6","6","6","No"
"2019/08/20 7:38:07 PM GMT+1","6","7","6","7","8","7","6","8","4","5","8","7","5","7","6","Yes"
"2019/08/20 7:38:11 PM GMT+1","6","5","7","7","8","7","7","7","6","6","8","6","4","7","5","No"
"2019/08/20 7:38:22 PM GMT+1","7","7","8","8","9","7","6","6","5","6","7","6","7","8","6","No"
"2019/08/20 7:38:29 PM GMT+1","6","6","7","6","8","6","6","7","6","6","7","6","7","6","6","No"
"2019/08/20 7:38:33 PM GMT+1","6","7","8","7","9","8","7","7","6","6","8","8","4","6","6","No"
"2019/08/20 7:39:52 PM GMT+1","7","6","7","7","10","6","6","9","3","3","9","6","4","5","5","No"
"2019/08/20 7:39:54 PM GMT+1","7","7","7","7","8","8","8","7","7","7","9","8","5","7","6","Yes"
"2019/08/20 7:40:45 PM GMT+1","7","7","7","7","9","8","6","8","5","8","9","7","6","7","9","No"
"2019/08/20 7:40:51 PM GMT+1","7","7","7","7","7","7","5","7","5","6","7","7","5","6","7","No"
"2019/08/20 7:42:05 PM GMT+1","7","6","7","6","9","5","5","8","4","6","8","6","4","4","5","No"
"2019/08/20 7:42:07 PM GMT+1","7","7","7","6","8","7","5","6","5","6","8","7","6","7","7","No"
"2019/08/20 7:42:22 PM GMT+1","6","7","6","6","8","5","5","7","4","5","7","7","3","5","5","No"
"2019/08/20 7:43:12 PM GMT+1","7","6","8","7","10","8","9","9","7","8","8","9","3","9","8","No"
"2019/08/20 7:43:34 PM GMT+1","7","7","8","7","9","8","7","7","6","6","8","7","6","5","6","No"
"2019/08/20 7:43:45 PM GMT+1","7","6","6","6","8","6","5","7","5","5","8","7","6","10","2","No"
"2019/08/20 7:43:58 PM GMT+1","8","5","7","7","8","6","6","6","5","4","7","6","4","5","7","No"
"2019/08/20 7:44:50 PM GMT+1","8","7","8","7","9","7","7","7","6","6","8","7","7","6","8","No"
"2019/08/20 7:45:02 PM GMT+1","7","8","9","8","10","7","7","8","3","5","9","8","6","7","6","No"
"2019/08/20 7:45:22 PM GMT+1","8","8","9","8","9","7","7","7","7","6","9","8","4","9","7","No"
"2019/08/20 7:46:32 PM GMT+1","7","8","7","6","9","7","6","7","6","6","8","7","4","6","6","No"
"2019/08/20 7:46:36 PM GMT+1","9","8","8","9","9","7","6","6","5","8","9","8","4","6","7","No"
"2019/08/20 7:46:58 PM GMT+1","6","6","7","7","9","6","6","7","5","5","8","7","4","7","4","No"
"2019/08/20 7:46:59 PM GMT+1","6","6","7","6","9","7","6","8","4","5","8","7","4","6","7","No"
"2019/08/20 7:47:12 PM GMT+1","7","6","8","7","9","5","7","7","5","3","8","7","4","6","6","No"
"2019/08/20 7:48:04 PM GMT+1","9","8","9","9","10","8","7","7","6","6","8","8","7","7","7","No"
"2019/08/20 7:49:08 PM GMT+1","6","6","7","7","8","7","7","7","4","5","7","7","6","3","7","No"
"2019/08/20 7:49:10 PM GMT+1","8","7","8","8","9","7","7","7","7","7","8","8","6","6","5","No"
"2019/08/20 7:49:47 PM GMT+1","6","7","6","7","8","5","6","7","5","6","7","6","6","5","8","No"
"2019/08/20 7:50:38 PM GMT+1","7","6","7","7","7","8","6","6","5","7","8","7","8","6","7","No"
"2019/08/20 7:50:53 PM GMT+1","7","7","8","8","9","7","7","8","7","7","9","8","6","6","4","No"
"2019/08/20 7:51:18 PM GMT+1","7","5","8","8","8","8","4","7","3","5","5","6","2","6","5","No"
"2019/08/20 7:52:39 PM GMT+1","7","6","7","6","8","7","6","8","3","6","8","7","6","6","7","No"
"2019/08/20 7:52:55 PM GMT+1","6","6","7","7","9","6","6","6","4","6","8","7","6","5","6","No"
"2019/08/20 7:54:51 PM GMT+1","7","5","7","6","8","7","5","6","5","4","7","6","6","5","6","No"
"2019/08/20 7:55:06 PM GMT+1","6","4","7","8","9","4","4","6","5","5","7","6","3","3","6","No"
"2019/08/20 7:56:25 PM GMT+1","6","7","7","7","8","4","5","5","6","5","6","5","6","4","7","No"
"2019/08/20 7:57:59 PM GMT+1","7","8","7","7","9","6","7","5","6","6","8","7","5","7","7","No"
"2019/08/20 7:59:00 PM GMT+1","6","6","7","7","9","6","2","4","1","5","7","5","1","2","2","No"
"2019/08/20 8:00:55 PM GMT+1","7","8","8","7","9","8","7","8","7","7","8","8","7","7","6","No"
"2019/08/20 8:01:04 PM GMT+1","7","6","9","7","8","7","6","7","5","6","8","8","5","6","6","No"
"2019/08/20 8:01:09 PM GMT+1","10","6","7","9","9","7","5","6","4","4","8","7","3","9","8","No"
"2019/08/20 8:01:41 PM GMT+1","8","6","8","8","9","6","7","7","4","4","8","7","6","6","7","No"
"2019/08/20 8:02:10 PM GMT+1","8","8","7","7","9","7","5","8","6","5","8","7","5","6","5","No"
"2019/08/20 8:02:28 PM GMT+1","8","7","7","7","8","6","5","6","1","3","7","6","4","3","7","No"
"2019/08/20 8:03:39 PM GMT+1","6","5","6","6","6","2","4","4","2","3","7","4","5","2","6","Yes"
"2019/08/20 8:03:47 PM GMT+1","6","7","7","6","8","7","6","6","4","5","7","7","5","4","6","No"
"2019/08/20 8:04:42 PM GMT+1","8","7","8","6","9","8","7","7","5","6","9","8","6","8","7","No"
"2019/08/20 8:04:58 PM GMT+1","7","6","8","7","9","5","5","7","6","7","7","6","4","3","6","Yes"
"2019/08/20 8:05:00 PM GMT+1","8","8","7","7","10","7","6","8","5","6","9","7","6","7","5","No"
"2019/08/20 8:05:20 PM GMT+1","7","7","8","8","9","8","7","8","7","7","9","8","2","9","6","No"
"2019/08/20 8:06:20 PM GMT+1","7","7","8","7","9","8","7","7","6","6","8","7","7","7","8","No"
"2019/08/20 8:06:48 PM GMT+1","8","4","6","6","8","5","4","6","3","6","9","6","5","4","6","No"
"2019/08/20 8:08:34 PM GMT+1","7","7","7","6","8","7","4","7","5","3","7","6","6","7","7",""
"2019/08/20 8:08:42 PM GMT+1","7","6","7","7","9","8","5","7","4","5","7","7","6","6","7","No"
"2019/08/20 8:08:44 PM GMT+1","6","3","7","7","9","6","7","8","3","7","6","6","4","6","7","No"
"2019/08/20 8:11:26 PM GMT+1","9","7","9","8","9","8","8","8","6","8","9","9","4","7","8","No"
"2019/08/20 8:13:42 PM GMT+1","8","8","9","9","10","8","7","8","8","7","10","8","4","9","6","No"
"2019/08/20 8:15:45 PM GMT+1","6","6","7","7","8","8","6","9","6","7","9","7","5","9","5","No"
"2019/08/20 8:15:45 PM GMT+1","6","6","7","7","9","7","6","8","4","5","8","7","6","7","6","No"
"2019/08/20 8:16:32 PM GMT+1","7","7","6","7","8","7","6","8","5","6","8","7","6","7","6","No"
"2019/08/20 8:16:53 PM GMT+1","8","5","7","6","8","6","6","7","5","7","7","6","4","6","4","No"
"2019/08/20 8:17:32 PM GMT+1","8","6","8","8","9","7","6","8","4","5","7","7","6","7","6","No"
"2019/08/20 8:17:32 PM GMT+1","7","6","7","7","8","6","5","5","3","4","7","6","5","5","6","No"
"2019/08/20 8:17:46 PM GMT+1","6","6","6","8","8","7","6","6","5","6","7","7","5","6","7","No"
"2019/08/20 8:19:29 PM GMT+1","7","7","6","7","9","5","5","7","1","4","8","7","6","5","4","No"
"2019/08/20 8:20:46 PM GMT+1","7","6","7","7","9","8","6","5","5","5","6","7","6","4","8","No"
"2019/08/20 8:21:11 PM GMT+1","6","5","7","6","8","5","5","6","4","4","7","7","5","6","7","No"
"2019/08/20 8:23:40 PM GMT+1","7","7","7","7","8","7","5","6","4","7","7","6","5","4","6","No"
"2019/08/20 8:24:11 PM GMT+1","8","8","9","7","10","10","8","9","6","7","10","9","6","10","10","No"
"2019/08/20 8:24:20 PM GMT+1","9","7","9","8","9","7","7","8","7","8","9","8","7","8","8","No"
"2019/08/20 8:24:24 PM GMT+1","8","8","8","8","9","8","7","7","4","5","9","8","7","8","8","No"
"2019/08/20 8:24:30 PM GMT+1","8","8","10","7","10","6","8","7","7","7","8","8","7","10","7","No"
"2019/08/20 8:24:57 PM GMT+1","5","4","5","6","6","5","5","5","4","4","6","5","4","4","6","No"
"2019/08/20 8:25:04 PM GMT+1","6","5","7","6","8","7","6","8","4","5","7","6","6","5","8","No"
"2019/08/20 8:26:16 PM GMT+1","7","7","6","7","9","7","5","6","4","4","7","7","5","5","7","No"
"2019/08/20 8:30:11 PM GMT+1","8","7","7","7","9","6","7","9","6","6","7","7","4","5","8","No"
"2019/08/20 8:33:07 PM GMT+1","10","7","8","8","9","7","7","6","4","7","7","6","6","6","8","No"
"2019/08/20 8:39:34 PM GMT+1","7","6","7","6","8","7","6","7","5","6","8","6","5","6","6","No"
"2019/08/20 8:40:52 PM GMT+1","6","4","7","7","8","6","5","6","5","6","7","6","4","4","4",""
"2019/08/20 8:41:08 PM GMT+1","9","7","8","7","10","8","7","9","7","6","9","8","7","9","7","No"
"2019/08/20 8:41:26 PM GMT+1","8","8","8","7","9","7","8","7","5","6","7","7","6","6","6","No"
"2019/08/20 8:41:28 PM GMT+1","7","6","6","6","8","7","5","6","4","5","7","6","6","5","4","No"
"2019/08/20 8:42:17 PM GMT+1","7","5","6","6","6","5","5","6","5","4","8","6","4","4","7","No"
"2019/08/20 8:42:30 PM GMT+1","6","5","6","6","6","6","4","6","2","2","7","6","6","6","6","Yes"
"2019/08/20 8:45:36 PM GMT+1","6","6","7","7","8","6","6","6","5","1","8","7","5","4","7","No"
"2019/08/20 8:45:49 PM GMT+1","6","6","8","7","9","7","6","7","5","6","8","6","6","7","7","Yes"
"2019/08/20 8:48:17 PM GMT+1","6","6","7","7","8","4","6","6","3","6","8","7","5","6","6","No"
"2019/08/20 8:50:58 PM GMT+1","9","5","8","7","10","4","6","7","3","6","9","7","5","8","6","No"
"2019/08/20 9:00:51 PM GMT+1","8","6","7","7","8","5","5","5","5","6","7","7","5","6","10","No"
"2019/08/20 9:01:42 PM GMT+1","7","6","7","7","8","6","6","6","5","5","8","8","7","7","5","No"
"2019/08/20 9:05:56 PM GMT+1","6","5","6","6","7","5","7","7","5","6","8","8","1","10","5","No"
"2019/08/20 9:06:04 PM GMT+1","6","6","7","7","8","7","6","7","5","6","7","6","4","7","7","No"
"2019/08/20 9:07:13 PM GMT+1","7","7","6","6","8","8","6","7","5","5","8","6","4","4","6","Yes"
"2019/08/20 9:07:51 PM GMT+1","6","6","6","7","7","7","5","6","5","4","7","6","5","5","6","Yes"
"2019/08/20 9:08:08 PM GMT+1","7","8","7","7","9","6","5","6","5","6","8","7","7","4","7","No"
"2019/08/20 9:09:02 PM GMT+1","5","6","6","7","7","6","6","6","4","5","7","6","5","5","6","No"
"2019/08/20 9:10:30 PM GMT+1","8","7","7","7","8","7","6","6","5","6","8","7","5","7","8","No"
"2019/08/20 9:11:24 PM GMT+1","7","8","8","7","9","5","6","7","6","5","8","7","6","6","4","No"
"2019/08/20 9:16:22 PM GMT+1","8","6","8","7","9","7","7","8","4","4","7","7","5","8","7","No"
"2019/08/20 9:17:40 PM GMT+1","6","6","7","7","8","8","7","6","4","6","7","8","1","4","4","No"
"2019/08/20 9:17:54 PM GMT+1","6","5","7","7","8","7","6","6","4","4","7","6","3","5","6",""
"2019/08/20 9:18:11 PM GMT+1","6","7","7","6","7","7","5","7","4","5","7","7","5","7","6","Yes"
"2019/08/20 9:18:20 PM GMT+1","8","7","8","7","9","5","7","9","7","7","8","8","7","8","7","No"
"2019/08/20 9:18:27 PM GMT+1","6","5","8","8","9","8","6","7","4","5","7","7","6","6","7","No"
"2019/08/20 9:19:27 PM GMT+1","7","4","7","7","8","7","6","5","1","5","7","5","3","2","7","No"
"2019/08/20 9:19:50 PM GMT+1","8","6","7","7","9","8","7","7","6","8","8","8","6","7","7","No"
"2019/08/20 9:23:52 PM GMT+1","8","6","7","6","8","7","7","6","4","6","8","7","5","5","3","No"
"2019/08/20 9:26:25 PM GMT+1","7","7","7","7","7","6","6","7","5","6","7","7","5","6","6",""
"2019/08/20 9:27:14 PM GMT+1","8","7","8","9","9","8","6","6","5","8","8","7","4","7","8","No"
"2019/08/20 9:27:24 PM GMT+1","6","6","7","6","8","7","6","7","5","5","8","7","6","8","6","No"
"2019/08/20 9:28:45 PM GMT+1","8","7","8","8","10","7","5","8","4","6","8","8","8","6","8","No"
"2019/08/20 9:29:53 PM GMT+1","7","7","8","7","9","6","6","7","7","7","8","7","6","6","7","No"
"2019/08/20 9:31:19 PM GMT+1","8","6","7","7","9","5","7","8","5","5","8","7","6","6","7","No"
"2019/08/20 9:33:27 PM GMT+1","6","5","7","7","9","6","5","6","4","5","6","6","4","5","5","No"
"2019/08/20 9:34:50 PM GMT+1","6","6","6","6","8","6","6","6","4","4","6","6","4","4","3","No"
"2019/08/20 9:37:05 PM GMT+1","7","6","7","7","8","7","6","7","7","6","9","8","5","7","7","No"
"2019/08/20 9:39:31 PM GMT+1","6","6","7","5","8","7","4","7","4","7","7","7","6","5","5","No"
"2019/08/20 9:39:48 PM GMT+1","7","5","5","9","9","2","4","7","3","8","7","6","4","5","7","No"
"2019/08/20 9:42:27 PM GMT+1","8","7","8","8","9","7","6","7","5","6","8","8","6","7","8","No"
"2019/08/20 9:47:44 PM GMT+1","8","6","7","7","8","6","5","8","5","7","8","8","5","8","7","No"
"2019/08/20 9:52:47 PM GMT+1","6","7","6","7","8","6","6","7","5","7","8","7","4","7","7","No"
"2019/08/20 9:55:22 PM GMT+1","7","6","7","8","9","6","6","7","3","5","7","5","3","3","6","No"
"2019/08/20 9:58:20 PM GMT+1","8","6","6","6","7","6","6","7","4","5","7","6","5","5","8","Yes"
"2019/08/20 10:01:07 PM GMT+1","6","5","6","7","7","6","5","5","4","7","7","6","6","5","7","No"
"2019/08/20 10:02:09 PM GMT+1","6","6","7","6","9","6","5","5","4","5","6","6","4","6","5","No"
"2019/08/20 10:02:30 PM GMT+1","8","6","8","7","9","7","5","7","5","6","8","8","6","6","8","No"
"2019/08/20 10:05:38 PM GMT+1","6","7","7","6","9","7","6","6","6","7","7","7","5","7","7","No"
"2019/08/20 10:06:13 PM GMT+1","7","6","7","7","9","7","6","7","6","6","7","7","6","6","5","No"
"2019/08/20 10:06:42 PM GMT+1","8","6","7","7","8","4","5","5","6","6","7","7","7","6","7","No"
"2019/08/20 10:06:50 PM GMT+1","7","7","8","8","9","6","7","7","5","7","8","7","3","7","7","No"
"2019/08/20 10:07:37 PM GMT+1","6","7","7","7","9","6","6","7","5","6","7","6","6","5","7","No"
"2019/08/20 10:07:48 PM GMT+1","8","6","7","7","10","6","5","6","1","5","8","6","4","5","5","No"
"2019/08/20 10:08:02 PM GMT+1","10","6","6","7","5","3","5","6","5","5","7","6","2","2","7","No"
"2019/08/20 10:08:20 PM GMT+1","8","4","7","7","8","8","7","8","2","5","8","6","5","4","6","No"
"2019/08/20 10:09:25 PM GMT+1","10","6","5","7","5","2","5","6","5","5","7","6","2","2","7","No"
"2019/08/20 10:12:42 PM GMT+1","6","6","6","6","8","6","5","7","3","4","7","7","4","6","7","No"
"2019/08/20 10:12:59 PM GMT+1","8","7","8","7","8","7","6","6","6","4","7","7","5","6","8","No"
"2019/08/20 10:17:00 PM GMT+1","7","7","7","8","10","6","7","8","4","6","9","7","5","6","8","No"
"2019/08/20 10:19:22 PM GMT+1","6","6","7","6","8","6","7","7","7","7","8","8","6","6","7","No"
"2019/08/20 10:20:43 PM GMT+1","6","5","7","7","7","5","4","5","4","5","7","6","6","6","7",""
"2019/08/20 10:24:26 PM GMT+1","8","6","7","7","9","6","5","6","4","4","8","7","2","5","7","No"
"2019/08/20 10:26:29 PM GMT+1","7","7","7","7","7","6","5","7","5","6","7","6","5","6","7","No"
"2019/08/20 10:26:51 PM GMT+1","6","7","6","5","8","4","4","6","5","4","7","6","3","6","5","No"
"2019/08/20 10:29:55 PM GMT+1","7","7","7","8","9","8","7","8","4","6","9","7","4","7","4","No"
"2019/08/20 10:32:23 PM GMT+1","7","7","7","6","7","6","7","7","6","6","8","8","4","6","5","No"
"2019/08/20 10:32:39 PM GMT+1","8","6","7","6","8","6","5","6","4","5","8","6","5","7","4","No"
"2019/08/20 10:37:11 PM GMT+1","7","6","7","6","8","6","5","6","5","6","7","7","4","6","4","No"
"2019/08/20 10:40:20 PM GMT+1","7","6","8","7","9","7","6","7","4","5","8","8","7","5","8","No"
"2019/08/20 10:42:07 PM GMT+1","6","6","7","6","9","8","6","6","4","6","8","6","6","5","6","No"
"2019/08/20 10:42:49 PM GMT+1","6","7","4","8","6","3","5","7","4","5","8","6","5","3","7","No"
"2019/08/20 10:45:29 PM GMT+1","7","7","8","7","7","7","7","8","7","6","8","7","3","7","7","No"
"2019/08/20 10:46:02 PM GMT+1","9","8","8","8","10","10","8","9","6","10","10","7","5","9","9","No"
"2019/08/20 10:47:37 PM GMT+1","6","6","8","8","9","6","5","7","4","4","8","7","5","6","5","No"
"2019/08/20 10:47:42 PM GMT+1","8","8","8","8","9","7","7","8","6","6","7","7","5","7","6","No"
"2019/08/20 10:50:25 PM GMT+1","8","7","8","7","10","6","7","7","5","7","8","7","7","7","8","No"
"2019/08/20 10:50:39 PM GMT+1","7","7","8","7","8","6","6","7","6","5","7","6","6","7","5","No"
"2019/08/20 10:51:12 PM GMT+1","7","4","5","6","8","7","4","5","2","4","7","6","5","5","6","No"
"2019/08/20 10:53:16 PM GMT+1","7","6","7","7","8","6","5","7","6","6","6","6","4","9","6","Yes"
"2019/08/20 10:54:16 PM GMT+1","7","6","7","7","8","7","6","8","5","6","8","7","5","6","5","No"
"2019/08/20 10:54:41 PM GMT+1","7","7","8","8","8","6","7","7","5","7","7","6","7","7","9","No"
"2019/08/20 11:07:08 PM GMT+1","7","6","6","6","8","7","5","8","4","4","8","7","5","5","7","No"
"2019/08/20 11:09:37 PM GMT+1","8","7","9","6","9","7","5","6","5","7","8","7","4","6","8","Yes"
"2019/08/20 11:10:56 PM GMT+1","5","3","6","7","9","8","4","7","2","4","8","7","3","2","6","No"
"2019/08/20 11:11:24 PM GMT+1","7","6","8","7","8","5","7","6","4","4","7","7","7","6","5",""
"2019/08/20 11:13:47 PM GMT+1","6","7","7","7","7","7","7","7","6","6","8","7","5","6","7","No"
"2019/08/20 11:22:02 PM GMT+1","7","7","8","6","9","9","7","8","5","5","8","8","6","7","4","No"
"2019/08/20 11:23:44 PM GMT+1","7","6","7","7","8","7","6","6","3","6","7","7","4","4","8",""
"2019/08/20 11:23:59 PM GMT+1","7","6","9","9","10","7","8","8","5","6","8","7","4","9","8","No"
"2019/08/20 11:26:19 PM GMT+1","7","6","6","7","8","5","5","7","4","4","8","7","5","6","5","No"
"2019/08/20 11:26:27 PM GMT+1","7","8","7","6","9","8","7","8","7","6","9","7","5","7","4","No"
"2019/08/20 11:34:20 PM GMT+1","9","6","8","7","9","8","7","8","6","7","9","7","5","7","7","No"
"2019/08/20 11:51:06 PM GMT+1","7","5","9","7","10","8","5","7","6","5","8","7","5","6","5","No"
"2019/08/20 11:53:16 PM GMT+1","8","7","9","8","9","8","6","7","6","6","7","8","8","8","7","No"
"2019/08/20 11:58:32 PM GMT+1","6","6","7","7","8","6","5","6","5","6","7","7","5","7","6","No"
"2019/08/21 12:01:03 AM GMT+1","7","6","7","7","8","7","6","6","7","6","8","7","6","6","6",""
"2019/08/21 12:01:43 AM GMT+1","7","6","8","6","8","6","6","7","6","6","8","7","6","7","7","No"
"2019/08/21 12:02:32 AM GMT+1","7","7","8","9","9","7","7","6","5","6","8","8","7","6","8","No"
"2019/08/21 12:09:46 AM GMT+1","7","7","8","7","8","6","6","8","5","5","9","7","5","7","4","No"
"2019/08/21 12:21:50 AM GMT+1","8","8","7","6","9","8","7","7","4","6","8","7","5","6","8","No"
"2019/08/21 12:27:05 AM GMT+1","7","7","7","7","7","6","7","7","5","6","8","6","8","7","8","Yes"
"2019/08/21 12:30:33 AM GMT+1","9","7","8","8","9","8","7","7","5","6","8","8","7","7","8","No"
"2019/08/21 12:32:56 AM GMT+1","7","8","8","8","9","7","7","7","7","8","9","8","5","10","8","No"
"2019/08/21 12:32:59 AM GMT+1","7","6","8","7","10","7","6","6","5","6","8","9","6","7","5","No"
"2019/08/21 12:33:02 AM GMT+1","7","7","9","9","10","8","7","8","7","7","10","7","4","7","7","No"
"2019/08/21 12:39:07 AM GMT+1","7","7","7","6","8","8","6","9","6","7","9","8","8","7","9","No"
"2019/08/21 12:45:34 AM GMT+1","9","6","8","8","10","9","7","9","8","7","8","7","6","6","7","No"
"2019/08/21 12:49:20 AM GMT+1","6","6","6","6","9","6","6","6","5","5","7","7","5","5","6","No"
"2019/08/21 12:58:09 AM GMT+1","5","5","7","6","7","6","4","6","5","5","7","6","4","5","3","No"
"2019/08/21 12:59:54 AM GMT+1","8","7","8","8","8","7","7","7","6","7","8","7","6","9","8","No"
"2019/08/21 1:01:11 AM GMT+1","5","6","5","4","8","6","3","5","3","4","7","7","5","5","4","No"
"2019/08/21 1:03:40 AM GMT+1","7","9","7","7","9","8","5","7","3","5","9","8","4","6","8","No"
"2019/08/21 1:06:27 AM GMT+1","9","8","9","9","10","8","7","8","7","7","8","8","5","7","8","No"
"2019/08/21 1:07:48 AM GMT+1","7","7","7","7","8","7","7","7","8","7","8","7","6","7","6","No"
"2019/08/21 1:10:44 AM GMT+1","7","7","8","8","9","6","5","7","5","7","7","6","5","4","6","No"
"2019/08/21 1:25:03 AM GMT+1","5","7","7","8","8","7","7","7","7","6","9","7","6","7","6","No"
"2019/08/21 1:30:47 AM GMT+1","6","7","7","7","8","7","7","7","6","6","7","7","6","6","6","No"
"2019/08/21 1:32:40 AM GMT+1","7","9","8","8","10","8","7","7","4","7","8","7","4","10","10","No"
"2019/08/21 1:40:01 AM GMT+1","6","6","7","7","8","6","5","7","1","7","8","7","5","4","7","Yes"
"2019/08/21 2:03:51 AM GMT+1","6","6","7","7","8","7","5","5","4","6","7","6","5","7","7","No"
"2019/08/21 2:05:46 AM GMT+1","7","7","8","7","8","8","4","8","6","7","8","8","1","3","9","No"
"2019/08/21 2:08:39 AM GMT+1","8","6","8","8","9","8","6","8","6","7","9","8","2","6","6","No"
"2019/08/21 2:11:30 AM GMT+1","10","6","8","8","9","5","5","6","6","7","7","7","1","7","5","No"
"2019/08/21 2:26:46 AM GMT+1","7","6","8","8","9","7","6","6","5","6","8","7","6","7","7","No"
"2019/08/21 2:32:33 AM GMT+1","8","6","8","7","9","7","7","7","4","6","8","7","6","6","8","No"
"2019/08/21 2:37:42 AM GMT+1","7","7","8","8","8","7","8","8","7","8","8","8","7","7","6","No"
"2019/08/21 2:39:37 AM GMT+1","8","6","8","8","9","7","5","8","6","3","9","7","6","2","6","No"
"2019/08/21 2:46:24 AM GMT+1","6","4","6","6","10","6","5","6","5","5","9","7","6","4","7","No"
"2019/08/21 3:06:09 AM GMT+1","9","5","7","7","8","7","6","6","4","8","9","7","7","6","7","No"
"2019/08/21 3:11:06 AM GMT+1","5","1","6","5","7","1","3","1","1","2","2","1","1","1","2","No"
"2019/08/21 3:13:54 AM GMT+1","6","6","7","7","7","7","6","7","5","5","7","6","5","5","6","No"
"2019/08/21 3:14:05 AM GMT+1","5","4","7","7","7","5","4","4","2","3","7","6","1","10","7","No"
"2019/08/21 3:26:11 AM GMT+1","7","6","7","7","8","7","6","6","7","5","8","6","6","7","9","No"
"2019/08/21 3:32:31 AM GMT+1","7","6","8","8","8","6","6","7","7","6","8","8","7","7","6","No"
"2019/08/21 3:37:55 AM GMT+1","8","6","8","8","8","7","7","7","6","6","8","7","7","9","8","Yes"
"2019/08/21 3:51:38 AM GMT+1","8","5","8","7","9","8","7","7","4","7","8","7","5","4","7","Yes"
"2019/08/21 3:54:45 AM GMT+1","10","8","10","10","10","7","8","9","3","6","10","8","7","6","8","No"
"2019/08/21 4:05:05 AM GMT+1","7","6","7","7","8","7","6","7","5","6","8","7","6","7","6","No"
"2019/08/21 4:09:26 AM GMT+1","6","5","6","6","7","5","5","7","4","7","8","6","6","6","8","No"
"2019/08/21 4:15:00 AM GMT+1","8","6","8","8","10","7","7","7","2","6","8","6","6","6","6","No"
"2019/08/21 4:18:16 AM GMT+1","7","6","6","6","9","7","6","7","4","5","7","6","5","4","6","No"
"2019/08/21 4:19:13 AM GMT+1","8","8","9","8","9","9","7","8","7","8","8","8","7","8","9","Yes"
"2019/08/21 4:23:58 AM GMT+1","6","7","7","7","10","6","6","7","4","5","8","6","3","8","7","Yes"
"2019/08/21 4:27:34 AM GMT+1","5","6","8","8","9","6","5","5","5","4","8","6","3","4","7","No"
"2019/08/21 4:37:26 AM GMT+1","6","5","8","8","9","8","7","6","5","6","7","7","5","6","6","No"
"2019/08/21 4:57:21 AM GMT+1","6","6","6","7","8","7","6","7","6","6","8","7","4","7","8","No"
"2019/08/21 5:01:43 AM GMT+1","8","6","7","6","8","7","6","6","5","5","7","7","5","6","6","No"
"2019/08/21 5:20:53 AM GMT+1","7","6","8","7","7","7","5","6","3","4","8","5","6","3","8","No"
"2019/08/21 5:26:06 AM GMT+1","7","6","7","7","8","7","5","8","4","6","8","7","8","7","8",""
"2019/08/21 5:30:43 AM GMT+1","10","10","10","10","10","10","10","10","10","10","10","10","7","10","6","No"
"2019/08/21 5:35:32 AM GMT+1","6","7","7","7","9","7","7","7","7","7","8","8","6","7","8","No"
"2019/08/21 5:59:58 AM GMT+1","7","6","7","8","9","1","6","6","1","6","8","6","6","6","8","No"
"2019/08/21 6:07:01 AM GMT+1","6","8","7","7","8","7","7","8","5","6","9","7","4","5","7","No"
"2019/08/21 6:07:27 AM GMT+1","7","7","8","8","8","7","7","7","5","8","8","7","7","7","8","No"
"2019/08/21 6:08:00 AM GMT+1","7","6","6","6","8","5","6","8","2","6","6","6","2","7","8","No"
"2019/08/21 6:15:37 AM GMT+1","7","5","7","6","7","5","6","6","5","6","8","6","4","9","7","No"
"2019/08/21 6:18:32 AM GMT+1","8","4","9","7","10","6","7","6","4","7","8","6","5","5","9","No"
"2019/08/21 6:40:20 AM GMT+1","7","7","7","7","8","7","5","6","5","7","8","7","7","7","7","No"
"2019/08/21 6:52:26 AM GMT+1","9","7","7","7","9","8","5","6","3","6","7","6","5","6","7","No"
"2019/08/21 6:55:58 AM GMT+1","7","6","7","7","7","5","4","5","4","6","7","4","4","4","7","No"
"2019/08/21 6:57:29 AM GMT+1","6","6","9","9","10","6","6","8","4","8","9","8","1","8","8","No"
"2019/08/21 7:01:15 AM GMT+1","5","5","5","5","5","5","5","5","5","5","5","5","5","5","5","Yes"
"2019/08/21 7:13:57 AM GMT+1","8","7","8","8","9","8","7","7","5","6","9","8","7","9","9","Yes"
"2019/08/21 7:14:47 AM GMT+1","7","2","8","7","8","8","5","7","1","5","7","6","7","5","7","No"
"2019/08/21 7:29:51 AM GMT+1","7","6","8","8","9","7","7","8","5","6","8","7","7","8","9","No"
"2019/08/21 7:33:38 AM GMT+1","9","7","7","7","9","7","6","7","6","6","9","7","4","7","5","No"
"2019/08/21 7:52:14 AM GMT+1","7","7","7","7","8","7","6","7","6","6","9","8","6","6","6","No"
"2019/08/21 7:55:34 AM GMT+1","7","6","7","7","8","8","7","7","5","6","8","7","7","5","6","No"
"2019/08/21 8:08:19 AM GMT+1","6","7","6","6","7","8","6","6","6","7","8","7","4","6","7","No"
"2019/08/21 8:14:23 AM GMT+1","9","7","10","10","10","8","9","9","6","7","8","8","7","8","6","No"
"2019/08/21 8:15:34 AM GMT+1","9","7","10","10","10","9","9","9","7","7","8","8","8","8","6","No"
"2019/08/21 8:19:22 AM GMT+1","8","6","7","7","8","7","6","8","4","2","8","8","5","8","7","Yes"
"2019/08/21 8:20:33 AM GMT+1","7","7","9","9","9","6","7","8","7","7","8","8","3","8","7","No"
"2019/08/21 8:37:13 AM GMT+1","6","6","7","7","8","7","6","6","5","5","8","7","6","7","7","No"
"2019/08/21 8:38:47 AM GMT+1","7","6","5","8","8","5","5","5","4","4","7","5","4","4","6","No"
"2019/08/21 8:40:33 AM GMT+1","7","7","7","8","9","9","8","7","6","6","7","7","5","5","10","No"
"2019/08/21 8:46:03 AM GMT+1","6","6","6","7","7","7","7","7","5","6","8","6","5","5","7","No"
"2019/08/21 9:12:32 AM GMT+1","7","6","7","6","8","6","5","7","5","6","8","7","6","6","6","No"
"2019/08/21 9:15:33 AM GMT+1","7","7","8","7","9","6","6","7","5","7","8","7","7","6","6","No"
"2019/08/21 10:04:45 AM GMT+1","10","7","7","7","9","7","5","7","4","7","8","7","6","3","7","No"
"2019/08/21 10:05:51 AM GMT+1","6","6","7","7","8","7","6","6","6","6","8","7","6","6","8","No"
"2019/08/21 10:15:44 AM GMT+1","8","7","8","8","9","6","7","7","5","7","8","7","3","6","8","Yes"
"2019/08/21 10:30:48 AM GMT+1","7","6","7","6","9","8","6","6","4","2","7","8","6","6","8","Yes"
"2019/08/21 10:33:12 AM GMT+1","7","6","7","7","8","7","6","7","5","6","7","7","5","7","8","No"
"2019/08/21 11:12:05 AM GMT+1","6","6","7","7","8","7","6","7","5","6","8","6","6","6","7","Yes"
"2019/08/21 11:20:26 AM GMT+1","8","6","5","5","5","6","6","8","5","7","7","6","7","6","9","No"
"2019/08/21 11:24:31 AM GMT+1","8","7","7","7","8","8","6","7","6","6","8","7","6","6","6","No"
"2019/08/21 11:25:20 AM GMT+1","5","4","5","5","9","7","4","6","4","5","8","6","5","6","7","Yes"
"2019/08/21 11:26:03 AM GMT+1","6","6","6","6","6","6","6","7","6","6","6","6","6","5","7","Yes"
"2019/08/21 11:39:20 AM GMT+1","8","7","8","8","9","7","7","7","6","6","8","9","6","7","8","No"
"2019/08/21 11:46:55 AM GMT+1","7","6","7","7","8","7","7","8","3","6","8","7","5","5","6","Yes"
"2019/08/21 11:47:20 AM GMT+1","6","8","6","6","8","5","5","7","5","8","7","6","3","3","7","No"
"2019/08/21 11:50:32 AM GMT+1","6","4","5","5","7","4","4","7","3","6","6","6","4","3","5","No"
"2019/08/21 12:04:04 PM GMT+1","8","5","8","5","9","7","6","7","5","6","8","7","6","8","7","No"
"2019/08/21 12:16:36 PM GMT+1","7","7","6","6","8","7","5","6","6","7","7","8","6","6","4","No"
"2019/08/21 12:36:17 PM GMT+1","7","6","7","7","9","7","5","7","4","6","6","7","3","6","5","No"
"2019/08/21 12:37:16 PM GMT+1","6","6","7","7","8","6","6","7","5","5","7","6","6","5","6","No"
"2019/08/21 12:37:17 PM GMT+1","8","7","8","7","8","7","6","7","6","7","8","7","7","6","8","No"
"2019/08/21 12:56:13 PM GMT+1","6","7","7","7","8","7","6","7","5","7","8","7","6","5","5","No"
"2019/08/21 12:59:14 PM GMT+1","7","7","8","8","8","8","7","7","6","6","8","7","7","6","7","No"
"2019/08/21 1:03:50 PM GMT+1","8","7","8","7","9","6","6","6","5","6","8","7","7","6","7","No"
"2019/08/21 1:12:16 PM GMT+1","7","7","8","8","8","6","7","7","6","6","8","6","4","6","8","No"
"2019/08/21 1:22:08 PM GMT+1","6","5","7","7","8","6","6","5","5","6","7","6","5","5","6","No"
"2019/08/21 1:25:47 PM GMT+1","6","7","7","7","9","6","6","6","5","5","8","7","5","5","8","Yes"
"2019/08/21 2:04:08 PM GMT+1","10","10","10","10","10","10","10","10","7","6","10","6","5","7","6","No"
"2019/08/21 2:10:57 PM GMT+1","6","6","7","6","7","6","6","8","6","6","9","7","5","6","7","Yes"
"2019/08/21 3:09:20 PM GMT+1","6","6","7","7","7","7","6","6","6","7","7","7","6","5","7","No"
"2019/08/21 3:27:37 PM GMT+1","7","6","8","7","9","7","6","5","4","6","8","6","7","4","5","No"
"2019/08/21 3:46:22 PM GMT+1","6","5","6","5","6","6","6","5","3","6","7","5","6","5","4","No"
"2019/08/21 3:58:35 PM GMT+1","6","5","5","5","7","7","4","4","2","4","7","4","3","4","6","No"
"2019/08/21 4:03:06 PM GMT+1","8","4","7","7","8","9","8","5","5","5","9","7","4","6","7","No"
"2019/08/21 4:04:18 PM GMT+1","7","7","8","7","9","8","5","8","3","7","9","8","4","8","6","No"
"2019/08/21 4:13:49 PM GMT+1","6","6","7","8","9","9","7","8","4","4","8","7","6","9","6",""
"2019/08/21 4:20:24 PM GMT+1","8","6","8","7","10","8","6","7","5","5","8","8","6","8","7","No"
"2019/08/21 4:35:36 PM GMT+1","6","5","7","7","8","6","5","6","5","5","7","8","7","6","7","No"
"2019/08/21 4:38:04 PM GMT+1","6","6","7","7","9","6","6","6","5","6","7","6","5","5","6",""
"2019/08/21 4:38:24 PM GMT+1","6","4","6","6","7","6","5","6","3","5","7","6","7","6","7","No"
"2019/08/21 5:25:54 PM GMT+1","8","6","7","7","10","7","4","6","3","3","7","7","5","4","5","No"
"2019/08/21 5:39:45 PM GMT+1","7","5","7","7","7","4","2","7","1","4","8","6","3","6","8","No"
"2019/08/21 5:41:37 PM GMT+1","5","7","8","8","7","7","6","6","3","4","8","7","4","7","7","No"
"2019/08/21 6:07:01 PM GMT+1","7","6","7","7","8","9","5","7","2","6","9","8","6","7","8","No"
"2019/08/21 6:18:47 PM GMT+1","6","6","6","6","7","6","6","8","4","6","8","7","5","3","6","No"
"2019/08/21 6:35:15 PM GMT+1","9","6","9","8","10","8","7","7","2","7","9","8","6","7","9","No"
"2019/08/21 6:48:49 PM GMT+1","7","7","8","8","9","7","8","7","6","7","9","7","7","7","8","No"
"2019/08/21 7:12:34 PM GMT+1","7","5","5","7","7","4","5","7","8","7","8","6","4","5","8","No"
"2019/08/21 7:15:33 PM GMT+1","7","7","7","7","8","8","4","7","4","6","7","7","5","7","8","No"
"2019/08/21 7:58:58 PM GMT+1","8","7","8","8","9","8","7","8","6","7","9","7","4","5","7","No"
"2019/08/21 8:50:16 PM GMT+1","8","5","6","6","8","8","5","6","3","6","7","7","4","5","8","No"
"2019/08/21 8:55:22 PM GMT+1","4","5","10","10","10","5","6","8","1","5","6","9","1","1","10","No"
"2019/08/21 9:08:26 PM GMT+1","7","7","8","7","8","8","6","8","6","7","8","8","7","8","7","No"