"Timestamp","David de Gea","Ashley Young","Harry Maguire","Victor Lindelof","Aaron Wan-Bissaka","Fred","Scott McTominay","Marcus Rashford","Andreas Pereira","Daniel James","Anthony Martial","Mason Greenwood (optional)","Brandon Williams (optional)","Jesse Lingard (optional)","Team Performance","Final Result","Manager: Ole","Opponent: Bournemouth","Did the referee/VAR do a good job?","Your Reddit username? "
"2019/11/03 4:58:52 PM GMT+1","7","6","5","5","5","7","6","6","4","7","4","","","","3","1","5","6","Yes",""
"2019/11/03 4:59:45 PM GMT+1","6","1","7","5","5","6","7","5","5","8","5","5","6","7","7","2","4","6","Yes",""
"2019/11/03 4:59:50 PM GMT+1","7","5","5","5","6","7","6","5","4","6","5","7","6","5","4","1","4","5","Yes",""
"2019/11/03 5:00:15 PM GMT+1","6","5","6","4","5","7","5","6","5","6","6","","","","3","1","1","6","Yes",""
"2019/11/03 5:00:26 PM GMT+1","5","3","2","2","3","6","4","5","3","5","5","6","6","3","3","3","2","6","No","DankInvasion"
"2019/11/03 5:00:47 PM GMT+1","6","5","4","3","4","7","5","5","2","4","3","","","","4","3","4","6","Yes",""
"2019/11/03 5:01:42 PM GMT+1","7","3","5","6","5","5","5","6","4","6","5","4","5","4","4","1","3","5","Yes",""
"2019/11/03 5:01:47 PM GMT+1","6","5","5","3","6","8","6","6","6","7","6","","","","5","2","3","5","",""
"2019/11/03 5:02:14 PM GMT+1","6","7","5","4","4","7","4","5","5","6","5","6","6","5","5","3","5","6","Yes","madMires"
"2019/11/03 5:03:00 PM GMT+1","4","4","4","2","1","7","1","1","1","3","1","","","","1","1","1","10","Yes","erdgherg"
"2019/11/03 5:03:45 PM GMT+1","6","4","4","4","6","5","5","6","5","6","5","","","","3","1","3","6","Yes","jonwinslol"
"2019/11/03 5:04:26 PM GMT+1","6","7","6","5","5","6","7","5","5","5","5","6","5","5","6","4","6","7","Yes","Notaastronaut"
"2019/11/03 5:04:32 PM GMT+1","4","3","4","4","5","7","5","3","3","4","3","5","5","3","3","5","4","4","No","Sal101"
"2019/11/03 5:06:01 PM GMT+1","5","4","5","3","4","6","4","4","2","6","4","5","7","6","4","2","2","4","No","u/classicalnair"
"2019/11/03 5:06:03 PM GMT+1","6","5","6","5","4","6","5","5","4","7","5","7","5","5","4","2","7","7","Yes","Why"
"2019/11/03 5:06:42 PM GMT+1","6","4","6","3","3","6","5","5","3","4","4","5","6","6","4","3","4","6","Yes","EliteWolf67"
"2019/11/03 5:07:00 PM GMT+1","7","2","5","4","4","8","4","5","1","6","4","6","7","","3","3","1","5","Yes",""
"2019/11/03 5:08:11 PM GMT+1","7","6","4","3","5","6","5","6","5","7","6","6","5","4","3","3","3","4","Yes",""
"2019/11/03 5:08:21 PM GMT+1","6","8","5","4","5","7","6","6","2","5","4","7","8","5","3","1","6","4","Yes","ZZiyan_11"
"2019/11/03 5:08:23 PM GMT+1","6","6","6","4","5","6","5","5","4","5","5","","6","6","4","4","5","7","Yes","u/availableusername10"
"2019/11/03 5:08:31 PM GMT+1","6","6","5","2","5","6","5","6","5","6","6","","6","","4","3","6","5","Yes",""
"2019/11/03 5:09:25 PM GMT+1","5","4","2","1","3","6","3","5","2","4","3","6","5","5","1","1","4","8","No","Summerof41"
"2019/11/03 5:09:38 PM GMT+1","6","3","5","5","4","5","5","5","4","6","4","","","","4","3","4","4","",""
"2019/11/03 5:11:16 PM GMT+1","7","5","6","3","4","7","4","5","3","7","5","","","","3","1","1","6","Yes",""
"2019/11/03 5:13:10 PM GMT+1","5","4","5","4","5","5","5","5","4","5","4","5","5","5","4","2","3","5","No",""
"2019/11/03 5:14:29 PM GMT+1","6","5","5","4","4","8","3","6","2","5","4","6","6","5","4","2","1","8","Yes","Cmonunited "
"2019/11/03 5:16:08 PM GMT+1","6","2","4","2","4","2","3","4","4","5","5","5","","","1","1","1","5","No","MarijuanaBiryani"
"2019/11/03 5:16:36 PM GMT+1","1","1","1","1","1","1","1","1","1","1","1","1","1","1","1","1","1","10","Yes","spez"
"2019/11/03 5:16:47 PM GMT+1","6","6","5","2","2","6","6","7","1","7","2","3","7","1","2","3","2","6","Yes",""
"2019/11/03 5:17:37 PM GMT+1","6","6","5","5","4","7","4","5","1","7","6","","","","4","1","4","8","Yes",""
"2019/11/03 5:17:38 PM GMT+1","7","5","5","4","5","7","4","5","3","6","5","5","6","5","3","7","3","6","Yes","Used to be Kittu/19. Deleted account recently."
"2019/11/03 5:17:54 PM GMT+1","6","5","5","4","4","8","3","5","1","5","4","6","6","4","4","4","1","8","Yes","Gxlfwang "
"2019/11/03 5:18:32 PM GMT+1","6","4","8","6","7","8","6","8","4","7","7","7","7","6","6","5","8","9","Yes","ashu54"
"2019/11/03 5:18:40 PM GMT+1","7","7","6","5","6","7","5","5","4","6","3","","","","4","2","3","7","No",""
"2019/11/03 5:19:32 PM GMT+1","5","4","4","4","4","5","5","5","4","5","5","","","","1","1","4","5","No",""
"2019/11/03 5:20:37 PM GMT+1","4","4","4","3","5","4","5","3","4","5","4","5","5","3","4","1","2","4","Yes","Buffythedragonslayer"
"2019/11/03 5:20:47 PM GMT+1","7","6","5","4","6","3","5","6","2","5","6","5","8","4","4","1","3","5","Yes","thebiglad"
"2019/11/03 5:21:37 PM GMT+1","6","5","5","3","5","6","7","6","2","5","5","","","","5","4","5","6","Yes","Parzival182 "
"2019/11/03 5:21:50 PM GMT+1","6","4","5","5","4","4","5","4","4","7","5","6","6","3","4","1","4","6","Yes",""
"2019/11/03 5:23:04 PM GMT+1","6","5","4","4","4","6","4","5","4","6","5","6","5","5","2","1","3","5","Yes",""
"2019/11/03 5:24:17 PM GMT+1","1","1","1","1","1","1","1","1","1","1","1","1","1","1","1","1","1","1","Yes","Fuck you"
"2019/11/03 5:24:31 PM GMT+1","6","6","5","6","7","5","7","6","3","8","7","","","","5","1","1","7","Yes",""
"2019/11/03 5:24:51 PM GMT+1","8","8","6","4","4","7","6","7","4","6","6","5","5","5","3","1","4","6","Yes",""
"2019/11/03 5:25:09 PM GMT+1","6","5","5","5","4","4","6","6","4","6","6","","","","5","2","3","5","No",""
"2019/11/03 5:25:39 PM GMT+1","1","1","1","1","1","1","1","1","1","1","1","1","1","1","1","1","1","10","Yes","Vladthecuddler"
"2019/11/03 5:25:44 PM GMT+1","6","5","6","6","4","4","6","6","5","6","6","","7","6","5","1","6","6","Yes",""
"2019/11/03 5:26:07 PM GMT+1","6","1","6","2","4","6","3","3","2","6","2","3","3","1","1","1","1","4","No",""
"2019/11/03 5:26:54 PM GMT+1","7","5","5","5","5","7","7","6","4","6","6","","","","6","5","5","8","No",""
"2019/11/03 5:27:50 PM GMT+1","6","5","5","5","5","3","5","5","4","6","5","5","5","5","5","2","4","5","Yes","The_Renovator "
"2019/11/03 5:28:37 PM GMT+1","5","4","4","6","6","5","6","3","1","5","4","2","7","3","1","1","1","8","Yes",""
"2019/11/03 5:28:47 PM GMT+1","6","7","5","4","7","6","5","7","4","6","6","6","","","5","3","5","7","Yes",""
"2019/11/03 5:29:17 PM GMT+1","6","6","7","6","6","7","5","6","6","6","5","7","7","6","4","4","4","7","Yes","tallaghtmick"
"2019/11/03 5:30:09 PM GMT+1","7","5","6","4","5","6","5","5","3","6","5","","","3","4","3","3","6","No",""
"2019/11/03 5:30:19 PM GMT+1","6","6","6","5","4","6","6","7","6","6","6","","","","3","1","3","5","Yes",""
"2019/11/03 5:31:15 PM GMT+1","6","6","5","5","7","6","8","7","5","7","6","","","","6","9","10","8","Yes",""
"2019/11/03 5:31:24 PM GMT+1","8","5","6","4","5","5","5","6","4","5","5","6","7","4","2","2","2","8","Yes","Xthomas00"
"2019/11/03 5:32:27 PM GMT+1","6","5","4","4","4","5","5","4","4","6","5","6","6","5","3","3","3","4","No","gaabethebabe"
"2019/11/03 5:33:16 PM GMT+1","7","4","6","3","6","5","5","5","1","5","4","6","7","1","3","1","5","7","No","Lord_sesshoumaru77"
"2019/11/03 5:33:32 PM GMT+1","6","6","4","4","5","8","4","7","3","7","6","5","7","5","5","4","5","6","No","burkshire44"
"2019/11/03 5:34:33 PM GMT+1","7","6","5","5","5","4","5","5","4","5","4","","","","3","2","2","6","Yes",""
"2019/11/03 5:35:18 PM GMT+1","6","6","6","4","7","6","4","7","3","5","4","5","4","4","4","4","3","7","Yes",""
"2019/11/03 5:37:46 PM GMT+1","6","7","6","5","7","7","6","6","6","6","6","5","5","6","6","4","7","5","Yes",""
"2019/11/03 5:39:10 PM GMT+1","6","1","4","5","4","4","4","4","1","3","1","4","","1","1","1","2","8","Yes",""
"2019/11/03 5:40:59 PM GMT+1","6","5","6","6","6","7","5","6","6","7","7","6","","6","5","3","7","6","Yes","red_rash"
"2019/11/03 5:41:42 PM GMT+1","5","5","5","4","4","5","4","4","4","6","4","5","5","4","4","1","5","5","No","jayseff14"
"2019/11/03 5:42:20 PM GMT+1","5","1","1","4","2","1","6","1","1","5","2","1","1","3","3","1","1","9","Yes",""
"2019/11/03 5:43:15 PM GMT+1","6","3","4","3","3","6","4","4","5","7","6","","","","1","1","1","6","Yes",""
"2019/11/03 5:43:41 PM GMT+1","6","4","6","4","6","6","5","5","2","7","5","6","6","4","1","1","3","4","Yes",""
"2019/11/03 5:43:55 PM GMT+1","6","4","6","6","6","7","5","6","3","8","6","7","7","3","4","2","7","7","No",""
"2019/11/03 5:44:34 PM GMT+1","5","2","2","2","2","8","2","2","4","6","5","5","6","2","1","1","1","7","No","kidaa92"
"2019/11/03 5:44:54 PM GMT+1","6","6","6","5","5","6","6","5","4","7","4","5","5","4","4","5","4","7","Yes","hlben10"
"2019/11/03 5:45:21 PM GMT+1","5","4","4","3","6","7","5","5","3","5","4","","","2","2","1","1","7","Yes",""
"2019/11/03 5:45:33 PM GMT+1","6","5","5","4","4","7","4","6","4","6","5","6","6","6","4","3","5","5","No","Anirudh707"
"2019/11/03 5:48:35 PM GMT+1","7","4","5","5","5","7","5","5","5","8","6","6","7","6","2","3","5","5","No",""
"2019/11/03 5:49:01 PM GMT+1","5","6","6","3","6","6","5","4","4","4","4","5","5","3","2","2","1","5","No","thespyra"
"2019/11/03 5:49:05 PM GMT+1","6","6","5","4","5","6","7","7","5","7","6","","","","5","4","5","6","No","u/merchantj"
"2019/11/03 5:49:25 PM GMT+1","5","5","7","3","4","3","3","2","1","6","3","","","1","1","1","1","5","Yes",""
"2019/11/03 5:49:26 PM GMT+1","6","3","6","5","7","6","4","5","2","6","5","6","7","5","4","3","4","4","No",""
"2019/11/03 5:51:09 PM GMT+1","7","5","5","5","4","7","5","5","5","6","5","6","6","5","4","3","3","7","Yes","Shamikebab"
"2019/11/03 5:51:47 PM GMT+1","1","1","3","5","4","10","5","3","5","4","5","7","5","3","6","4","2","6","Yes",""
"2019/11/03 5:51:57 PM GMT+1","6","7","3","3","4","6","4","5","5","5","5","5","5","5","2","1","1","7","Yes",""
"2019/11/03 5:52:37 PM GMT+1","1","1","1","1","1","1","1","10","1","1","1","1","1","1","1","1","1","1","No",""
"2019/11/03 5:52:46 PM GMT+1","5","5","5","3","5","6","4","5","2","5","5","5","5","1","2","1","2","6","No",""
"2019/11/03 5:52:59 PM GMT+1","1","1","1","1","1","1","1","10","1","1","1","1","1","1","1","1","1","1","No",""
"2019/11/03 5:53:27 PM GMT+1","1","1","1","1","1","1","1","10","1","1","1","1","5","","1","1","1","1","No",""
"2019/11/03 5:53:52 PM GMT+1","1","1","1","1","1","1","1","10","1","1","1","1","1","1","1","1","1","1","No",""
"2019/11/03 5:54:17 PM GMT+1","1","1","1","1","1","1","1","10","1","1","1","1","1","1","1","1","1","1","No",""
"2019/11/03 5:54:40 PM GMT+1","1","1","1","1","1","1","1","10","1","1","1","1","1","1","1","1","1","1","No",""
"2019/11/03 5:55:05 PM GMT+1","1","1","1","1","1","1","1","10","1","1","1","1","1","1","1","1","1","1","No",""
"2019/11/03 5:55:26 PM GMT+1","1","1","1","1","1","1","1","10","1","1","1","1","1","1","1","1","1","1","No",""
"2019/11/03 5:55:47 PM GMT+1","1","1","1","1","1","1","1","10","1","1","1","1","1","1","1","1","1","1","No",""
"2019/11/03 5:56:08 PM GMT+1","1","1","1","1","1","1","1","10","1","1","1","1","1","1","1","1","1","1","No",""
"2019/11/03 5:56:34 PM GMT+1","7","5","6","4","4","6","5","5","4","6","5","","","","4","3","2","7","No","thebsoftelevision"
"2019/11/03 5:56:46 PM GMT+1","1","1","1","1","1","1","1","10","1","1","1","1","1","1","1","1","1","1","No",""
"2019/11/03 5:57:07 PM GMT+1","1","1","1","1","1","1","1","10","1","1","1","1","1","1","1","1","1","1","No",""
"2019/11/03 5:57:13 PM GMT+1","7","3","4","4","5","4","3","4","3","5","4","","5","5","3","2","1","6","Yes",""
"2019/11/03 5:57:25 PM GMT+1","6","6","6","6","7","5","6","5","5","6","5","","","","5","5","5","5","Yes",""
"2019/11/03 5:57:28 PM GMT+1","1","1","1","1","1","1","1","10","1","1","1","1","1","1","1","1","1","1","No",""
"2019/11/03 5:57:47 PM GMT+1","1","1","1","1","1","1","1","10","1","1","1","","","","1","1","1","1","No",""
"2019/11/03 5:58:06 PM GMT+1","7","5","6","6","5","7","5","5","4","8","6","7","6","6","4","2","3","6","Yes",""
"2019/11/03 5:58:13 PM GMT+1","1","1","1","1","1","1","1","10","1","1","1","","","1","1","1","1","1","No",""
"2019/11/03 5:58:38 PM GMT+1","1","1","1","1","1","1","1","10","1","1","1","1","1","1","1","1","1","1","No",""
"2019/11/03 5:59:00 PM GMT+1","1","1","1","1","1","1","1","10","1","1","1","1","1","1","1","1","1","1","No",""
"2019/11/03 5:59:20 PM GMT+1","1","1","1","1","1","1","1","10","1","1","1","1","1","1","1","1","1","1","No",""
"2019/11/03 5:59:35 PM GMT+1","6","7","6","6","4","7","7","5","3","5","5","7","5","4","4","1","4","5","Yes","Jfinzi14"
"2019/11/03 6:00:48 PM GMT+1","8","6","6","5","6","5","4","5","4","7","5","","","","4","2","5","7","Yes","BishopOdo"
"2019/11/03 6:01:57 PM GMT+1","1","1","1","1","1","1","1","1","1","1","1","1","1","1","1","1","1","1","Yes",""
"2019/11/03 6:02:16 PM GMT+1","1","1","1","1","1","1","1","1","1","1","1","1","1","1","1","1","1","1","Yes",""
"2019/11/03 6:02:18 PM GMT+1","6","4","4","4","4","6","4","5","3","6","5","","","","4","1","3","7","Yes",""
"2019/11/03 6:02:33 PM GMT+1","1","1","1","1","1","1","1","1","1","1","1","1","1","1","1","1","1","1","Yes",""
"2019/11/03 6:02:53 PM GMT+1","1","1","1","1","1","1","1","1","1","1","1","1","1","1","1","1","1","1","Yes",""
"2019/11/03 6:03:18 PM GMT+1","1","1","1","1","1","1","1","1","1","1","1","1","1","1","1","1","1","1","Yes",""
"2019/11/03 6:04:00 PM GMT+1","7","6","6","5","4","8","3","5","4","7","4","6","","","2","1","2","6","Yes","Martblni"
"2019/11/03 6:04:07 PM GMT+1","5","5","3","4","4","6","3","4","3","6","3","4","6","3","3","3","3","6","No",""
"2019/11/03 6:04:20 PM GMT+1","8","7","8","7","9","7","8","8","5","9","7","8","8","8","6","1","6","8","Yes",""
"2019/11/03 6:05:48 PM GMT+1","3","1","1","1","2","1","3","3","1","4","1","5","7","4","1","1","1","5","Yes",""
"2019/11/03 6:07:30 PM GMT+1","5","2","4","2","3","2","5","5","3","6","6","6","6","2","1","1","1","4","Yes",""
"2019/11/03 6:08:18 PM GMT+1","6","4","5","4","4","4","4","5","2","5","5","5","6","","2","2","5","7","Yes","commandoyoyo"
"2019/11/03 6:08:37 PM GMT+1","1","1","1","1","1","1","1","1","1","1","1","1","1","1","1","1","1","9","Yes",""
"2019/11/03 6:08:54 PM GMT+1","6","3","5","4","5","5","5","5","5","5","4","","","","5","1","2","5","Yes",""
"2019/11/03 6:09:38 PM GMT+1","6","4","5","3","6","6","6","5","5","6","4","5","5","2","4","1","1","7","Yes",""
"2019/11/03 6:09:39 PM GMT+1","6","7","5","5","7","8","5","7","6","7","5","6","6","4","6","1","7","7","No","u/TopNotchGamerr"
"2019/11/03 6:10:39 PM GMT+1","7","5","5","4","4","7","6","5","4","7","5","","","","5","3","5","7","Yes",""
"2019/11/03 6:14:49 PM GMT+1","4","6","4","3","5","6","4","5","2","4","3","","","","4","4","4","7","No","United_J"
"2019/11/03 6:16:57 PM GMT+1","6","3","5","5","3","2","4","2","1","1","1","2","3","1","1","1","1","7","Yes",""
"2019/11/03 6:16:58 PM GMT+1","6","4","6","5","6","6","6","5","4","5","5","6","5","5","4","3","4","6","No",""
"2019/11/03 6:17:16 PM GMT+1","5","4","5","5","6","6","5","5","3","5","5","5","5","5","4","1","3","7","Yes",""
"2019/11/03 6:17:33 PM GMT+1","7","5","6","5","4","6","3","6","2","5","4","5","6","5","4","3","3","7","Yes",""
"2019/11/03 6:19:05 PM GMT+1","6","4","4","4","4","4","4","6","5","6","5","6","6","5","4","1","2","6","Yes","iRegretLastNight "
"2019/11/03 6:19:31 PM GMT+1","6","4","5","2","3","5","4","5","2","4","4","3","3","2","1","1","1","6","Yes",""
"2019/11/03 6:21:28 PM GMT+1","5","5","5","5","4","5","5","5","4","6","6","","","","3","2","3","6","Yes",""
"2019/11/03 6:22:34 PM GMT+1","6","4","4","4","5","6","5","5","3","5","5","5","5","3","3","1","4","5","No","Calumbia05"
"2019/11/03 6:24:11 PM GMT+1","5","4","5","5","5","4","4","4","4","5","5","","","","2","1","4","5","No",""
"2019/11/03 6:25:53 PM GMT+1","6","5","4","4","5","7","5","5","4","5","4","7","5","6","3","1","3","3","No",""
"2019/11/03 6:28:31 PM GMT+1","7","6","5","5","5","7","5","4","5","7","6","7","8","5","4","5","5","6","Yes","JoseNEO"
"2019/11/03 6:31:17 PM GMT+1","5","2","5","5","4","5","5","6","5","7","5","5","6","5","4","3","3","5","Yes","EmperorMaugs"
"2019/11/03 6:32:29 PM GMT+1","6","5","5","4","4","7","5","5","4","6","6","6","6","5","5","1","4","7","Yes",""
"2019/11/03 6:34:59 PM GMT+1","7","3","4","5","6","7","6","4","4","2","2","5","6","1","2","3","2","6","No",""
"2019/11/03 6:35:33 PM GMT+1","5","4","5","4","4","5","5","5","5","5","5","","","","4","3","3","4","",""
"2019/11/03 6:36:35 PM GMT+1","5","6","6","5","6","6","5","5","5","6","5","","","","5","1","5","5","No",""
"2019/11/03 6:36:55 PM GMT+1","7","5","5","3","6","7","7","7","4","8","7","6","5","3","4","3","2","5","Yes","Kirit_SC"
"2019/11/03 6:37:20 PM GMT+1","7","3","5","5","4","8","3","5","3","4","4","","","3","3","2","2","7","Yes",""
"2019/11/03 6:39:25 PM GMT+1","6","5","5","5","6","6","5","5","3","5","4","5","5","3","4","2","3","7","Yes",""
"2019/11/03 6:39:50 PM GMT+1","7","6","6","5","4","6","4","6","4","7","3","","","","3","2","2","6","Yes",""
"2019/11/03 6:39:51 PM GMT+1","8","8","6","4","6","5","6","6","4","5","5","5","5","4","4","7","8","4","Yes","Amazingsod"
"2019/11/03 6:40:09 PM GMT+1","7","2","6","6","7","7","1","3","4","7","6","6","6","3","4","1","1","5","Yes",""
"2019/11/03 6:40:53 PM GMT+1","7","7","6","5","4","6","5","5","4","7","5","","","","5","1","3","4","Yes","kawhi_exe"
"2019/11/03 6:42:21 PM GMT+1","6","7","6","6","3","7","1","5","5","5","3","3","2","4","4","3","6","7","No",""
"2019/11/03 6:42:42 PM GMT+1","6","6","5","5","5","6","5","4","3","5","4","","","4","4","3","4","7","Yes",""
"2019/11/03 6:48:44 PM GMT+1","7","3","5","4","4","6","4","4","2","6","2","","","1","2","10","2","5","Yes",""
"2019/11/03 6:50:38 PM GMT+1","1","3","2","3","2","1","2","2","1","2","1","1","1","1","1","10","1","10","Yes",""
"2019/11/03 6:52:33 PM GMT+1","9","8","7","7","8","8","5","8","4","7","6","7","7","8","7","4","5","7","Yes",""
"2019/11/03 6:55:49 PM GMT+1","7","6","7","4","5","7","6","5","5","6","6","6","5","5","4","1","1","3","Yes",""
"2019/11/03 7:01:24 PM GMT+1","6","6","6","6","4","7","5","5","3","5","5","6","7","5","5","2","2","8","Yes",""
"2019/11/03 7:01:44 PM GMT+1","6","4","5","5","6","6","4","5","5","7","5","7","6","5","3","2","4","6","No","u/Prams35"
"2019/11/03 7:01:51 PM GMT+1","6","4","6","5","5","7","4","4","4","5","5","","","","4","3","2","7","Yes",""
"2019/11/03 7:04:53 PM GMT+1","7","4","5","5","6","6","6","5","5","7","5","6","6","4","4","4","3","6","",""
"2019/11/03 7:07:06 PM GMT+1","4","4","4","4","4","4","6","5","4","6","6","5","7","3","4","2","2","6","No",""
"2019/11/03 7:07:52 PM GMT+1","7","6","6","5","5","3","3","6","3","5","6","","","3","3","1","3","7","Yes","OldTrafford25"
"2019/11/03 7:08:21 PM GMT+1","5","5","5","5","4","6","5","5","5","6","5","6","5","5","4","4","1","7","No",""
"2019/11/03 7:08:26 PM GMT+1","7","5","4","2","5","6","6","5","3","7","5","6","6","6","2","2","3","3","Yes","cl_3000"
"2019/11/03 7:08:38 PM GMT+1","5","4","6","5","6","5","6","4","4","5","4","4","5","4","3","1","5","6","Yes",""
"2019/11/03 7:09:32 PM GMT+1","7","5","4","4","6","7","5","4","3","6","5","5","5","4","4","3","3","5","Yes",""
"2019/11/03 7:10:22 PM GMT+1","5","5","4","3","2","7","3","3","1","3","5","3","3","2","1","4","1","6","Yes",""
"2019/11/03 7:10:37 PM GMT+1","6","6","6","5","6","5","5","6","4","5","6","","","","3","3","4","5","No",""
"2019/11/03 7:18:11 PM GMT+1","6","6","5","4","5","5","4","6","5","7","6","7","6","5","5","4","4","6","No","fan_balae"
"2019/11/03 7:20:21 PM GMT+1","6","4","4","4","5","6","4","4","3","6","4","4","5","5","3","3","4","7","No",""
"2019/11/03 7:22:44 PM GMT+1","6","4","4","4","3","5","4","6","2","5","4","","","4","4","4","3","7","Yes",""
"2019/11/03 7:23:40 PM GMT+1","5","10","1","10","5","2","10","7","5","10","4","4","10","8","8","5","10","7","No",""
"2019/11/03 7:23:48 PM GMT+1","5","5","5","5","5","5","5","5","5","6","5","5","5","5","5","1","1","7","Yes","Liamrs24"
"2019/11/03 7:23:54 PM GMT+1","7","5","5","4","4","6","4","4","5","6","5","6","6","4","4","3","3","5","","jude_jf"
"2019/11/03 7:26:20 PM GMT+1","8","3","5","4","7","5","4","7","3","6","6","3","7","5","2","4","10","4","No",""
"2019/11/03 7:26:34 PM GMT+1","6","5","6","5","7","7","9","8","4","8","6","","","4","7","2","5","5","No","Tommyhatcher"
"2019/11/03 7:29:36 PM GMT+1","7","5","7","4","5","7","5","5","4","7","7","6","6","4","4","3","2","7","Yes","Silentpanda4"
"2019/11/03 7:29:36 PM GMT+1","6","4","5","4","5","5","5","4","4","4","4","5","4","4","4","4","4","5","Yes",""
"2019/11/03 7:31:38 PM GMT+1","7","5","6","5","5","7","7","6","7","7","6","6","7","7","5","3","4","6","No",""
"2019/11/03 7:35:17 PM GMT+1","7","3","5","5","4","4","4","5","4","6","5","6","6","5","5","3","6","6","No",""
"2019/11/03 7:36:49 PM GMT+1","6","5","5","5","4","6","5","4","4","4","4","6","6","4","5","4","3","6","Yes",""
"2019/11/03 7:37:09 PM GMT+1","6","6","5","4","4","7","4","4","5","6","4","5","5","5","3","3","5","6","Yes","ProfessorBroda"
"2019/11/03 7:38:15 PM GMT+1","6","5","5","4","6","8","5","6","5","6","6","5","6","6","3","3","2","6","Yes","Thegeometrist"
"2019/11/03 7:39:56 PM GMT+1","6","6","5","5","5","6","4","5","4","5","5","5","5","4","3","1","3","7","Yes",""
"2019/11/03 7:40:49 PM GMT+1","7","5","5","4","5","7","6","6","3","6","5","5","5","5","4","3","4","6","Yes","Aaronn210201 "
"2019/11/03 7:43:31 PM GMT+1","6","4","5","5","5","7","5","4","4","6","6","","","","4","6","3","4","Yes",""
"2019/11/03 7:44:07 PM GMT+1","5","2","4","3","5","6","4","4","2","5","4","4","4","2","2","2","2","6","Yes",""
"2019/11/03 7:45:47 PM GMT+1","1","1","1","1","1","1","1","1","1","1","1","1","1","1","1","10","1","10","Yes",""
"2019/11/03 7:46:06 PM GMT+1","5","3","3","3","4","5","4","4","2","5","3","6","6","3","3","1","3","7","Yes",""
"2019/11/03 7:51:18 PM GMT+1","6","4","4","4","4","5","6","6","5","6","6","","","","5","5","5","7","Yes","Google_Baba"
"2019/11/03 7:52:50 PM GMT+1","6","5","6","5","6","6","6","6","4","7","6","6","8","5","4","3","4","5","No",""
"2019/11/03 7:56:23 PM GMT+1","5","5","5","5","5","5","5","5","5","5","5","","","","5","1","1","7","Yes","Lethiee"
"2019/11/03 8:00:04 PM GMT+1","6","7","6","6","5","7","7","5","4","6","4","4","6","3","6","1","5","7","Yes","R4p"
"2019/11/03 8:00:09 PM GMT+1","5","5","6","3","5","6","6","5","3","5","4","","","","5","4","4","5","Yes",""
"2019/11/03 8:03:09 PM GMT+1","6","5","5","4","4","5","4","5","4","5","5","5","6","5","3","2","3","7","Yes","TwiggyUK"
"2019/11/03 8:06:02 PM GMT+1","5","5","5","5","5","6","4","6","3","5","5","6","7","4","3","3","3","6","Yes",""
"2019/11/03 8:07:10 PM GMT+1","7","3","5","4","5","8","5","5","4","6","5","7","7","2","3","3","2","5","Yes","Puffthebaker"
"2019/11/03 8:08:53 PM GMT+1","5","4","5","5","4","4","5","5","3","5","4","","","","4","1","5","5","No",""
"2019/11/03 8:10:21 PM GMT+1","5","5","6","4","5","7","7","6","6","6","6","6","6","6","5","2","5","3","Yes",""
"2019/11/03 8:13:10 PM GMT+1","7","5","5","5","4","6","5","5","4","5","4","6","7","3","4","3","3","5","No","NoXSleepy"
"2019/11/03 8:18:24 PM GMT+1","6","5","5","5","7","7","7","6","6","7","6","6","6","6","5","1","5","8","Yes",""
"2019/11/03 8:22:15 PM GMT+1","8","8","5","4","3","3","4","7","5","7","1","6","6","5","1","1","3","7","Yes",""
"2019/11/03 8:23:14 PM GMT+1","5","4","5","4","6","7","4","6","5","6","6","","","","4","4","3","5","","oleolemanutd_"
"2019/11/03 8:25:05 PM GMT+1","7","5","6","5","6","6","5","6","5","6","5","6","6","6","5","2","5","6","Yes","WhiteIverson77"
"2019/11/03 8:25:10 PM GMT+1","4","5","3","6","5","7","5","4","6","7","6","5","5","5","4","2","3","7","Yes",""
"2019/11/03 8:26:19 PM GMT+1","7","6","5","3","8","7","5","5","5","7","6","","","","4","1","1","7","","u/N3K-MINNIT"
"2019/11/03 8:38:03 PM GMT+1","7","4","6","5","4","4","7","4","4","6","5","5","5","3","3","2","4","4","Yes","ivs_sege"
"2019/11/03 8:43:36 PM GMT+1","7","5","5","5","5","6","4","5","4","6","6","7","7","4","3","2","4","6","Yes","Knikkaren"
"2019/11/03 8:45:59 PM GMT+1","6","4","6","5","6","6","6","6","6","6","5","6","6","5","4","4","3","8","Yes",""
"2019/11/03 8:56:35 PM GMT+1","7","7","4","6","6","7","7","4","1","5","5","6","5","5","4","2","4","8","Yes","helpmeobireddit"
"2019/11/03 8:56:51 PM GMT+1","10","2","2","2","2","10","2","2","2","2","1","","","1","10","10","10","1","",""
"2019/11/03 8:59:07 PM GMT+1","5","5","5","4","4","6","5","5","5","6","5","6","6","5","5","3","5","6","Yes","Reddy011"
"2019/11/03 9:03:18 PM GMT+1","7","5","5","5","5","7","6","6","5","6","6","6","7","2","6","5","5","7","No","U/olaisgood"
"2019/11/03 9:03:47 PM GMT+1","5","3","4","9","8","3","3","2","1","5","5","2","2","1","3","1","2","7","Yes",""
"2019/11/03 9:06:46 PM GMT+1","7","6","6","4","5","6","8","6","5","7","6","","","","4","3","4","5","Yes",""
"2019/11/03 9:08:48 PM GMT+1","5","4","4","4","6","5","5","6","4","6","5","6","6","6","4","2","2","8","Yes",""
"2019/11/03 9:09:07 PM GMT+1","6","2","3","4","4","7","6","6","1","7","3","7","6","5","2","1","1","7","Yes",""
"2019/11/03 9:09:22 PM GMT+1","5","5","4","4","3","6","4","3","3","4","5","","","","3","1","3","6","",""
"2019/11/03 9:15:18 PM GMT+1","5","5","5","3","5","5","4","4","3","4","4","6","5","5","2","1","4","4","Yes",""
"2019/11/03 9:16:27 PM GMT+1","7","5","5","5","4","6","4","4","4","6","3","6","6","4","3","1","1","6","Yes",""
"2019/11/03 9:16:29 PM GMT+1","5","3","4","4","4","4","5","4","3","5","5","","","","4","2","5","5","Yes",""
"2019/11/03 9:16:42 PM GMT+1","6","5","7","7","7","8","6","6","6","7","6","6","6","5","5","3","5","4","Yes",""
"2019/11/03 9:17:14 PM GMT+1","5","3","4","3","5","3","5","3","3","4","3","","","","2","3","3","6","Yes",""
"2019/11/03 9:19:06 PM GMT+1","6","3","2","2","5","6","4","3","1","5","2","","","","2","1","3","5","Yes",""
"2019/11/03 9:19:57 PM GMT+1","7","1","5","4","6","5","1","1","1","5","5","","","1","4","8","3","6","Yes",""
"2019/11/03 9:33:38 PM GMT+1","5","5","5","4","4","4","3","4","3","6","3","5","5","4","5","3","3","5","Yes","Arth_"
"2019/11/03 9:38:44 PM GMT+1","6","2","4","3","5","6","5","3","3","4","5","","","","2","1","3","7","Yes","empr_sulla"
"2019/11/03 9:43:55 PM GMT+1","7","4","7","3","4","4","5","3","3","7","5","4","5","2","3","3","3","5","Yes",""
"2019/11/03 9:45:56 PM GMT+1","6","4","4","4","7","4","5","5","3","5","5","6","7","6","4","2","7","5","No",""
"2019/11/03 9:49:10 PM GMT+1","5","5","4","3","4","5","3","3","3","5","4","5","4","4","3","3","2","4","Yes",""
"2019/11/03 9:50:07 PM GMT+1","6","5","6","6","6","7","4","5","4","7","5","","","","5","3","6","5","No","Treacy998"
"2019/11/03 9:50:26 PM GMT+1","4","1","3","5","8","1","2","1","6","4","2","","6","5","2","1","1","8","Yes","fred"
"2019/11/03 9:56:56 PM GMT+1","6","3","6","6","9","7","3","3","1","5","5","","","","1","1","2","5","Yes",""
"2019/11/03 9:58:55 PM GMT+1","2","2","1","1","1","2","2","2","1","2","2","1","1","","2","10","9","5","Yes",""
"2019/11/03 10:00:20 PM GMT+1","5","4","5","4","4","7","6","6","3","7","6","","","4","3","2","4","8","Yes",""
"2019/11/03 10:01:48 PM GMT+1","6","4","6","7","7","3","5","6","5","6","5","","","","6","2","6","6","Yes",""
"2019/11/03 10:03:27 PM GMT+1","7","1","6","6","8","5","5","4","4","6","4","","7","1","5","3","3","7","Yes",""
"2019/11/03 10:03:46 PM GMT+1","7","3","4","4","5","5","7","6","4","5","5","6","6","3","3","3","2","7","Yes",""
"2019/11/03 10:07:27 PM GMT+1","6","8","6","5","1","5","7","7","8","8","6","","","","6","7","8","10","Yes",""
"2019/11/03 10:07:40 PM GMT+1","6","4","4","3","5","4","4","4","2","5","4","6","7","3","2","1","1","7","No",""
"2019/11/03 10:10:06 PM GMT+1","5","4","5","6","4","6","5","3","6","4","3","3","5","4","4","2","4","5","Yes","u/availableusername10"
"2019/11/03 10:18:44 PM GMT+1","6","6","3","4","5","7","4","5","4","7","4","","","","3","4","1","5","Yes",""
"2019/11/03 10:19:25 PM GMT+1","9","8","6","4","5","7","5","7","4","7","6","7","9","2","2","2","1","3","Yes","vodkaki"
"2019/11/03 10:24:50 PM GMT+1","6","5","5","4","5","7","6","5","4","6","5","","","","1","1","1","6","Yes",""
"2019/11/03 10:29:29 PM GMT+1","7","6","6","6","5","7","6","6","5","7","6","6","6","6","4","4","4","6","Yes","JustinGue"
"2019/11/03 10:34:53 PM GMT+1","7","6","5","5","6","6","6","6","5","6","5","6","6","5","4","3","4","5","Yes",""
"2019/11/03 10:36:12 PM GMT+1","7","4","5","4","5","7","5","5","4","5","5","5","7","3","3","2","3","3","No","Arturio"
"2019/11/03 10:39:57 PM GMT+1","6","5","5","4","4","6","5","4","3","6","3","5","5","3","4","1","1","5","Yes","xtal191"
"2019/11/03 10:43:19 PM GMT+1","7","4","6","5","8","7","5","8","1","6","6","7","6","1","4","4","1","7","Yes","u/ ItsYaBoiRayRay"
"2019/11/03 10:43:38 PM GMT+1","4","3","5","4","5","6","7","6","5","5","5","6","6","3","4","3","2","6","Yes","Retiredpenguin"
"2019/11/03 10:48:58 PM GMT+1","6","7","6","6","6","8","6","6","7","6","7","7","6","5","5","4","4","6","Yes","AwesomeGuy97"
"2019/11/03 10:52:22 PM GMT+1","6","5","6","8","6","2","6","4","2","4","4","5","8","6","2","1","4","8","Yes",""
"2019/11/03 10:54:58 PM GMT+1","6","5","5","4","4","6","6","6","5","5","5","6","5","5","4","1","3","8","Yes","ItchaBoiSid"
"2019/11/03 10:55:16 PM GMT+1","7","5","5","4","3","5","6","4","1","6","4","","","","3","2","3","5","No",""
"2019/11/03 11:02:22 PM GMT+1","6","3","6","3","6","7","5","6","5","7","5","7","6","6","4","1","2","5","Yes","VoidCake"
"2019/11/03 11:03:31 PM GMT+1","7","6","5","4","6","5","6","5","3","6","5","6","","5","4","3","6","6","Yes",""
"2019/11/03 11:05:39 PM GMT+1","5","3","3","3","5","7","4","4","5","5","5","","","","3","1","4","4","Yes",""
"2019/11/03 11:06:42 PM GMT+1","5","5","4","3","6","7","4","5","4","6","5","5","5","5","4","3","5","5","No",""
"2019/11/03 11:09:12 PM GMT+1","6","5","6","5","5","5","5","5","5","6","5","7","7","5","4","3","3","5","Yes",""
"2019/11/03 11:09:21 PM GMT+1","8","7","7","8","9","7","9","10","8","9","7","9","10","8","8","4","7","9","Yes",""
"2019/11/03 11:11:12 PM GMT+1","7","5","4","3","5","5","3","3","2","6","5","5","5","4","2","3","3","5","Yes",""
"2019/11/03 11:13:23 PM GMT+1","9","7","6","6","6","9","7","8","8","8","7","9","9","8","8","1","7","5","Yes",""
"2019/11/03 11:22:46 PM GMT+1","6","2","7","7","7","8","7","6","2","7","6","9","9","2","5","1","2","5","No","jfred106"
"2019/11/03 11:26:29 PM GMT+1","9","6","5","5","8","2","7","8","6","7","8","","","","1","1","4","8","",""
"2019/11/03 11:27:58 PM GMT+1","6","5","4","3","3","7","4","5","3","6","5","5","6","2","2","2","2","5","Yes",""
"2019/11/03 11:31:59 PM GMT+1","6","4","6","4","5","4","6","5","4","6","5","5","5","4","4","1","5","6","Yes","Digiplay"
"2019/11/03 11:32:07 PM GMT+1","7","6","4","5","3","7","3","4","4","3","5","","","","2","1","1","7","Yes",""
"2019/11/03 11:35:27 PM GMT+1","5","5","6","5","7","7","8","8","7","7","7","6","6","5","4","3","5","5","Yes",""
"2019/11/03 11:35:56 PM GMT+1","7","5","6","4","7","5","5","7","7","6","8","","","","4","4","5","7","No",""
"2019/11/03 11:38:31 PM GMT+1","5","4","3","3","3","7","5","5","3","6","4","7","8","2","3","1","1","8","No",""
"2019/11/03 11:41:55 PM GMT+1","7","5","6","5","4","6","5","5","3","7","5","","","","2","1","1","2","Yes","Thesplank "
"2019/11/03 11:54:49 PM GMT+1","7","1","4","4","5","6","6","4","1","5","5","6","8","1","3","1","1","6","Yes","shrimpeh007"
"2019/11/03 11:55:18 PM GMT+1","5","6","4","4","5","7","5","6","4","6","6","5","6","6","3","3","3","7","Yes","u/19-3-3-0-0"
"2019/11/03 11:56:08 PM GMT+1","6","5","7","6","5","6","5","5","5","5","5","5","5","5","6","5","4","7","Yes",""
"2019/11/03 11:59:06 PM GMT+1","7","3","5","3","5","6","5","5","3","5","5","5","7","3","4","3","2","6","No",""
"2019/11/04 12:00:47 AM GMT+1","7","6","5","5","4","6","5","6","3","5","3","6","5","5","5","4","2","7","Yes",""
"2019/11/04 12:01:04 AM GMT+1","7","6","6","5","5","7","7","6","5","5","6","","","","5","3","6","5","No",""
"2019/11/04 12:01:56 AM GMT+1","5","5","5","3","5","6","5","5","5","7","5","","","","3","3","3","5","Yes",""
"2019/11/04 12:05:31 AM GMT+1","6","4","5","4","5","6","5","5","3","7","6","","","","4","4","4","5","Yes",""
"2019/11/04 12:05:39 AM GMT+1","7","5","7","6","6","7","6","6","6","7","6","7","8","5","6","4","5","7","Yes","u/Lavishgoblin2"
"2019/11/04 12:10:20 AM GMT+1","6","7","4","4","5","6","6","6","6","6","6","6","7","2","4","4","7","4","No","Ezekiel2517"
"2019/11/04 12:14:47 AM GMT+1","5","4","4","3","5","7","5","3","5","6","4","4","6","5","2","1","2","4","Yes",""
"2019/11/04 12:22:49 AM GMT+1","6","6","6","5","5","4","7","5","4","7","6","6","6","5","3","1","4","8","No","Akselerate"
"2019/11/04 12:25:12 AM GMT+1","6","4","5","5","6","5","4","6","2","6","6","","","2","2","7","2","7","Yes",""
"2019/11/04 12:29:19 AM GMT+1","6","6","4","4","5","6","5","5","3","4","5","6","6","4","4","4","4","6","Yes","TheFoggyShrew"
"2019/11/04 12:39:19 AM GMT+1","6","5","5","6","6","7","5","6","5","6","6","6","5","5","5","3","4","7","Yes",""
"2019/11/04 12:40:42 AM GMT+1","5","5","5","5","5","5","4","4","3","5","3","6","6","4","3","2","2","6","No","MUFCMancunian1999"
"2019/11/04 12:42:47 AM GMT+1","6","6","5","5","6","7","4","7","6","6","6","5","5","5","3","3","4","6","Yes","BBQ HAX"
"2019/11/04 12:58:26 AM GMT+1","6","6","5","5","5","7","4","4","3","5","4","6","6","7","4","2","3","8","Yes",""
"2019/11/04 12:59:35 AM GMT+1","6","5","6","4","5","7","4","4","3","5","4","5","5","4","4","4","3","5","Yes","Steupz"
"2019/11/04 1:00:01 AM GMT+1","7","6","5","5","7","6","7","6","5","6","6","6","6","6","5","1","6","7","No",""
"2019/11/04 1:07:27 AM GMT+1","5","4","4","4","4","6","4","4","3","4","3","4","4","3","3","1","5","5","Yes","fairlyrandom"
"2019/11/04 1:17:09 AM GMT+1","6","5","6","6","4","7","6","5","4","8","4","6","7","","5","2","6","7","No",""
"2019/11/04 1:22:38 AM GMT+1","6","3","4","3","4","6","4","5","3","6","5","5","5","2","3","1","1","8","No",""
"2019/11/04 1:25:40 AM GMT+1","6","5","5","4","5","6","5","5","4","5","5","","","","4","1","3","6","",""
"2019/11/04 1:35:39 AM GMT+1","7","6","6","5","4","4","6","6","4","7","7","6","6","7","6","6","6","8","Yes",""
"2019/11/04 1:36:55 AM GMT+1","6","6","5","4","5","7","6","6","4","6","6","7","7","5","3","3","4","6","Yes",""
"2019/11/04 1:45:05 AM GMT+1","6","6","5","5","5","7","6","5","4","7","4","","","","4","4","6","5","Yes","proxipioneer"
"2019/11/04 1:49:07 AM GMT+1","6","5","6","7","5","7","4","6","5","7","6","","","","5","4","4","5","No",""
"2019/11/04 1:58:24 AM GMT+1","6","5","6","4","7","6","5","6","4","6","7","","","","4","4","5","5","Yes",""
"2019/11/04 2:02:50 AM GMT+1","6","5","5","4","5","6","5","5","2","5","5","3","5","2","3","7","2","6","Yes","guest"
"2019/11/04 2:10:17 AM GMT+1","6","4","3","2","3","5","3","4","1","4","2","3","","3","3","3","4","6","Yes",""
"2019/11/04 2:26:10 AM GMT+1","8","6","6","6","7","7","7","6","6","8","7","7","7","6","6","3","4","5","Yes",""
"2019/11/04 2:50:37 AM GMT+1","6","5","5","5","4","5","6","5","5","6","6","5","6","5","3","3","5","7","Yes","Desssel"
"2019/11/04 3:05:49 AM GMT+1","5","6","6","6","5","5","6","5","4","5","6","","","5","3","1","4","6","No","Thy_Shite"
"2019/11/04 3:09:50 AM GMT+1","5","4","5","3","4","5","5","5","4","5","5","5","","","3","5","3","6","","Xaphawk"
"2019/11/04 3:10:55 AM GMT+1","6","6","5","6","5","6","6","6","6","6","6","6","6","6","4","1","5","7","Yes",""
"2019/11/04 3:36:37 AM GMT+1","9","5","6","6","6","9","2","5","4","7","7","6","6","7","3","2","6","6","No","Jamessug"
"2019/11/04 4:07:15 AM GMT+1","6","5","5","4","5","6","5","5","5","6","4","5","5","5","4","2","4","7","Yes","Gautham2707"
"2019/11/04 4:50:19 AM GMT+1","7","5","6","3","5","6","3","3","1","6","3","6","6","6","2","1","1","6","Yes","Lord--of--Light"
"2019/11/04 5:00:26 AM GMT+1","5","3","4","4","3","7","6","6","5","6","5","","7","4","3","2","1","7","No",""
"2019/11/04 5:48:52 AM GMT+1","7","6","6","4","4","7","4","6","5","6","2","","","","3","3","5","7","Yes",""
"2019/11/04 5:53:08 AM GMT+1","5","5","4","4","5","6","5","5","4","7","5","5","6","5","4","3","2","7","No",""
"2019/11/04 6:18:09 AM GMT+1","7","6","6","6","5","7","5","6","6","6","6","6","6","6","6","3","6","5","Yes","u/Happytoraiseyourday"
"2019/11/04 6:19:31 AM GMT+1","7","6","6","5","5","6","6","6","4","5","5","5","7","4","4","3","5","6","Yes",""
"2019/11/04 6:20:08 AM GMT+1","6","4","4","4","3","5","5","5","2","5","5","4","5","5","1","1","2","9","Yes",""
"2019/11/04 6:21:30 AM GMT+1","7","4","5","4","4","6","6","5","4","5","5","5","","","3","2","2","2","Yes","Mattops007"
"2019/11/04 6:39:03 AM GMT+1","5","6","6","1","7","6","8","6","6","9","6","","","","4","1","3","7","No",""
"2019/11/04 6:41:44 AM GMT+1","6","5","6","4","4","7","5","5","4","6","6","6","6","5","5","4","5","6","Yes",""
"2019/11/04 6:48:54 AM GMT+1","5","5","5","4","8","6","5","5","5","5","5","5","5","5","4","4","3","7","Yes","aniruddhsoman"
"2019/11/04 7:09:32 AM GMT+1","7","5","6","5","8","6","7","7","4","8","8","7","7","5","4","4","6","5","Yes","LegionCrypt"
"2019/11/04 7:19:31 AM GMT+1","4","3","2","1","3","2","3","3","1","5","3","5","3","1","2","2","1","7","No",""
"2019/11/04 7:45:15 AM GMT+1","6","4","6","5","6","7","5","6","4","7","6","4","6","4","5","5","5","7","No","Cephei2"
"2019/11/04 7:46:53 AM GMT+1","9","6","6","6","7","7","7","5","5","8","6","8","8","4","5","1","6","6","Yes","-RedditGuy"
"2019/11/04 7:49:07 AM GMT+1","6","3","5","3","3","3","4","5","2","5","2","5","5","5","2","2","2","6","No",""
"2019/11/04 8:10:35 AM GMT+1","7","2","4","5","5","6","6","6","3","6","6","6","7","5","3","1","4","6","No","kiiras"
"2019/11/04 8:11:36 AM GMT+1","5","4","5","3","8","6","6","7","6","8","5","7","7","6","5","3","5","5","Yes","Lower_Recommendation"
"2019/11/04 8:24:17 AM GMT+1","6","5","5","5","5","7","5","6","4","6","5","6","7","6","6","4","5","7","",""
"2019/11/04 8:42:35 AM GMT+1","6","5","5","5","5","7","5","5","4","6","5","","","","3","3","4","8","Yes",""
"2019/11/04 8:45:09 AM GMT+1","7","6","6","4","5","6","4","4","3","6","5","","","6","5","2","3","7","No",""
"2019/11/04 8:54:50 AM GMT+1","6","5","9","7","6","6","5","7","1","6","6","6","","6","5","1","6","7","Yes",""
"2019/11/04 9:09:18 AM GMT+1","5","4","5","5","6","6","6","5","4","5","5","4","4","3","5","3","3","7","Yes",""
"2019/11/04 9:14:44 AM GMT+1","7","5","5","4","5","7","5","7","7","6","6","8","7","","4","3","4","9","Yes","SparksV"
"2019/11/04 9:15:58 AM GMT+1","5","4","4","3","5","6","4","4","2","4","5","","","","2","2","1","8","No","dynamicthetoon"
"2019/11/04 9:25:28 AM GMT+1","6","6","5","5","5","6","6","6","5","7","7","6","6","2","4","3","4","7","Yes",""
"2019/11/04 9:29:09 AM GMT+1","7","3","3","3","4","5","3","5","2","4","4","5","6","2","3","1","2","6","Yes",""
"2019/11/04 9:35:56 AM GMT+1","7","7","6","6","6","6","6","5","5","5","5","","","","4","2","4","8","Yes",""
"2019/11/04 9:53:51 AM GMT+1","6","5","4","4","4","5","3","2","2","4","2","","","","1","1","1","8","",""
"2019/11/04 10:03:10 AM GMT+1","6","5","5","5","5","5","5","5","4","5","5","6","6","5","5","4","4","6","Yes",""
"2019/11/04 10:05:34 AM GMT+1","6","4","6","5","7","7","5","6","3","5","5","6","7","5","4","4","4","5","Yes",""
"2019/11/04 10:07:28 AM GMT+1","5","3","5","4","4","5","3","3","1","6","4","","","1","2","1","1","5","Yes","plasticbits "
"2019/11/04 10:07:57 AM GMT+1","5","5","5","4","6","6","6","5","5","6","6","","","","4","3","4","6","No",""
"2019/11/04 10:15:12 AM GMT+1","7","5","5","5","5","6","5","5","5","6","5","6","7","6","4","3","5","6","Yes","endofnight"
"2019/11/04 10:19:13 AM GMT+1","7","4","5","5","8","7","5","6","4","5","6","","","","4","3","2","5","Yes",""
"2019/11/04 10:29:24 AM GMT+1","1","1","1","1","1","1","1","1","1","1","1","1","1","10","1","10","10","10","No",""
"2019/11/04 10:33:28 AM GMT+1","7","5","5","4","5","6","5","6","4","7","6","6","6","6","3","2","4","6","No",""
"2019/11/04 10:34:41 AM GMT+1","7","4","3","2","3","7","5","5","4","6","4","5","8","3","1","1","1","8","Yes",""
"2019/11/04 10:38:04 AM GMT+1","7","3","6","5","7","5","5","5","5","7","5","5","6","5","5","4","3","6","Yes",""
"2019/11/04 10:57:39 AM GMT+1","7","7","7","7","7","7","7","7","7","7","7","7","7","7","7","7","7","7","No","4"
"2019/11/04 10:59:26 AM GMT+1","6","5","4","4","5","6","4","5","4","5","6","","","","3","3","4","7","",""
"2019/11/04 11:03:32 AM GMT+1","10","10","10","10","10","10","10","10","10","10","10","10","10","10","10","10","10","10","Yes","Oleisafootballgenius"
"2019/11/04 11:18:56 AM GMT+1","6","5","5","5","5","4","4","4","4","7","5","5","5","5","4","2","2","6","Yes",""
"2019/11/04 11:20:41 AM GMT+1","6","4","5","6","5","5","4","5","3","6","5","5","7","5","4","1","3","8","No",""
"2019/11/04 11:27:20 AM GMT+1","6","6","5","5","6","6","7","5","5","5","5","6","6","5","5","1","5","7","Yes",""
"2019/11/04 11:28:48 AM GMT+1","6","4","5","4","5","5","4","6","5","6","5","","","","3","4","1","5","Yes",""
"2019/11/04 11:31:17 AM GMT+1","4","4","4","4","4","4","4","4","3","5","4","","","","4","2","1","5","Yes",""
"2019/11/04 11:31:56 AM GMT+1","6","6","6","6","5","6","6","5","7","7","6","8","8","4","5","3","6","5","Yes",""
"2019/11/04 11:44:24 AM GMT+1","6","5","5","4","5","6","5","6","5","5","5","6","","5","3","3","4","6","",""
"2019/11/04 11:46:00 AM GMT+1","5","4","5","5","5","4","5","5","4","5","4","5","5","4","3","1","5","4","Yes",""
"2019/11/04 11:50:45 AM GMT+1","5","4","4","4","5","4","5","3","4","4","6","","","","3","1","2","6","Yes",""
"2019/11/04 12:05:38 PM GMT+1","7","5","7","5","7","7","6","3","1","5","3","6","8","1","2","1","3","5","Yes",""
"2019/11/04 12:10:30 PM GMT+1","6","6","5","4","4","6","4","5","3","6","4","5","5","4","4","1","4","4","",""
"2019/11/04 12:20:05 PM GMT+1","5","5","5","5","5","5","3","4","3","3","3","4","4","4","2","1","3","5","No",""
"2019/11/04 12:22:14 PM GMT+1","5","3","3","5","5","4","2","4","1","4","4","5","4","4","2","1","5","6","Yes",""
"2019/11/04 12:31:56 PM GMT+1","7","7","7","6","4","7","7","6","5","7","6","8","7","5","2","2","3","6","Yes",""
"2019/11/04 12:34:54 PM GMT+1","7","5","6","6","7","1","4","4","2","7","6","","","3","2","2","5","7","No",""
"2019/11/04 12:41:04 PM GMT+1","5","5","5","5","6","5","4","5","4","5","4","5","5","5","4","3","5","5","Yes",""
"2019/11/04 12:51:01 PM GMT+1","6","6","6","5","6","5","5","5","5","8","6","6","8","4","5","2","3","6","No","tomzzaa"
"2019/11/04 1:01:09 PM GMT+1","7","5","5","4","7","7","6","6","5","6","6","","","","5","4","4","6","",""
"2019/11/04 1:26:24 PM GMT+1","7","5","5","4","4","7","6","5","3","4","5","","","","2","1","1","8","Yes",""
"2019/11/04 1:31:21 PM GMT+1","7","5","6","4","5","7","5","6","4","6","5","","","","5","4","4","6","Yes",""
"2019/11/04 1:49:06 PM GMT+1","6","4","4","4","5","5","4","5","4","5","2","5","4","1","1","1","1","8","Yes","Kidscancalluhoju"
"2019/11/04 1:58:57 PM GMT+1","5","5","5","5","4","4","5","5","1","6","5","7","7","4","2","1","2","7","Yes",""
"2019/11/04 2:02:51 PM GMT+1","4","3","5","2","5","6","5","4","4","5","5","3","4","2","4","3","2","6","Yes","Zin-fed"
"2019/11/04 2:41:23 PM GMT+1","5","3","6","5","6","5","6","6","3","6","4","","","","4","4","3","7","Yes","hoysoyhoy"
"2019/11/04 2:46:07 PM GMT+1","4","4","3","3","5","5","5","4","4","6","4","4","4","3","3","2","3","4","No",""
"2019/11/04 2:49:44 PM GMT+1","7","5","5","4","5","6","6","5","5","7","6","","6","4","3","1","3","5","Yes",""
"2019/11/04 3:13:26 PM GMT+1","6","6","6","5","6","7","6","6","6","6","6","6","6","5","5","5","4","7","No",""
"2019/11/04 3:16:16 PM GMT+1","5","6","5","4","6","8","3","6","3","7","7","","","","4","2","1","10","Yes","xlint"
"2019/11/04 3:20:41 PM GMT+1","5","3","4","5","5","4","5","5","5","6","2","5","5","2","5","4","4","5","No",""
"2019/11/04 3:37:38 PM GMT+1","7","7","6","6","6","8","4","5","2","7","5","7","","","4","2","2","4","No",""
"2019/11/04 3:40:13 PM GMT+1","7","7","7","6","8","7","6","7","5","7","6","6","6","5","6","3","3","6","Yes",""
"2019/11/04 3:56:16 PM GMT+1","6","4","5","5","6","5","6","5","5","6","5","5","6","4","3","2","3","6","Yes","fuck_you_skittles"
"2019/11/04 4:01:19 PM GMT+1","7","5","6","4","6","6","5","7","3","7","5","","","2","3","2","1","6","Yes","ace_valentine"
"2019/11/04 4:23:57 PM GMT+1","6","3","5","3","4","6","5","5","4","6","3","6","6","4","1","3","3","6","No",""
"2019/11/04 4:27:49 PM GMT+1","6","5","5","4","7","6","4","5","5","7","6","5","5","5","5","1","5","7","Yes","azthjw"
"2019/11/04 5:15:14 PM GMT+1","7","4","5","3","4","6","4","6","3","6","6","","7","1","2","1","1","8","No","edmmayhem"
"2019/11/04 6:30:17 PM GMT+1","9","3","4","2","5","4","8","5","4","8","4","5","6","5","5","4","5","6","No",""
"2019/11/04 6:38:13 PM GMT+1","5","4","4","5","6","7","5","5","4","5","6","","","","4","3","5","6","No","GJCoxy"
"2019/11/04 6:47:20 PM GMT+1","7","5","5","5","5","4","4","4","4","5","5","5","5","6","3","3","4","5","Yes",""
"2019/11/04 6:50:35 PM GMT+1","7","4","7","4","5","5","5","4","4","8","5","","","","4","2","3","6","No","unusedtalent"
"2019/11/04 7:53:30 PM GMT+1","5","5","5","5","4","4","6","5","3","5","5","","","","4","3","3","4","No",""
"2019/11/04 9:06:27 PM GMT+1","6","7","6","4","5","7","4","6","2","7","7","7","5","4","4","2","2","7","Yes",""
"2019/11/04 9:55:32 PM GMT+1","7","5","5","5","6","7","9","6","8","8","6","","","","5","3","9","8","Yes",""
"2019/11/04 10:55:47 PM GMT+1","7","6","7","6","6","8","6","6","6","7","6","6","6","6","6","4","7","6","Yes","mocthezuma"
"2019/11/05 12:51:24 AM GMT+1","6","5","6","6","6","4","6","6","5","6","6","6","6","5","4","3","5","5","Yes","Disabledleftshark"
"2019/11/05 1:27:52 AM GMT+1","5","5","6","1","5","5","5","5","1","6","5","5","5","1","1","1","1","1","No",""
"2019/11/05 4:29:42 AM GMT+1","6","6","4","4","5","7","4","5","5","6","6","6","9","5","2","1","2","5","No",""