"Timestamp","David de Gea","Brandon Williams","Harry Maguire","Victor Lindelof","Aaron Wan-Bissaka","Fred","Scott McTominay","Marcus Rashford","Andreas Pereira","Daniel James","Anthony Martial","Jesse Lingard (optional)","Team Performance","Final Result","Ole Solskjaer","Brighton","Did the ref/VAR do a good job? (optional / please be unbiased)","Your Reddit username please (optional)"
"2019/11/11 2:42:01 PM GMT+1","6","8","7","7","8","8","7","8","6","8","8","3","9","8","9","4","Yes",""
"2019/11/11 2:42:13 PM GMT+1","6","8","8","5","6","8","7","7","6","7","7","6","7","7","7","4","Yes",""
"2019/11/11 2:42:28 PM GMT+1","7","7","7","6","7","8","6","7","6","7","7","5","8","7","7","4","Yes",""
"2019/11/11 2:43:20 PM GMT+1","6","8","6","7","6","9","7","8","6","8","8","5","8","7","7","3","Yes","Yes"
"2019/11/11 2:43:20 PM GMT+1","6","9","8","8","8","9","8","8","6","9","8","10","10","10","6","6","No",""
"2019/11/11 2:43:30 PM GMT+1","6","8","7","7","8","9","7","8","6","8","9","7","8","8","10","7","Yes",""
"2019/11/11 2:43:32 PM GMT+1","7","9","8","7","8","8","8","8","6","8","8","","8","10","8","4","Yes",""
"2019/11/11 2:43:33 PM GMT+1","7","7","7","7","9","8","8","7","8","9","8","8","9","8","9","7","No",""
"2019/11/11 2:43:37 PM GMT+1","5","7","6","6","8","8","7","9","6","6","7","4","8","8","7","5","Yes",""
"2019/11/11 2:44:59 PM GMT+1","7","8","7","6","6","6","8","9","6","8","7","4","7","7","6","4","Yes",""
"2019/11/11 2:45:00 PM GMT+1","7","8","8","7","8","9","9","9","7","9","9","","9","8","8","5","Yes","iiiiaaaaa"
"2019/11/11 2:45:13 PM GMT+1","7","7","7","7","7","8","6","7","6","7","7","7","8","8","7","5","Yes",""
"2019/11/11 2:45:36 PM GMT+1","6","8","6","6","8","8","8","8","7","8","8","5","8","8","8","4","Yes",""
"2019/11/11 2:45:59 PM GMT+1","6","7","7","6","7","8","8","7","7","8","8","6","8","8","8","6","Yes","Ras_OKan"
"2019/11/11 2:46:07 PM GMT+1","8","7","6","5","8","8","8","6","7","9","9","","7","7","4","5","","BaconDalek"
"2019/11/11 2:46:29 PM GMT+1","6","7","7","7","8","8","7","8","7","8","9","7","8","7","9","3","No","fathermath"
"2019/11/11 2:46:45 PM GMT+1","6","7","6","5","7","8","6","8","6","7","9","5","8","7","7","6","Yes","Gxlfwang"
"2019/11/11 2:46:47 PM GMT+1","8","9","9","7","9","9","8","8","7","9","8","5","9","7","8","4","Yes",""
"2019/11/11 2:46:57 PM GMT+1","6","7","7","6","7","7","7","7","6","8","8","6","7","7","6","5","Yes",""
"2019/11/11 2:46:58 PM GMT+1","7","8","7","5","6","7","7","7","6","8","8","4","7","7","8","5","Yes","pedermr"
"2019/11/11 2:47:41 PM GMT+1","6","8","8","6","8","8","7","8","7","8","9","7","8","8","8","6","Yes",""
"2019/11/11 2:47:52 PM GMT+1","6","8","8","6","7","9","9","8","7","7","8","6","7","7","6","4","Yes",""
"2019/11/11 2:47:53 PM GMT+1","6","6","7","6","6","8","6","7","6","7","8","","8","8","8","3","No","jonwinslol"
"2019/11/11 2:48:39 PM GMT+1","5","7","7","7","7","9","7","8","5","8","9","7","8","9","6","5","No","Anirudh707"
"2019/11/11 2:48:53 PM GMT+1","5","8","7","7","8","9","6","7","6","8","9","7","8","8","8","4","Yes",""
"2019/11/11 2:49:05 PM GMT+1","7","7","7","7","8","9","7","8","6","8","8","6","9","10","8","5","Yes",""
"2019/11/11 2:49:42 PM GMT+1","5","7","9","6","6","7","7","6","5","7","8","6","8","6","7","5","Yes","vedomufc"
"2019/11/11 2:49:42 PM GMT+1","8","9","8","8","9","10","9","8","6","9","9","5","9","8","8","2","Yes",""
"2019/11/11 2:50:06 PM GMT+1","7","9","8","8","9","9","9","8","8","10","10","8","9","9","8","3","Yes",""
"2019/11/11 2:50:09 PM GMT+1","6","7","7","6","7","7","6","7","7","7","7","6","8","7","8","6","Yes","Cvein"
"2019/11/11 2:51:23 PM GMT+1","7","8","8","7","8","9","9","8","7","10","8","7","8","8","8","4","Yes",""
"2019/11/11 2:51:33 PM GMT+1","6","8","8","6","8","9","8","7","7","8","8","6","9","8","8","7","Yes",""
"2019/11/11 2:51:45 PM GMT+1","6","6","7","6","7","8","7","8","6","8","7","","7","7","7","5","Yes",""
"2019/11/11 2:52:31 PM GMT+1","6","8","7","7","7","8","6","7","7","8","8","6","9","8","8","5","Yes","ItchaBoiSid"
"2019/11/11 2:52:51 PM GMT+1","6","7","6","7","7","8","6","5","6","7","9","5","7","7","5","3","No","Shamikebab"
"2019/11/11 2:53:45 PM GMT+1","7","8","7","7","8","9","9","9","7","8","9","","8","8","8","6","",""
"2019/11/11 2:54:42 PM GMT+1","5","8","6","5","5","7","7","7","5","8","8","6","7","7","7","3","No","u/classicalnair"
"2019/11/11 2:55:26 PM GMT+1","7","8","7","7","8","7","7","8","6","7","8","6","7","7","7","6","Yes","bertalan016"
"2019/11/11 2:55:30 PM GMT+1","6","8","7","6","7","9","8","7","5","7","9","6","8","8","6","6","Yes",""
"2019/11/11 2:55:37 PM GMT+1","6","7","6","6","7","9","8","8","6","8","9","6","8","8","9","5","No",""
"2019/11/11 2:55:41 PM GMT+1","7","8","7","7","7","8","7","7","7","8","8","7","8","9","7","5","No",""
"2019/11/11 2:55:46 PM GMT+1","6","8","7","7","8","9","8","7","7","8","8","","9","9","9","4","Yes",""
"2019/11/11 2:55:56 PM GMT+1","7","8","8","6","8","9","7","8","7","9","10","6","8","6","8","5","",""
"2019/11/11 2:57:19 PM GMT+1","7","8","7","7","7","8","8","7","7","8","8","6","8","8","7","7","No",""
"2019/11/11 2:57:22 PM GMT+1","5","8","8","8","7","9","8","7","5","8","9","6","9","8","8","3","Yes","RedDevil132"
"2019/11/11 2:57:30 PM GMT+1","7","7","7","8","7","9","8","8","7","9","8","7","9","8","8","5","Yes","u/FirstSonofDarkness"
"2019/11/11 2:58:09 PM GMT+1","7","8","7","7","7","8","8","8","7","8","7","6","8","8","8","5","Yes",""
"2019/11/11 2:58:22 PM GMT+1","6","8","7","7","7","9","8","8","6","9","8","6","8","8","8","3","Yes","wow_christopher"
"2019/11/11 2:58:23 PM GMT+1","6","7","8","7","7","8","7","8","5","7","7","","8","8","8","4","Yes",""
"2019/11/11 2:58:45 PM GMT+1","8","9","6","6","8","7","7","7","6","8","7","5","8","8","9","6","Yes",""
"2019/11/11 2:59:38 PM GMT+1","6","7","7","7","7","9","7","8","7","8","7","6","8","6","7","5","Yes",""
"2019/11/11 2:59:56 PM GMT+1","7","7","7","6","8","8","8","8","6","8","9","7","8","7","8","6","","jef_diaz"
"2019/11/11 3:00:11 PM GMT+1","6","7","7","6","7","7","8","6","6","6","8","5","7","7","7","4","Yes",""
"2019/11/11 3:00:17 PM GMT+1","6","8","7","7","8","9","7","8","6","9","9","6","9","8","8","5","Yes","19-3-3-00"
"2019/11/11 3:00:32 PM GMT+1","6","8","7","7","7","10","8","9","4","7","8","6","10","10","8","4","Yes",""
"2019/11/11 3:00:35 PM GMT+1","7","8","7","5","7","8","8","8","8","8","10","5","9","7","6","5","Yes",""
"2019/11/11 3:00:50 PM GMT+1","7","8","7","7","7","9","9","8","8","8","9","6","8","8","8","6","Yes",""
"2019/11/11 3:00:51 PM GMT+1","7","8","8","7","7","8","7","8","6","8","9","6","9","9","10","6","Yes",""
"2019/11/11 3:00:53 PM GMT+1","6","8","8","7","8","8","7","8","7","9","9","","8","9","9","4","No",""
"2019/11/11 3:01:05 PM GMT+1","7","9","7","7","7","9","7","9","6","7","9","7","10","10","10","7","Yes","ZZiyan_11"
"2019/11/11 3:01:27 PM GMT+1","7","7","7","6","7","8","8","8","7","9","9","","8","9","10","6","","polarsage"
"2019/11/11 3:02:09 PM GMT+1","7","8","7","7","7","8","7","7","6","7","8","7","8","8","8","5","Yes","Keeksbah93"
"2019/11/11 3:02:39 PM GMT+1","7","8","7","7","6","9","7","8","7","9","9","4","8","7","10","4","No","diztirub1"
"2019/11/11 3:02:46 PM GMT+1","5","9","7","7","8","10","8","8","7","9","10","7","9","10","8","4","",""
"2019/11/11 3:02:49 PM GMT+1","7","7","6","6","8","8","7","7","6","7","8","6","8","7","7","6","Yes","CountyKyndrid"
"2019/11/11 3:03:16 PM GMT+1","5","8","6","5","6","7","8","8","7","7","8","5","7","8","8","6","No",""
"2019/11/11 3:03:23 PM GMT+1","6","8","7","7","8","9","8","8","7","8","8","6","9","9","9","4","Yes",""
"2019/11/11 3:03:47 PM GMT+1","7","8","6","6","7","9","7","9","6","8","9","7","8","8","7","3","Yes","Sjpa181293"
"2019/11/11 3:04:28 PM GMT+1","7","8","7","7","7","8","7","8","7","8","8","6","8","8","7","6","Yes",""
"2019/11/11 3:04:40 PM GMT+1","8","8","8","7","7","8","8","8","7","9","9","7","9","8","9","5","Yes",""
"2019/11/11 3:04:49 PM GMT+1","7","7","7","7","7","8","7","7","6","7","6","","7","8","8","6","No",""
"2019/11/11 3:05:08 PM GMT+1","7","9","7","6","7","8","8","9","7","10","10","3","8","6","7","5","No",""
"2019/11/11 3:05:10 PM GMT+1","6","8","6","5","7","7","8","7","7","8","8","","7","7","7","3","Yes",""
"2019/11/11 3:06:29 PM GMT+1","5","7","6","6","6","8","7","6","5","8","8","5","6","7","6","5","Yes",""
"2019/11/11 3:06:44 PM GMT+1","6","7","8","6","7","9","8","7","6","8","9","7","9","9","8","6","Yes","Fraaj"
"2019/11/11 3:08:17 PM GMT+1","7","8","6","6","7","8","8","8","7","9","9","","7","8","8","6","No",""
"2019/11/11 3:08:25 PM GMT+1","6","7","5","5","7","7","7","6","6","8","8","","7","8","8","4","Yes","JOOPLP"
"2019/11/11 3:08:44 PM GMT+1","7","10","7","7","8","8","8","8","7","7","10","","9","10","9","5","Yes",""
"2019/11/11 3:09:28 PM GMT+1","7","8","7","7","7","7","7","8","7","7","7","","8","8","8","5","Yes",""
"2019/11/11 3:10:13 PM GMT+1","6","9","8","8","8","9","9","8","8","8","8","7","8","8","9","5","Yes","u/bingaboy "
"2019/11/11 3:10:16 PM GMT+1","7","8","8","7","7","8","7","9","7","7","8","7","8","9","8","5","Yes",""
"2019/11/11 3:11:08 PM GMT+1","9","8","8","7","8","9","9","9","7","9","9","7","9","8","9","2","Yes","vodkaki"
"2019/11/11 3:11:32 PM GMT+1","7","7","8","7","7","8","7","7","7","8","8","6","7","8","8","5","Yes","trebledevil"
"2019/11/11 3:11:37 PM GMT+1","7","8","7","6","7","9","7","8","7","8","8","6","8","8","8","5","Yes",""
"2019/11/11 3:11:42 PM GMT+1","7","7","8","7","7","7","8","7","7","8","8","6","7","7","6","2","Yes",""
"2019/11/11 3:12:23 PM GMT+1","6","7","8","5","6","10","6","7","6","8","9","5","7","5","7","5","Yes",""
"2019/11/11 3:13:19 PM GMT+1","8","8","7","7","9","9","8","7","6","8","8","7","8","8","8","6","Yes","Classlesshero"
"2019/11/11 3:13:38 PM GMT+1","5","6","6","5","6","8","7","7","5","7","8","5","7","6","6","6","Yes","take_the_f"
"2019/11/11 3:14:50 PM GMT+1","7","8","6","6","7","9","8","8","7","8","8","7","8","7","6","4","Yes",""
"2019/11/11 3:15:02 PM GMT+1","7","8","7","7","8","9","7","7","6","8","8","","9","8","8","3","",""
"2019/11/11 3:15:33 PM GMT+1","6","7","5","6","7","9","8","9","7","8","9","","7","7","10","5","Yes",""
"2019/11/11 3:16:23 PM GMT+1","6","7","7","6","8","8","7","7","6","8","8","5","8","8","8","3","Yes","kevinssideglance"
"2019/11/11 3:17:31 PM GMT+1","7","9","7","7","9","9","8","8","6","7","10","","9","8","7","6","Yes",""
"2019/11/11 3:18:16 PM GMT+1","7","8","9","7","7","8","8","8","7","9","9","6","9","8","9","3","No",""
"2019/11/11 3:19:22 PM GMT+1","6","8","7","7","7","8","8","7","6","8","7","7","8","8","9","6","Yes",""
"2019/11/11 3:20:06 PM GMT+1","7","8","7","7","7","8","7","7","7","8","8","5","8","7","7","5","Yes","PhelanHotHotHot"
"2019/11/11 3:20:33 PM GMT+1","7","8","7","6","8","8","7","9","6","7","8","6","8","7","7","4","Yes",""
"2019/11/11 3:20:52 PM GMT+1","7","9","8","7","8","9","8","8","6","7","9","7","9","8","8","4","Yes",""
"2019/11/11 3:21:18 PM GMT+1","6","8","7","7","8","9","8","8","7","8","7","5","9","7","8","3","No",""
"2019/11/11 3:21:44 PM GMT+1","6","7","6","7","7","9","8","7","7","8","10","5","8","7","7","6","Yes","He_scores_goals"
"2019/11/11 3:22:46 PM GMT+1","7","9","8","7","7","9","8","9","6","9","9","6","8","8","8","5","Yes","Jfinzi14"
"2019/11/11 3:22:59 PM GMT+1","6","8","7","6","7","8","8","9","6","8","9","6","8","6","8","5","Yes",""
"2019/11/11 3:24:04 PM GMT+1","7","9","7","7","8","9","8","8","7","9","9","","8","8","8","6","Yes",""
"2019/11/11 3:25:26 PM GMT+1","7","8","7","7","8","9","8","7","6","9","9","4","8","7","8","5","Yes",""
"2019/11/11 3:25:56 PM GMT+1","8","8","9","8","8","8","8","7","7","8","9","8","10","8","7","4","",""
"2019/11/11 3:26:16 PM GMT+1","6","8","7","6","8","8","8","8","6","7","9","5","8","8","7","4","No",""
"2019/11/11 3:27:09 PM GMT+1","7","8","8","7","7","8","8","7","6","9","8","","8","9","9","4","Yes",""
"2019/11/11 3:27:22 PM GMT+1","6","7","6","7","7","9","7","7","5","8","9","","8","8","7","4","Yes",""
"2019/11/11 3:27:52 PM GMT+1","7","6","7","7","8","9","7","7","6","8","9","","8","8","8","6","",""
"2019/11/11 3:28:27 PM GMT+1","8","9","9","8","8","10","8","8","7","8","9","7","9","9","9","6","Yes",""
"2019/11/11 3:28:47 PM GMT+1","6","7","6","6","6","8","7","7","7","8","8","","8","7","6","3","Yes",""
"2019/11/11 3:29:06 PM GMT+1","6","7","8","6","7","9","8","8","6","8","8","7","8","7","9","4","No",""
"2019/11/11 3:29:13 PM GMT+1","7","10","9","7","8","9","10","10","9","9","8","7","8","10","8","6","No",""
"2019/11/11 3:31:17 PM GMT+1","8","10","1","10","10","6","10","10","8","10","6","4","8","10","10","6","No",""
"2019/11/11 3:32:04 PM GMT+1","7","7","7","7","8","9","7","8","6","7","8","7","8","8","7","5","Yes",""
"2019/11/11 3:32:22 PM GMT+1","6","7","7","6","7","7","7","8","7","8","8","6","8","8","8","5","Yes",""
"2019/11/11 3:33:03 PM GMT+1","7","9","8","7","8","9","9","9","7","9","9","5","9","9","9","10","Yes","pedrotj12"
"2019/11/11 3:33:05 PM GMT+1","6","9","7","7","8","9","8","8","7","8","8","6","9","8","7","2","Yes",""
"2019/11/11 3:33:22 PM GMT+1","9","10","9","9","9","10","10","9","8","10","8","8","9","10","9","6","No","azthjw"
"2019/11/11 3:33:23 PM GMT+1","7","8","7","8","7","9","8","9","7","8","9","7","9","6","8","2","Yes",""
"2019/11/11 3:33:33 PM GMT+1","7","9","8","7","9","10","9","8","7","9","10","4","9","9","10","5","Yes",""
"2019/11/11 3:33:47 PM GMT+1","7","9","8","7","9","10","7","8","7","8","9","","9","9","10","6","Yes",""
"2019/11/11 3:37:57 PM GMT+1","6","8","4","6","6","8","7","7","6","7","8","","7","8","6","5","No",""
"2019/11/11 3:38:04 PM GMT+1","5","6","5","5","5","6","5","6","6","6","6","","7","7","7","5","",""
"2019/11/11 3:38:30 PM GMT+1","6","8","7","7","7","9","7","9","7","9","9","6","9","8","8","6","Yes",""
"2019/11/11 3:39:15 PM GMT+1","4","9","7","7","7","6","6","8","6","7","9","6","7","7","9","4","Yes",""
"2019/11/11 3:39:37 PM GMT+1","8","8","7","6","9","10","10","10","9","10","8","6","9","10","10","3","Yes",""
"2019/11/11 3:39:51 PM GMT+1","7","7","7","6","7","8","7","7","6","8","8","6","8","8","9","6","Yes","AMARTIAL9"
"2019/11/11 3:40:55 PM GMT+1","6","8","7","7","7","8","6","6","5","6","7","6","8","7","7","3","No",""
"2019/11/11 3:41:10 PM GMT+1","7","9","8","7","8","9","9","8","7","8","9","7","8","8","9","9","Yes",""
"2019/11/11 3:41:55 PM GMT+1","7","8","8","7","7","9","8","9","7","9","9","6","9","9","9","3","Yes","Ashu54"
"2019/11/11 3:42:08 PM GMT+1","6","8","7","6","7","8","8","7","6","7","7","","8","8","8","5","Yes",""
"2019/11/11 3:43:26 PM GMT+1","6","8","7","7","7","8","7","7","6","9","7","5","8","8","8","5","Yes","Levdog"
"2019/11/11 3:43:30 PM GMT+1","6","7","7","7","7","8","8","7","7","7","9","","8","6","7","5","Yes","dWaldizzle"
"2019/11/11 3:46:30 PM GMT+1","7","8","7","6","7","9","8","8","6","8","9","7","8","8","8","2","No",""
"2019/11/11 3:46:37 PM GMT+1","7","8","7","7","7","8","7","7","5","7","8","5","7","7","7","4","","Einmannatingi"
"2019/11/11 3:46:43 PM GMT+1","7","9","8","7","7","7","7","8","6","8","7","7","8","8","6","4","Yes",""
"2019/11/11 3:47:54 PM GMT+1","7","8","7","6","7","8","7","7","7","9","9","6","7","8","6","3","Yes",""
"2019/11/11 3:49:17 PM GMT+1","5","8","8","7","8","9","7","7","7","8","9","4","7","7","7","6","No",""
"2019/11/11 3:49:40 PM GMT+1","7","8","9","7","8","9","9","8","7","8","9","7","9","9","9","6","Yes","Raintrooper7"
"2019/11/11 3:50:10 PM GMT+1","7","8","7","6","8","9","8","7","7","8","8","","8","8","8","3","Yes",""
"2019/11/11 3:50:35 PM GMT+1","6","8","7","6","7","8","7","7","7","7","8","6","8","8","8","5","No",""
"2019/11/11 3:51:38 PM GMT+1","7","8","8","9","8","9","8","9","9","9","9","8","9","10","9","6","No","Thy_Shite"
"2019/11/11 3:52:35 PM GMT+1","5","6","6","5","7","6","7","7","6","7","7","4","7","7","6","4","Yes",""
"2019/11/11 3:54:17 PM GMT+1","7","8","7","6","8","8","7","8","7","9","8","","9","10","10","7","Yes",""
"2019/11/11 3:54:25 PM GMT+1","7","9","7","7","8","9","9","8","7","8","9","7","8","8","8","6","Yes",""
"2019/11/11 3:54:27 PM GMT+1","7","7","7","7","7","8","7","7","7","8","9","7","8","8","8","6","Yes","red_rash"
"2019/11/11 3:57:05 PM GMT+1","8","9","7","8","9","9","8","8","7","7","7","7","9","8","8","4","Yes","Takemetofatmandu"
"2019/11/11 3:57:49 PM GMT+1","6","8","7","6","6","8","7","6","5","7","6","5","7","7","6","6","Yes",""
"2019/11/11 4:00:05 PM GMT+1","7","8","8","8","8","8","8","8","8","7","7","7","8","8","8","5","Yes",""
"2019/11/11 4:00:07 PM GMT+1","6","7","8","6","8","8","7","8","6","8","9","7","8","8","8","3","Yes",""
"2019/11/11 4:00:50 PM GMT+1","7","8","6","6","8","7","8","8","7","8","8","7","8","8","7","6","Yes",""
"2019/11/11 4:01:04 PM GMT+1","6","9","6","6","9","8","8","8","7","8","10","6","8","9","8","6","Yes","tanay2297"
"2019/11/11 4:01:42 PM GMT+1","7","8","7","6","7","8","7","8","6","8","7","","7","8","7","6","Yes",""
"2019/11/11 4:01:46 PM GMT+1","6","8","6","6","7","8","7","7","6","8","8","6","8","7","8","5","",""
"2019/11/11 4:02:31 PM GMT+1","6","9","9","7","6","10","7","8","6","7","10","6","8","9","8","5","Yes",""
"2019/11/11 4:03:33 PM GMT+1","6","8","7","7","8","9","7","7","7","8","8","6","8","7","6","4","No",""
"2019/11/11 4:04:13 PM GMT+1","6","7","7","7","7","8","8","7","7","8","8","7","8","8","8","4","Yes",""
"2019/11/11 4:05:10 PM GMT+1","7","8","8","7","8","8","7","8","7","8","8","6","8","8","8","4","No","Fan_Balae"
"2019/11/11 4:05:27 PM GMT+1","7","8","7","7","8","9","8","8","8","8","9","7","9","8","8","3","Yes",""
"2019/11/11 4:06:28 PM GMT+1","6","8","6","6","7","8","8","7","7","7","7","","8","7","8","3","No",""
"2019/11/11 4:06:59 PM GMT+1","7","7","7","7","8","9","8","9","7","8","8","7","7","6","6","5","Yes",""
"2019/11/11 4:09:30 PM GMT+1","7","8","7","7","7","8","8","8","7","8","7","7","9","9","9","7","Yes",""
"2019/11/11 4:11:06 PM GMT+1","6","9","7","5","8","8","8","8","7","7","7","","8","8","7","6","Yes",""
"2019/11/11 4:11:40 PM GMT+1","6","8","7","6","8","9","7","8","6","7","9","7","7","8","7","4","Yes",""
"2019/11/11 4:11:41 PM GMT+1","6","8","7","7","6","7","7","9","6","8","7","4","7","8","7","5","Yes",""
"2019/11/11 4:12:17 PM GMT+1","6","8","8","7","8","8","7","8","3","8","8","6","8","8","6","6","Yes",""
"2019/11/11 4:15:13 PM GMT+1","6","8","8","8","7","8","7","8","5","7","8","7","7","7","8","3","Yes","KaptajnZarit"
"2019/11/11 4:16:16 PM GMT+1","6","7","7","7","7","9","7","7","10","8","8","6","8","8","7","4","Yes",""
"2019/11/11 4:16:27 PM GMT+1","6","7","8","7","8","8","7","7","7","9","8","6","7","8","7","5","Yes",""
"2019/11/11 4:17:20 PM GMT+1","7","8","7","6","7","8","8","7","6","8","8","7","7","8","7","6","Yes","Heavens_Vibe"
"2019/11/11 4:17:39 PM GMT+1","6","8","7","7","7","9","8","7","8","8","8","6","8","8","8","6","",""
"2019/11/11 4:17:46 PM GMT+1","7","8","8","8","7","10","8","9","6","9","9","6","9","8","9","5","Yes",""
"2019/11/11 4:17:59 PM GMT+1","7","8","7","7","7","8","7","7","6","7","8","","8","7","7","5","Yes","u/availableusername10"
"2019/11/11 4:19:24 PM GMT+1","8","10","7","7","9","10","10","8","7","9","9","6","9","9","9","3","No",""
"2019/11/11 4:20:37 PM GMT+1","7","8","7","7","7","8","7","8","7","7","7","6","7","8","8","5","No",""
"2019/11/11 4:20:56 PM GMT+1","6","8","7","6","8","4","7","5","4","6","5","3","7","7","4","2","No",""
"2019/11/11 4:22:10 PM GMT+1","6","8","6","6","7","9","8","8","6","9","8","7","8","9","8","5","Yes",""
"2019/11/11 4:23:07 PM GMT+1","6","7","8","8","8","8","8","8","7","9","9","6","8","9","9","7","No",""
"2019/11/11 4:24:28 PM GMT+1","7","8","7","9","7","8","7","8","6","9","9","7","9","8","8","9","Yes",""
"2019/11/11 4:24:49 PM GMT+1","7","8","8","7","8","9","7","7","7","8","9","7","8","9","8","6","Yes","Commandoyoyo"
"2019/11/11 4:24:57 PM GMT+1","7","8","8","7","7","8","8","8","7","9","8","7","8","9","8","4","Yes","Zonedv2"
"2019/11/11 4:26:26 PM GMT+1","7","8","8","7","8","9","8","8","7","8","7","7","9","8","9","5","Yes",""
"2019/11/11 4:27:18 PM GMT+1","6","9","8","6","9","9","9","8","7","9","8","6","9","7","8","3","",""
"2019/11/11 4:28:54 PM GMT+1","6","7","7","8","7","9","8","8","7","8","9","7","8","9","9","5","Yes","herrdidi"
"2019/11/11 4:29:26 PM GMT+1","6","7","7","7","8","8","7","8","7","8","8","6","8","8","7","6","No",""
"2019/11/11 4:30:11 PM GMT+1","7","9","7","6","7","8","7","6","7","7","8","","9","9","9","5","Yes",""
"2019/11/11 4:30:47 PM GMT+1","6","7","6","6","7","8","6","7","6","7","7","","9","7","6","4","Yes",""
"2019/11/11 4:32:17 PM GMT+1","7","8","7","7","7","8","8","8","5","7","8","","7","8","8","5","","EpicHench"
"2019/11/11 4:32:32 PM GMT+1","6","7","6","6","7","9","8","8","6","8","9","5","8","8","8","5","Yes",""
"2019/11/11 4:33:43 PM GMT+1","7","8","7","6","9","9","9","7","8","7","9","8","8","7","7","5","No",""
"2019/11/11 4:33:48 PM GMT+1","6","9","7","7","8","8","7","8","8","9","7","7","8","8","8","4","Yes","RedFellow98"
"2019/11/11 4:34:05 PM GMT+1","6","7","8","7","8","9","8","8","7","9","9","6","8","7","8","2","No",""
"2019/11/11 4:35:04 PM GMT+1","6","7","8","7","8","9","6","7","6","7","8","","8","9","8","4","No",""
"2019/11/11 4:35:35 PM GMT+1","7","8","7","7","8","8","8","9","7","8","9","7","8","9","8","5","Yes",""
"2019/11/11 4:35:41 PM GMT+1","5","6","7","5","5","8","7","6","5","8","7","6","8","7","6","1","No","x_hly"
"2019/11/11 4:35:46 PM GMT+1","7","8","8","6","8","9","7","7","6","9","8","7","7","8","8","3","Yes",""
"2019/11/11 4:37:42 PM GMT+1","7","8","6","6","8","7","7","9","8","10","10","8","9","8","8","5","No","MessiLingard7"
"2019/11/11 4:39:07 PM GMT+1","7","9","9","8","8","8","8","8","8","8","8","8","8","8","8","5","No",""
"2019/11/11 4:40:39 PM GMT+1","6","6","7","6","6","8","7","8","6","8","9","","8","9","8","1","No",""
"2019/11/11 4:41:24 PM GMT+1","6","8","7","6","7","8","8","8","7","9","8","6","8","9","7","3","Yes",""
"2019/11/11 4:44:10 PM GMT+1","7","9","7","7","8","10","9","9","6","8","10","5","9","7","8","4","Yes",""
"2019/11/11 4:44:52 PM GMT+1","6","6","8","6","7","8","7","8","8","9","9","6","7","7","7","3","Yes",""
"2019/11/11 4:46:50 PM GMT+1","7","8","8","8","8","8","8","8","8","8","9","7","7","8","7","6","Yes",""
"2019/11/11 4:47:08 PM GMT+1","7","7","7","6","8","7","7","7","6","7","7","","7","7","7","5","Yes",""
"2019/11/11 4:47:37 PM GMT+1","6","7","7","6","7","9","8","8","6","9","8","7","8","8","8","7","Yes","xnuddel"
"2019/11/11 4:49:19 PM GMT+1","6","8","7","6","8","8","7","7","6","8","7","5","8","8","7","5","Yes",""
"2019/11/11 4:50:05 PM GMT+1","10","2","2","2","10","10","2","10","2","2","10","1","2","10","1","9","Yes",""
"2019/11/11 4:51:14 PM GMT+1","7","8","8","7","9","8","9","9","7","8","9","7","10","9","10","5","Yes",""
"2019/11/11 4:52:20 PM GMT+1","6","8","7","7","7","9","8","8","7","8","8","6","8","8","8","6","Yes",""
"2019/11/11 4:53:35 PM GMT+1","7","8","7","6","7","7","7","7","6","8","8","6","8","8","7","6","Yes",""
"2019/11/11 4:54:00 PM GMT+1","6","9","8","8","8","9","8","7","7","8","8","","7","9","8","5","Yes",""
"2019/11/11 4:54:36 PM GMT+1","7","8","9","8","7","8","7","8","6","8","8","7","7","7","7","6","Yes",""
"2019/11/11 4:56:06 PM GMT+1","7","7","8","7","8","8","8","9","6","8","8","","8","7","8","5","Yes","jaffacakesjesus"
"2019/11/11 4:57:42 PM GMT+1","7","7","7","7","7","8","7","7","7","8","8","","9","7","7","5","Yes","FlyingFluffball"
"2019/11/11 5:01:12 PM GMT+1","6","8","7","7","7","8","7","7","7","8","8","7","7","7","7","5","",""
"2019/11/11 5:02:27 PM GMT+1","7","8","8","7","8","9","8","8","6","8","7","6","9","9","8","5","Yes",""
"2019/11/11 5:02:30 PM GMT+1","5","6","7","6","7","8","6","8","6","7","9","","8","8","8","3","Yes",""
"2019/11/11 5:02:46 PM GMT+1","7","7","7","7","7","8","8","8","7","8","8","7","9","9","8","6","No","Oofer_Gangster"
"2019/11/11 5:05:15 PM GMT+1","7","8","7","7","8","9","7","8","6","8","8","7","8","7","8","5","No",""
"2019/11/11 5:06:12 PM GMT+1","5","7","6","5","7","8","7","7","5","8","8","5","7","7","7","5","No",""
"2019/11/11 5:06:35 PM GMT+1","7","8","7","7","8","8","9","8","6","8","8","","8","8","7","5","No",""
"2019/11/11 5:06:49 PM GMT+1","7","8","8","7","8","7","7","8","6","8","7","6","8","9","8","6","No",""
"2019/11/11 5:07:30 PM GMT+1","7","8","7","7","8","9","7","8","8","9","9","8","9","8","9","6","No","u/TopNotchGamerr"
"2019/11/11 5:07:40 PM GMT+1","7","8","8","7","9","9","8","8","8","8","9","7","9","8","10","5","No",""
"2019/11/11 5:09:11 PM GMT+1","6","8","7","6","6","8","6","7","5","8","8","7","8","7","7","5","Yes",""
"2019/11/11 5:09:24 PM GMT+1","6","6","7","7","7","8","7","7","7","9","7","6","8","7","7","6","Yes",""
"2019/11/11 5:11:16 PM GMT+1","6","8","6","6","7","8","8","7","7","8","9","","8","8","7","4","Yes",""
"2019/11/11 5:12:38 PM GMT+1","7","7","8","7","8","7","7","8","7","9","7","","8","8","9","6","No",""
"2019/11/11 5:18:22 PM GMT+1","6","7","6","6","7","8","8","8","6","7","8","5","8","7","8","3","Yes","Sunny_zaman"
"2019/11/11 5:18:40 PM GMT+1","6","7","7","6","8","8","8","7","7","8","8","4","8","8","8","5","Yes",""
"2019/11/11 5:19:08 PM GMT+1","6","7","7","6","7","9","8","8","7","8","7","6","9","9","9","6","Yes",""
"2019/11/11 5:19:51 PM GMT+1","8","9","8","8","9","10","9","8","8","9","9","6","8","9","8","6","No","SparksV"
"2019/11/11 5:20:04 PM GMT+1","7","8","7","7","8","9","8","9","7","9","8","","8","9","8","6","",""
"2019/11/11 5:20:51 PM GMT+1","7","7","7","6","7","8","7","7","7","7","8","","8","7","7","3","",""
"2019/11/11 5:21:14 PM GMT+1","6","8","6","5","7","8","6","7","6","8","8","5","7","7","5","3","Yes",""
"2019/11/11 5:23:47 PM GMT+1","6","7","7","7","7","8","7","9","6","7","8","4","7","7","6","3","",""
"2019/11/11 5:24:35 PM GMT+1","6","8","7","7","7","8","7","7","6","7","9","5","7","6","6","4","Yes","Basenerop"
"2019/11/11 5:27:39 PM GMT+1","6","8","7","6","8","9","7","8","7","8","9","6","8","10","7","3","Yes","_rusilsg_"
"2019/11/11 5:29:31 PM GMT+1","7","7","7","8","7","9","8","8","6","7","8","5","8","7","6","3","",""
"2019/11/11 5:31:51 PM GMT+1","6","6","6","6","6","7","7","8","6","8","8","5","7","7","7","5","Yes",""
"2019/11/11 5:32:05 PM GMT+1","6","7","7","7","7","7","8","6","6","8","8","6","8","7","6","5","No",""
"2019/11/11 5:32:20 PM GMT+1","7","8","8","8","8","8","8","8","7","8","8","8","8","9","9","7","Yes",""
"2019/11/11 5:34:05 PM GMT+1","6","8","7","7","7","8","8","7","7","8","8","7","9","10","8","3","Yes",""
"2019/11/11 5:35:32 PM GMT+1","6","8","6","8","8","9","7","8","7","8","9","6","8","9","9","5","No",""
"2019/11/11 5:37:17 PM GMT+1","6","9","8","7","8","8","8","7","7","8","7","6","8","8","8","4","Yes",""
"2019/11/11 5:41:23 PM GMT+1","7","7","6","6","6","7","7","8","7","8","7","7","8","8","8","4","Yes",""
"2019/11/11 5:41:47 PM GMT+1","5","7","8","6","6","8","7","7","6","7","8","5","8","6","8","5","No",""
"2019/11/11 5:45:17 PM GMT+1","8","8","8","7","9","9","8","9","7","8","8","8","8","9","8","5","No",""
"2019/11/11 5:45:23 PM GMT+1","6","7","7","6","7","8","7","8","6","7","8","7","7","7","6","5","Yes",""
"2019/11/11 5:46:15 PM GMT+1","7","8","7","7","8","8","8","8","7","8","8","7","8","7","8","6","Yes","EndOfNight"
"2019/11/11 5:46:35 PM GMT+1","8","8","9","8","8","10","7","6","5","9","8","6","10","9","9","2","No",""
"2019/11/11 5:48:02 PM GMT+1","7","8","8","7","8","9","8","9","7","9","9","8","9","9","9","5","No",""
"2019/11/11 5:48:19 PM GMT+1","7","7","7","6","7","7","8","6","5","7","9","7","7","8","8","4","",""
"2019/11/11 5:48:28 PM GMT+1","6","8","8","6","7","8","8","7","6","7","8","7","7","6","7","4","Yes",""
"2019/11/11 5:48:44 PM GMT+1","7","8","8","8","8","9","8","7","6","9","8","7","8","9","8","6","Yes",""
"2019/11/11 5:51:52 PM GMT+1","7","8","8","6","7","8","7","8","7","8","8","7","8","8","8","4","No",""
"2019/11/11 5:53:44 PM GMT+1","6","8","7","7","7","8","7","6","6","7","8","","8","9","8","6","Yes",""
"2019/11/11 5:54:39 PM GMT+1","7","7","7","6","7","8","8","7","7","8","8","6","6","7","7","6","Yes","bosny_gensf"
"2019/11/11 5:55:42 PM GMT+1","7","8","8","6","8","9","7","7","7","8","8","","9","9","8","5","Yes","u/N3K-MINNIT"
"2019/11/11 5:56:46 PM GMT+1","6","6","7","6","7","8","8","8","7","8","8","6","7","7","7","5","Yes",""
"2019/11/11 5:58:17 PM GMT+1","8","7","7","7","10","7","8","8","5","7","9","1","7","7","6","5","No",""
"2019/11/11 6:00:24 PM GMT+1","6","7","6","6","7","9","6","7","5","7","9","6","8","7","8","3","Yes",""
"2019/11/11 6:01:35 PM GMT+1","7","8","7","7","8","9","8","8","7","8","9","7","9","9","9","2","Yes",""
"2019/11/11 6:03:14 PM GMT+1","7","9","9","7","9","9","7","10","6","10","8","7","9","8","9","4","Yes",""
"2019/11/11 6:05:16 PM GMT+1","8","7","8","7","7","9","8","9","7","9","9","7","9","9","10","3","Yes","nah"
"2019/11/11 6:05:47 PM GMT+1","5","8","7","6","8","9","9","7","7","8","9","6","8","8","7","5","Yes",""
"2019/11/11 6:05:57 PM GMT+1","6","9","8","7","8","9","9","8","7","9","9","","8","7","7","5","","Onlymeow"
"2019/11/11 6:10:42 PM GMT+1","7","8","7","7","8","8","8","7","6","8","8","","8","7","7","5","Yes",""
"2019/11/11 6:13:48 PM GMT+1","7","7","7","6","8","8","7","8","7","8","8","6","8","8","7","5","Yes","AwesomeGuy97"
"2019/11/11 6:13:59 PM GMT+1","6","8","7","7","6","8","7","7","5","6","6","6","8","8","9","2","Yes",""
"2019/11/11 6:15:57 PM GMT+1","8","8","9","8","9","10","9","8","6","9","9","7","9","9","8","5","No","Knikkaren"
"2019/11/11 6:19:06 PM GMT+1","7","9","7","8","8","9","8","7","7","9","9","7","9","8","9","2","Yes",""
"2019/11/11 6:22:31 PM GMT+1","5","7","8","6","7","8","7","7","7","7","8","6","9","8","9","3","No","/u/Arth_"
"2019/11/11 6:26:30 PM GMT+1","7","8","7","7","8","8","8","9","7","7","9","7","9","10","9","7","Yes",""
"2019/11/11 6:26:32 PM GMT+1","6","7","6","6","8","8","7","8","7","7","8","","7","6","8","5","Yes",""
"2019/11/11 6:26:39 PM GMT+1","6","7","8","6","6","9","7","8","7","7","9","7","8","8","8","5","Yes","ajaysassoc"
"2019/11/11 6:30:32 PM GMT+1","7","7","6","5","6","8","8","7","6","7","8","6","9","9","6","2","Yes",""
"2019/11/11 6:33:25 PM GMT+1","7","8","7","7","8","8","8","8","7","8","9","7","9","10","10","8","Yes",""
"2019/11/11 6:33:26 PM GMT+1","7","8","6","6","7","8","6","8","7","7","8","6","7","8","7","5","Yes",""
"2019/11/11 6:36:08 PM GMT+1","7","7","8","8","7","8","7","9","6","8","9","7","9","9","8","5","Yes",""
"2019/11/11 6:37:32 PM GMT+1","6","7","7","6","8","8","8","8","6","8","8","2","7","8","6","3","No","Sg291188"
"2019/11/11 6:40:40 PM GMT+1","6","7","5","5","6","8","7","7","6","7","7","6","8","7","7","4","Yes",""
"2019/11/11 6:40:49 PM GMT+1","6","8","8","7","7","9","8","8","7","8","8","6","7","9","7","4","No","u/Urjenkaburjen"
"2019/11/11 6:42:43 PM GMT+1","8","8","7","7","9","8","7","7","6","7","8","","9","7","7","4","No",""
"2019/11/11 6:43:07 PM GMT+1","7","9","7","7","7","9","8","9","7","9","8","8","9","9","7","3","",""
"2019/11/11 6:46:57 PM GMT+1","6","8","7","6","7","8","7","7","6","8","7","6","7","7","6","5","Yes","admiraldoughnut"
"2019/11/11 6:49:34 PM GMT+1","6","6","7","7","7","8","7","7","6","8","7","6","9","8","8","5","Yes",""
"2019/11/11 6:49:38 PM GMT+1","7","8","9","8","8","9","7","8","6","8","8","6","9","8","8","5","Yes","Sunville1967"
"2019/11/11 6:52:17 PM GMT+1","6","7","7","7","7","8","7","8","6","8","8","7","7","7","7","5","Yes",""
"2019/11/11 6:52:43 PM GMT+1","7","8","6","6","6","7","6","7","6","7","7","","7","7","7","5","Yes",""
"2019/11/11 6:55:34 PM GMT+1","8","8","6","6","6","7","7","8","6","8","8","","7","7","8","6","Yes",""
"2019/11/11 6:57:37 PM GMT+1","7","8","7","5","7","8","9","8","7","8","7","5","9","8","8","4","Yes","Fredtheredd"
"2019/11/11 6:58:21 PM GMT+1","8","8","7","7","7","9","8","7","7","8","9","","8","10","9","6","Yes",""
"2019/11/11 7:00:13 PM GMT+1","7","8","8","7","7","8","7","8","6","8","9","7","8","8","7","4","Yes",""
"2019/11/11 7:07:21 PM GMT+1","6","8","7","7","7","8","8","9","6","9","8","","8","9","9","4","",""
"2019/11/11 7:07:51 PM GMT+1","6","7","6","6","6","8","6","7","7","8","8","6","8","7","7","4","Yes","hwale"
"2019/11/11 7:11:26 PM GMT+1","5","7","8","7","7","8","7","9","6","8","7","7","9","9","8","3","Yes","Martblni"
"2019/11/11 7:16:34 PM GMT+1","7","9","8","7","9","9","8","9","8","9","9","7","9","9","8","5","Yes",""
"2019/11/11 7:18:26 PM GMT+1","6","8","6","6","7","8","6","8","7","8","8","7","8","8","9","4","Yes",""
"2019/11/11 7:18:48 PM GMT+1","6","7","7","6","6","7","8","8","7","8","8","","8","7","7","6","",""
"2019/11/11 7:19:22 PM GMT+1","7","7","7","7","7","9","7","7","7","8","8","7","7","7","7","4","Yes",""
"2019/11/11 7:19:26 PM GMT+1","8","8","7","7","7","7","7","8","8","8","9","7","8","10","10","1","",""
"2019/11/11 7:24:07 PM GMT+1","6","7","7","6","7","9","6","7","6","7","8","","7","9","7","5","Yes",""
"2019/11/11 7:27:10 PM GMT+1","7","7","6","6","8","9","6","8","6","8","7","6","8","9","8","2","Yes",""
"2019/11/11 7:32:58 PM GMT+1","6","6","6","6","7","7","7","8","6","7","8","5","7","6","7","6","",""
"2019/11/11 7:33:18 PM GMT+1","6","8","7","7","7","8","7","7","6","8","8","","8","7","7","5","No",""
"2019/11/11 7:35:08 PM GMT+1","7","8","8","7","7","10","9","7","7","8","9","6","8","10","10","5","Yes",""
"2019/11/11 7:36:06 PM GMT+1","7","8","6","6","7","8","7","7","7","7","8","","8","8","9","4","No",""
"2019/11/11 7:37:38 PM GMT+1","6","8","7","6","8","8","8","9","7","7","9","6","7","7","7","4","Yes",""
"2019/11/11 7:40:43 PM GMT+1","7","6","8","7","7","5","8","8","8","8","9","","8","8","8","4","Yes",""
"2019/11/11 7:41:18 PM GMT+1","7","8","7","7","9","8","9","8","7","8","8","","9","10","9","3","No",""
"2019/11/11 7:44:17 PM GMT+1","7","8","7","7","8","8","8","9","7","8","8","6","8","7","7","4","Yes",""
"2019/11/11 7:45:40 PM GMT+1","6","8","7","7","8","9","8","8","7","7","8","7","9","8","8","5","Yes",""
"2019/11/11 7:51:51 PM GMT+1","7","7","7","8","8","9","8","8","7","8","8","8","9","8","8","5","Yes","u/Lavishgoblin2 "
"2019/11/11 7:51:54 PM GMT+1","6","8","7","6","7","8","7","8","6","7","8","","7","7","7","7","Yes",""
"2019/11/11 7:57:43 PM GMT+1","6","8","7","6","8","8","7","7","6","8","8","","7","6","6","4","No",""
"2019/11/11 8:03:27 PM GMT+1","9","9","8","7","9","8","7","7","6","8","8","8","9","10","8","7","Yes","Google_baba"
"2019/11/11 8:03:43 PM GMT+1","6","9","7","7","7","9","7","8","8","7","8","5","8","10","7","4","Yes","PhantomDF"
"2019/11/11 8:04:36 PM GMT+1","5","8","6","5","8","8","7","7","5","7","7","","8","8","6","4","Yes",""
"2019/11/11 8:10:14 PM GMT+1","6","8","7","7","7","9","8","8","7","8","8","6","10","8","8","6","Yes",""
"2019/11/11 8:11:32 PM GMT+1","7","7","7","7","7","7","6","8","8","6","7","","7","7","5","3","No",""
"2019/11/11 8:14:52 PM GMT+1","7","7","7","7","7","8","7","7","7","7","7","6","7","7","7","5","Yes",""
"2019/11/11 8:16:11 PM GMT+1","7","9","7","5","6","7","6","8","7","8","8","6","7","7","7","5","",""
"2019/11/11 8:17:47 PM GMT+1","6","9","7","6","8","8","7","8","7","8","8","6","8","8","8","5","Yes","Slippygeeee"
"2019/11/11 8:18:03 PM GMT+1","6","7","7","6","8","8","8","8","7","8","8","","7","7","7","4","Yes",""
"2019/11/11 8:21:30 PM GMT+1","6","7","5","6","7","8","7","7","4","8","8","1","7","8","6","5","No",""
"2019/11/11 8:26:27 PM GMT+1","7","7","7","7","7","8","7","8","7","9","9","","9","9","9","5","Yes",""
"2019/11/11 8:26:28 PM GMT+1","6","7","6","6","6","8","7","8","6","7","8","","8","7","8","6","","PufGui"
"2019/11/11 8:26:32 PM GMT+1","6","7","6","6","7","7","7","7","6","8","8","6","7","7","7","5","Yes","GilSombrero"
"2019/11/11 8:26:51 PM GMT+1","8","7","7","7","8","9","7","7","6","8","9","8","8","7","9","5","","u/pranavannur"
"2019/11/11 8:31:01 PM GMT+1","7","7","8","7","8","9","8","8","7","8","9","7","8","8","8","5","Yes",""
"2019/11/11 8:32:43 PM GMT+1","8","9","8","8","8","9","8","7","7","8","9","6","8","7","8","5","Yes",""
"2019/11/11 8:36:18 PM GMT+1","7","7","7","7","7","8","7","7","6","7","8","5","8","8","7","5","No",""
"2019/11/11 8:40:36 PM GMT+1","7","8","7","7","9","9","8","9","7","9","9","5","8","9","9","3","Yes","HopefulLurker"
"2019/11/11 8:41:47 PM GMT+1","6","8","7","7","7","8","7","8","5","7","7","6","8","7","7","3","No",""
"2019/11/11 8:43:46 PM GMT+1","6","7","7","7","8","8","7","8","7","7","7","","8","7","7","5","Yes",""
"2019/11/11 8:45:37 PM GMT+1","6","6","7","5","6","7","7","8","8","8","7","6","7","7","6","4","No","jude_jf"
"2019/11/11 8:45:52 PM GMT+1","6","7","6","6","8","9","8","7","5","8","7","","8","7","7","5","",""
"2019/11/11 8:46:01 PM GMT+1","6","8","7","7","7","8","7","7","6","7","8","","8","8","7","3","Yes",""
"2019/11/11 8:46:10 PM GMT+1","6","8","7","6","8","9","7","8","6","8","9","5","8","9","7","3","Yes",""
"2019/11/11 8:48:28 PM GMT+1","7","8","8","8","9","9","8","8","7","9","9","","9","10","8","4","Yes","ditheringFence"
"2019/11/11 8:48:44 PM GMT+1","6","7","7","7","7","8","8","9","7","8","7","","9","10","7","1","Yes",""
"2019/11/11 8:51:43 PM GMT+1","8","8","10","7","8","9","9","7","7","9","9","8","9","8","9","4","Yes","Saurusfluffi"
"2019/11/11 9:06:18 PM GMT+1","8","9","8","8","9","8","8","8","7","9","8","7","9","10","9","5","Yes",""
"2019/11/11 9:07:56 PM GMT+1","6","8","7","7","8","8","8","7","7","8","8","7","10","9","10","2","Yes",""
"2019/11/11 9:09:17 PM GMT+1","6","9","8","7","8","8","8","8","7","9","10","","9","9","8","4","Yes",""
"2019/11/11 9:09:31 PM GMT+1","6","8","7","7","7","8","7","8","8","8","8","1","8","8","8","3","No",""
"2019/11/11 9:10:44 PM GMT+1","7","8","7","6","7","9","7","8","7","8","8","7","9","9","7","4","Yes",""
"2019/11/11 9:11:15 PM GMT+1","6","8","7","7","7","9","8","8","6","7","8","","8","7","7","3","No",""
"2019/11/11 9:11:59 PM GMT+1","7","8","7","7","7","8","7","8","6","7","6","6","8","5","8","7","Yes",""
"2019/11/11 9:16:13 PM GMT+1","7","8","6","7","7","8","7","8","6","8","8","5","8","6","7","5","No","Brars_Sulliman"
"2019/11/11 9:23:15 PM GMT+1","7","8","7","6","7","8","7","7","6","8","8","5","8","7","8","4","Yes","BjarniErlingur"
"2019/11/11 9:30:36 PM GMT+1","7","10","8","6","8","8","9","8","8","9","9","","8","8","9","6","No",""
"2019/11/11 9:32:54 PM GMT+1","7","7","6","6","7","7","6","7","6","7","7","6","7","8","7","6","Yes",""
"2019/11/11 9:34:12 PM GMT+1","6","8","6","6","6","8","6","7","6","6","7","7","9","8","7","5","Yes",""
"2019/11/11 9:37:54 PM GMT+1","6","8","7","7","7","8","8","8","7","8","9","5","9","8","8","3","",""
"2019/11/11 9:44:21 PM GMT+1","7","8","7","7","8","9","7","8","7","8","8","6","8","7","7","5","Yes",""
"2019/11/11 9:46:14 PM GMT+1","7","8","7","7","9","9","8","7","7","8","9","","8","6","8","6","No","imperial-sid"
"2019/11/11 9:46:28 PM GMT+1","6","8","7","6","6","8","7","8","6","7","8","6","7","7","7","5","Yes",""
"2019/11/11 9:52:58 PM GMT+1","7","8","7","6","7","7","7","7","6","8","6","6","7","6","6","5","Yes",""
"2019/11/11 9:55:10 PM GMT+1","7","7","7","7","8","8","6","8","7","8","7","5","7","8","9","5","No",""
"2019/11/11 9:57:50 PM GMT+1","7","8","7","7","8","9","7","8","6","7","9","5","9","10","10","6","Yes",""
"2019/11/11 10:03:23 PM GMT+1","7","7","7","7","8","8","7","8","5","8","8","6","8","7","7","2","Yes",""
"2019/11/11 10:04:30 PM GMT+1","6","7","6","6","7","7","7","8","6","8","6","","6","6","5","6","Yes",""
"2019/11/11 10:05:29 PM GMT+1","4","7","8","7","7","8","7","7","6","8","8","","8","8","8","4","Yes",""
"2019/11/11 10:12:00 PM GMT+1","6","8","8","6","6","8","8","8","8","9","6","5","8","7","9","4","Yes","Grevling89"
"2019/11/11 10:12:48 PM GMT+1","7","8","7","7","8","9","7","9","7","9","8","6","8","8","8","5","Yes","harhaus"
"2019/11/11 10:21:27 PM GMT+1","8","8","8","7","8","9","8","9","7","8","9","5","9","9","8","5","Yes",""
"2019/11/11 10:23:04 PM GMT+1","6","7","7","6","7","7","8","8","6","8","8","6","8","4","6","2","Yes",""
"2019/11/11 10:24:47 PM GMT+1","6","8","7","6","7","8","7","7","6","9","9","5","7","9","6","4","Yes",""
"2019/11/11 10:27:45 PM GMT+1","6","8","6","6","8","9","7","8","7","8","8","5","8","7","7","6","Yes","mut_20"
"2019/11/11 10:32:47 PM GMT+1","7","8","8","7","7","8","7","8","7","6","8","6","8","8","8","5","No",""
"2019/11/11 10:37:52 PM GMT+1","7","8","7","7","9","7","7","8","9","9","9","5","7","9","8","5","No",""
"2019/11/11 10:47:48 PM GMT+1","6","9","7","7","7","8","7","7","7","7","9","","9","7","8","5","",""
"2019/11/11 10:50:16 PM GMT+1","6","8","8","6","7","9","8","9","7","8","9","7","8","9","8","3","Yes",""
"2019/11/11 10:55:26 PM GMT+1","6","6","8","6","7","8","8","8","6","8","9","6","9","9","7","3","Yes",""
"2019/11/11 10:59:14 PM GMT+1","7","9","7","6","8","10","10","7","7","9","10","1","8","8","10","3","Yes",""
"2019/11/11 11:10:01 PM GMT+1","6","7","7","6","6","7","8","7","7","7","8","6","8","7","7","6","Yes",""
"2019/11/11 11:21:12 PM GMT+1","6","7","7","5","8","8","8","7","6","8","7","","8","8","7","5","Yes",""
"2019/11/11 11:27:06 PM GMT+1","6","7","6","6","7","7","7","7","6","8","7","5","6","7","7","4","Yes",""
"2019/11/11 11:27:51 PM GMT+1","7","8","9","8","9","10","8","9","8","9","10","7","8","9","10","6","Yes","mocthezuma"
"2019/11/11 11:27:54 PM GMT+1","7","7","6","6","7","8","7","7","5","8","8","","8","8","8","4","No",""
"2019/11/11 11:27:56 PM GMT+1","8","7","7","7","8","8","7","8","7","7","7","","7","9","7","7","Yes",""
"2019/11/11 11:35:13 PM GMT+1","6","8","7","7","7","9","7","8","7","7","8","4","8","9","8","5","Yes","Neejil"
"2019/11/11 11:37:43 PM GMT+1","6","9","7","6","7","9","8","7","7","7","9","5","7","8","7","2","No",""
"2019/11/11 11:44:23 PM GMT+1","7","8","6","6","7","9","8","8","6","8","9","","8","8","8","6","Yes",""
"2019/11/11 11:44:41 PM GMT+1","7","9","6","6","6","6","7","7","6","8","6","5","7","8","7","5","Yes","ivs_sege"
"2019/11/11 11:50:27 PM GMT+1","7","8","7","6","7","8","8","8","6","7","8","","8","9","8","5","Yes","Mkenn2"
"2019/11/11 11:53:42 PM GMT+1","6","8","7","7","7","7","7","7","7","7","8","6","8","9","8","4","No",""
"2019/11/12 12:01:10 AM GMT+1","6","8","8","8","8","9","8","8","7","8","8","","8","9","8","4","",""
"2019/11/12 12:09:17 AM GMT+1","6","7","6","6","7","8","8","7","7","8","9","","8","9","9","5","",""
"2019/11/12 12:11:48 AM GMT+1","8","9","7","8","8","10","9","8","8","8","10","","8","6","8","7","Yes",""
"2019/11/12 12:21:07 AM GMT+1","8","9","8","7","9","10","7","9","6","8","8","5","9","9","9","6","No",""
"2019/11/12 12:25:33 AM GMT+1","6","8","7","6","7","8","8","9","7","8","9","6","9","9","9","6","Yes","weedbro420"
"2019/11/12 12:28:54 AM GMT+1","7","8","7","7","9","9","8","8","7","9","9","","8","8","9","4","Yes",""
"2019/11/12 12:29:30 AM GMT+1","7","8","7","7","8","7","7","8","7","7","8","7","8","8","7","4","No",""
"2019/11/12 12:34:43 AM GMT+1","6","7","7","6","6","9","7","8","5","7","8","6","7","6","10","5","Yes","b9amin"
"2019/11/12 12:44:44 AM GMT+1","7","8","7","7","7","8","8","9","7","7","8","6","8","8","7","6","No","1096Deusvultalways"
"2019/11/12 12:49:30 AM GMT+1","6","9","7","6","7","7","6","7","6","8","6","","7","6","6","6","Yes",""
"2019/11/12 1:00:05 AM GMT+1","7","8","7","6","8","9","8","8","6","9","9","7","8","8","7","4","No",""
"2019/11/12 1:04:30 AM GMT+1","6","8","6","6","8","8","6","8","6","8","8","6","8","8","7","4","No",""
"2019/11/12 1:13:05 AM GMT+1","8","8","8","7","7","8","9","9","6","8","9","5","8","8","8","5","Yes",""
"2019/11/12 1:17:46 AM GMT+1","6","7","7","6","8","8","7","8","7","8","9","7","8","8","8","4","Yes","Utd_DF24"
"2019/11/12 1:25:44 AM GMT+1","7","7","7","7","8","9","8","8","7","8","8","7","8","9","9","7","No","fairlyrandom"
"2019/11/12 1:36:35 AM GMT+1","7","8","8","6","7","8","8","9","6","8","9","","8","9","8","5","",""
"2019/11/12 1:38:02 AM GMT+1","6","7","8","7","7","7","7","8","8","7","8","6","7","8","7","6","No","Lethie"
"2019/11/12 1:42:38 AM GMT+1","6","8","6","7","6","9","7","8","6","8","8","","8","8","8","4","Yes","JayVondy"
"2019/11/12 1:49:21 AM GMT+1","6","9","7","7","8","9","8","8","7","9","9","","9","9","8","5","Yes",""
"2019/11/12 1:54:05 AM GMT+1","7","8","7","6","8","8","8","8","7","8","9","7","8","10","7","6","Yes",""
"2019/11/12 2:01:49 AM GMT+1","6","7","6","6","7","8","7","8","6","9","8","7","8","8","7","5","Yes",""
"2019/11/12 2:02:48 AM GMT+1","6","7","7","6","7","7","7","8","5","7","8","5","7","7","7","4","Yes",""
"2019/11/12 2:14:28 AM GMT+1","5","7","7","7","8","8","8","8","7","8","8","","9","8","8","6","",""
"2019/11/12 2:14:35 AM GMT+1","6","7","6","7","7","8","6","8","6","7","8","6","8","8","8","6","Yes",""
"2019/11/12 2:27:20 AM GMT+1","8","8","7","8","7","8","7","8","6","8","7","6","8","8","7","5","Yes",""
"2019/11/12 2:32:09 AM GMT+1","7","9","8","8","9","8","8","8","7","9","8","6","8","7","7","6","Yes","beerd_"
"2019/11/12 2:33:16 AM GMT+1","7","8","7","7","8","9","8","9","7","8","8","7","9","9","9","6","Yes",""
"2019/11/12 2:34:18 AM GMT+1","7","8","7","7","7","8","7","8","8","8","8","6","7","7","7","5","Yes",""
"2019/11/12 2:37:13 AM GMT+1","7","8","8","7","7","9","7","8","7","8","8","6","8","8","8","5","Yes","cacb3995"
"2019/11/12 2:41:05 AM GMT+1","8","9","7","7","8","9","9","9","8","9","9","8","9","9","9","7","Yes",""
"2019/11/12 2:41:48 AM GMT+1","6","8","9","8","9","10","9","8","6","8","10","6","8","9","10","4","Yes",""
"2019/11/12 2:46:32 AM GMT+1","7","7","7","7","7","7","8","8","8","9","8","6","9","10","10","6","No",""
"2019/11/12 2:57:06 AM GMT+1","6","8","7","7","7","7","7","7","6","8","7","6","8","7","7","6","Yes",""
"2019/11/12 3:00:31 AM GMT+1","6","8","7","6","7","8","7","8","6","8","9","6","9","9","8","5","Yes",""
"2019/11/12 3:11:37 AM GMT+1","6","8","6","7","8","8","7","8","7","8","9","7","8","7","4","4","Yes",""
"2019/11/12 3:53:46 AM GMT+1","6","8","7","7","7","8","8","9","6","8","9","7","9","9","9","5","Yes",""
"2019/11/12 3:57:02 AM GMT+1","8","9","9","7","8","9","8","9","8","9","9","7","9","10","8","7","Yes",""
"2019/11/12 3:58:09 AM GMT+1","7","7","8","7","7","8","7","7","6","8","9","","8","7","7","5","Yes","HappySisyphus22"
"2019/11/12 4:08:08 AM GMT+1","7","8","7","7","9","8","8","8","8","8","7","6","8","10","10","4","No","Thegrumpyguru "
"2019/11/12 4:12:25 AM GMT+1","7","9","8","6","8","7","8","8","5","10","10","5","7","9","7","6","Yes",""
"2019/11/12 4:52:31 AM GMT+1","6","8","7","7","8","9","8","8","6","7","8","7","8","8","9","5","No",""
"2019/11/12 4:53:27 AM GMT+1","7","8","7","7","8","7","8","8","7","7","8","","8","9","8","4","No",""
"2019/11/12 4:58:14 AM GMT+1","7","9","9","9","9","8","8","8","8","9","9","","9","8","8","3","",""
"2019/11/12 5:21:35 AM GMT+1","6","8","7","7","7","8","8","8","7","8","8","5","8","7","7","3","Yes",""
"2019/11/12 5:45:59 AM GMT+1","7","8","8","6","7","8","8","7","6","9","9","7","8","5","7","4","No","saptakb738"
"2019/11/12 5:51:49 AM GMT+1","6","8","8","7","8","9","8","8","7","8","9","","7","7","8","5","No","sassyicon"
"2019/11/12 6:06:49 AM GMT+1","6","9","7","7","8","9","8","8","7","7","8","5","8","9","8","6","No",""
"2019/11/12 6:32:36 AM GMT+1","7","7","7","8","8","9","9","8","7","8","8","7","7","6","7","5","No","u/HappyToRaiseYourDay"
"2019/11/12 6:33:07 AM GMT+1","7","8","6","7","7","7","6","8","6","7","9","7","8","8","7","4","Yes",""
"2019/11/12 6:33:28 AM GMT+1","7","9","8","7","9","8","9","8","7","8","8","","8","7","7","6","No",""
"2019/11/12 6:40:31 AM GMT+1","6","8","7","6","7","8","7","7","6","8","8","6","8","7","8","5","Yes",""
"2019/11/12 6:52:28 AM GMT+1","6","9","8","8","8","9","8","8","7","8","8","7","8","8","9","5","Yes",""
"2019/11/12 7:16:32 AM GMT+1","7","8","6","7","8","9","9","8","7","8","9","1","10","10","10","4","No","ultralightpablo"
"2019/11/12 7:21:03 AM GMT+1","6","8","7","7","8","10","7","8","6","8","9","7","8","7","7","3","Yes",""
"2019/11/12 7:47:41 AM GMT+1","7","9","8","8","9","10","9","9","7","10","10","7","9","8","10","4","Yes","MangoTechnologies"
"2019/11/12 7:49:22 AM GMT+1","6","9","8","7","9","9","9","9","8","8","8","8","9","8","8","5","Yes",""
"2019/11/12 7:51:45 AM GMT+1","6","8","8","7","7","8","6","7","5","8","7","7","8","8","8","5","","SAKabir"
"2019/11/12 8:33:03 AM GMT+1","6","6","6","6","6","6","6","6","6","6","7","5","6","6","6","4","Yes","ProxyClouds"
"2019/11/12 8:45:26 AM GMT+1","7","7","7","10","7","10","9","8","8","10","9","","10","9","10","5","Yes",""
"2019/11/12 9:02:15 AM GMT+1","6","8","8","7","8","9","7","8","7","8","9","7","8","8","7","6","Yes",""
"2019/11/12 9:30:51 AM GMT+1","8","9","8","7","8","8","8","9","8","10","9","","10","9","9","5","Yes","juancorleone"
"2019/11/12 9:51:28 AM GMT+1","6","8","5","6","7","8","7","8","8","7","7","4","7","7","6","4","Yes",""
"2019/11/12 10:12:08 AM GMT+1","6","7","7","6","7","8","7","7","7","8","8","5","7","7","7","4","Yes",""
"2019/11/12 10:22:03 AM GMT+1","6","7","7","7","7","9","8","8","6","7","9","","8","9","8","7","Yes",""
"2019/11/12 10:24:41 AM GMT+1","7","8","5","5","7","8","8","7","5","6","8","6","7","6","6","7","Yes","Dockedstorm"
"2019/11/12 10:28:56 AM GMT+1","6","9","6","6","7","10","8","8","7","8","9","7","9","8","8","3","No",""
"2019/11/12 10:34:26 AM GMT+1","6","7","7","7","7","8","7","8","7","8","8","6","7","8","7","6","Yes",""
"2019/11/12 10:36:50 AM GMT+1","7","7","6","6","6","9","6","7","5","7","5","1","7","7","10","5","Yes",""
"2019/11/12 10:42:13 AM GMT+1","7","8","7","6","7","9","7","7","7","8","9","8","8","8","8","4","Yes","whatthefuck1712"
"2019/11/12 10:42:13 AM GMT+1","7","8","8","7","7","8","7","7","6","6","8","5","8","8","7","6","Yes","NRF91"
"2019/11/12 10:53:27 AM GMT+1","6","6","7","7","6","8","7","7","7","8","9","6","8","7","8","4","Yes",""
"2019/11/12 10:55:24 AM GMT+1","6","8","6","6","8","9","8","8","6","7","9","","8","8","7","5","Yes",""
"2019/11/12 11:06:02 AM GMT+1","6","7","7","6","8","9","7","9","6","8","8","6","7","7","6","5","Yes",""
"2019/11/12 11:15:36 AM GMT+1","6","8","7","6","7","8","8","9","6","9","8","","8","8","7","5","Yes","Nzudememi"
"2019/11/12 11:18:56 AM GMT+1","4","7","6","5","7","8","7","7","6","8","7","","7","6","8","6","",""
"2019/11/12 11:52:45 AM GMT+1","9","8","8","6","7","10","9","10","8","10","9","","10","9","8","5","",""
"2019/11/12 12:31:54 PM GMT+1","5","8","7","6","7","9","6","7","6","8","7","","8","8","8","4","No",""
"2019/11/12 12:36:02 PM GMT+1","6","8","7","6","7","9","7","7","7","6","7","","9","8","9","4","Yes",""
"2019/11/12 1:02:53 PM GMT+1","7","6","7","7","8","9","8","8","7","9","9","","7","7","8","6","",""
"2019/11/12 1:12:43 PM GMT+1","7","7","8","7","7","8","8","8","7","8","8","7","9","9","9","6","Yes",""
"2019/11/12 2:08:33 PM GMT+1","7","8","7","7","8","9","7","9","7","9","8","7","9","6","7","5","No",""
"2019/11/12 2:20:09 PM GMT+1","6","8","7","7","8","9","7","8","7","8","8","7","8","8","8","3","Yes","LeonKlaus"
"2019/11/12 2:39:35 PM GMT+1","7","9","7","6","7","9","8","9","7","9","8","6","8","8","9","3","Yes",""
"2019/11/12 2:48:17 PM GMT+1","6","7","7","7","6","8","5","7","4","6","8","4","6","5","5","5","Yes","KnickerSniffer"
"2019/11/12 3:16:08 PM GMT+1","6","9","7","7","8","8","8","9","8","8","9","6","8","7","7","4","Yes",""
"2019/11/12 3:35:22 PM GMT+1","7","8","8","9","7","8","7","7","6","6","7","","8","8","6","4","Yes",""
"2019/11/12 4:23:23 PM GMT+1","9","10","5","6","9","8","8","8","8","10","10","","8","10","10","1","Yes",""