"Timestamp","David de Gea","Brandon Williams","Harry Maguire","Victor Lindelof","Aaron Wan Bissaka","Fred","Andreas Pereira","Marcus Rashford","Juan Mata","Daniel James","Anthony Martial","Jesse Lingard (optional)","Luke Shaw (optional)","Team Performance","Final Result","Ole","Opponent: Aston Villa","Did the ref/VAR do a good job (optional & please be unbiased)"
"2019/12/02 9:46:13 PM GMT+1","7","3","4","5","4","5","3","4","5","6","3","","","4","2","3","6","Yes"
"2019/12/02 9:46:39 PM GMT+1","6","4","5","5","6","5","1","6","2","8","4","6","6","3","3","4","7","Yes"
"2019/12/02 9:46:41 PM GMT+1","6","6","4","7","5","6","4","6","4","6","6","5","5","5","5","1","6","Yes"
"2019/12/02 9:46:44 PM GMT+1","6","6","5","4","6","6","3","5","4","6","5","4","4","4","2","4","6","Yes"
"2019/12/02 9:47:18 PM GMT+1","5","5","4","6","5","6","2","5","4","6","4","","","2","3","4","6","Yes"
"2019/12/02 9:47:37 PM GMT+1","5","3","5","6","4","6","3","4","2","5","5","5","6","3","2","1","8","Yes"
"2019/12/02 9:47:40 PM GMT+1","3","2","1","1","3","4","2","6","2","3","1","3","1","1","1","1","5","Yes"
"2019/12/02 9:47:51 PM GMT+1","7","5","6","6","6","7","5","7","6","7","5","6","6","5","5","5","7","Yes"
"2019/12/02 9:48:28 PM GMT+1","5","3","5","5","5","6","4","7","4","6","5","","","5","4","4","5","Yes"
"2019/12/02 9:48:34 PM GMT+1","7","5","5","7","6","5","3","6","5","6","6","5","5","5","5","3","8","Yes"
"2019/12/02 9:48:34 PM GMT+1","4","6","5","6","5","4","2","4","2","4","3","2","5","3","2","1","5","Yes"
"2019/12/02 9:49:17 PM GMT+1","6","5","5","4","6","6","1","4","3","5","5","4","4","2","5","3","6","Yes"
"2019/12/02 9:49:25 PM GMT+1","5","4","3","3","3","5","1","2","4","5","2","1","1","2","2","1","4","Yes"
"2019/12/02 9:50:27 PM GMT+1","6","4","4","6","6","5","2","4","3","6","3","3","3","4","1","3","7","Yes"
"2019/12/02 9:51:01 PM GMT+1","5","4","5","6","5","5","3","5","5","6","4","4","5","3","2","2","8","Yes"
"2019/12/02 9:51:15 PM GMT+1","6","5","5","5","6","5","2","6","5","6","3","5","6","4","1","4","6","Yes"
"2019/12/02 9:51:56 PM GMT+1","6","2","5","6","5","7","3","5","6","6","5","5","6","5","2","2","4","Yes"
"2019/12/02 9:52:04 PM GMT+1","6","6","5","7","7","7","4","6","4","6","5","5","5","5","5","6","8","Yes"
"2019/12/02 9:52:32 PM GMT+1","5","4","4","4","5","4","3","5","5","6","5","","","3","2","1","7","Yes"
"2019/12/02 9:53:28 PM GMT+1","6","5","7","6","7","7","3","8","6","8","7","6","","4","4","5","6","No"
"2019/12/02 9:55:43 PM GMT+1","10","3","7","7","8","8","4","10","8","10","10","8","5","7","4","10","8","Yes"
"2019/12/02 9:56:07 PM GMT+1","6","1","1","1","1","1","1","1","1","7","1","1","1","1","1","1","5","No"
"2019/12/02 9:56:31 PM GMT+1","6","3","6","5","6","7","2","6","5","8","5","5","","5","1","3","4","No"
"2019/12/02 9:56:44 PM GMT+1","6","6","6","5","5","5","4","7","6","7","6","6","6","3","3","5","4",""
"2019/12/02 9:56:45 PM GMT+1","5","4","4","6","4","5","4","6","3","5","3","4","5","4","2","4","7","Yes"
"2019/12/02 9:57:14 PM GMT+1","6","3","4","4","4","3","4","3","4","5","4","","","4","3","2","6","Yes"
"2019/12/02 9:57:59 PM GMT+1","9","5","5","6","5","6","5","6","4","6","4","","","4","1","1","6",""
"2019/12/02 9:59:09 PM GMT+1","6","6","6","7","7","2","1","6","6","9","7","6","4","3","3","2","5","Yes"
"2019/12/02 9:59:44 PM GMT+1","6","6","4","4","5","5","2","5","3","5","3","4","4","3","3","2","6","Yes"
"2019/12/02 9:59:45 PM GMT+1","6","3","3","4","3","5","1","4","2","6","2","","","2","2","1","6","No"
"2019/12/02 10:00:00 PM GMT+1","5","4","4","4","5","6","4","5","5","6","4","5","5","3","1","4","6","No"
"2019/12/02 10:00:42 PM GMT+1","10","10","10","10","10","10","10","10","10","10","10","10","10","10","10","10","10","Yes"
"2019/12/02 10:01:38 PM GMT+1","6","5","6","6","6","7","5","5","5","5","5","5","5","3","1","1","10","Yes"
"2019/12/02 10:02:31 PM GMT+1","6","4","3","5","4","4","1","4","3","3","1","","","1","1","1","8","Yes"
"2019/12/02 10:03:58 PM GMT+1","4","4","3","5","4","4","3","3","4","5","3","4","3","4","4","5","5",""
"2019/12/02 10:04:19 PM GMT+1","8","6","6","5","5","7","4","7","6","8","5","4","3","5","4","5","6","Yes"
"2019/12/02 10:04:42 PM GMT+1","7","4","5","4","5","8","1","5","5","7","3","","","4","3","2","6","Yes"
"2019/12/02 10:05:00 PM GMT+1","6","4","3","2","5","3","1","5","3","2","5","3","2","2","2","1","6","Yes"
"2019/12/02 10:05:05 PM GMT+1","3","2","1","1","1","1","1","1","1","4","1","1","1","1","1","1","7","No"
"2019/12/02 10:06:27 PM GMT+1","5","4","4","5","5","6","4","4","4","6","6","5","5","4","4","2","6","No"
"2019/12/02 10:07:05 PM GMT+1","6","5","6","7","5","6","7","8","5","6","6","","","5","4","6","5","Yes"
"2019/12/02 10:07:09 PM GMT+1","6","7","6","6","6","4","3","5","5","7","6","3","3","4","4","1","4","Yes"
"2019/12/02 10:07:15 PM GMT+1","8","3","2","3","2","5","3","7","3","4","1","4","4","2","2","2","6","Yes"
"2019/12/02 10:07:22 PM GMT+1","5","5","5","6","5","6","4","5","4","7","4","","","4","2","3","8","No"
"2019/12/02 10:07:43 PM GMT+1","6","6","5","6","7","8","3","5","4","7","2","5","5","4","6","10","8","Yes"
"2019/12/02 10:08:10 PM GMT+1","5","4","5","6","5","5","4","7","5","5","4","5","","4","6","4","7","Yes"
"2019/12/02 10:08:59 PM GMT+1","7","6","5","5","5","6","2","5","6","7","4","4","","4","2","4","7","Yes"
"2019/12/02 10:09:22 PM GMT+1","6","4","5","6","3","4","2","4","2","4","4","","","2","1","1","6","Yes"
"2019/12/02 10:11:12 PM GMT+1","7","8","7","8","8","8","6","8","7","6","7","7","6","7","5","9","8","Yes"
"2019/12/02 10:12:07 PM GMT+1","6","4","4","6","5","5","5","5","6","5","4","6","4","4","4","4","5",""
"2019/12/02 10:14:01 PM GMT+1","7","6","7","7","7","7","6","6","6","7","6","6","6","6","5","6","7","No"
"2019/12/02 10:14:57 PM GMT+1","7","4","6","7","5","6","6","6","6","7","6","6","7","4","3","7","6","Yes"
"2019/12/02 10:16:58 PM GMT+1","5","5","3","4","3","4","3","5","5","7","6","5","5","1","1","1","6","Yes"
"2019/12/02 10:18:03 PM GMT+1","6","4","5","5","2","4","2","4","5","6","3","6","5","3","3","3","5","No"
"2019/12/02 10:18:27 PM GMT+1","8","5","6","6","5","5","3","7","6","6","4","7","6","4","3","5","8","No"
"2019/12/02 10:19:09 PM GMT+1","7","8","5","6","4","3","1","4","2","6","4","2","1","2","1","1","5","Yes"
"2019/12/02 10:19:50 PM GMT+1","6","5","4","4","6","5","3","5","4","5","4","5","5","4","6","3","7","Yes"
"2019/12/02 10:20:29 PM GMT+1","9","8","5","6","7","7","4","6","7","5","8","7","7","4","4","5","6","No"
"2019/12/02 10:21:24 PM GMT+1","6","5","2","4","2","4","2","6","4","8","6","3","3","3","5","2","8","Yes"
"2019/12/02 10:21:34 PM GMT+1","7","6","6","5","6","6","3","9","5","5","8","5","5","5","5","5","5","Yes"
"2019/12/02 10:22:44 PM GMT+1","6","6","7","7","7","3","3","6","6","5","6","","","5","4","5","7","Yes"
"2019/12/02 10:23:02 PM GMT+1","8","5","3","5","4","7","1","4","4","3","4","2","2","1","1","1","8","Yes"
"2019/12/02 10:25:17 PM GMT+1","7","5","6","6","7","4","2","6","4","6","5","","","4","2","1","7","No"
"2019/12/02 10:26:44 PM GMT+1","6","4","5","6","6","6","5","6","6","7","7","","","4","4","4","6",""
"2019/12/02 10:28:28 PM GMT+1","5","4","4","6","5","5","4","6","4","5","4","4","4","4","2","4","5","Yes"
"2019/12/02 10:29:38 PM GMT+1","1","1","1","1","1","1","1","1","1","1","1","1","1","1","1","1","10","Yes"
"2019/12/02 10:30:18 PM GMT+1","7","7","4","10","10","2","3","5","3","10","6","5","4","5","5","10","8","Yes"
"2019/12/02 10:30:38 PM GMT+1","6","4","5","7","6","4","4","6","5","7","6","","","4","2","3","2","Yes"
"2019/12/02 10:30:41 PM GMT+1","5","5","5","6","6","6","1","6","5","5","4","","","3","3","2","8","Yes"
"2019/12/02 10:31:34 PM GMT+1","7","5","3","3","7","4","1","4","5","6","3","4","3","3","2","2","8","Yes"
"2019/12/02 10:32:50 PM GMT+1","5","4","5","6","5","4","4","5","5","5","5","5","5","4","4","5","4","Yes"
"2019/12/02 10:36:29 PM GMT+1","6","6","5","7","4","5","4","7","4","5","6","4","5","5","4","5","5","No"
"2019/12/02 10:36:39 PM GMT+1","5","4","5","6","5","3","3","5","4","5","4","5","5","4","4","4","5","Yes"
"2019/12/02 10:36:40 PM GMT+1","6","3","3","5","4","6","3","5","7","7","5","5","7","4","2","2","8","Yes"
"2019/12/02 10:39:53 PM GMT+1","5","3","4","4","4","3","2","4","2","3","3","4","4","3","1","2","6","Yes"
"2019/12/02 10:40:41 PM GMT+1","1","1","1","1","1","1","1","1","1","1","1","1","1","1","1","1","1","Yes"
"2019/12/02 10:40:41 PM GMT+1","7","4","4","6","6","6","3","4","4","6","5","4","4","4","3","4","5","No"
"2019/12/02 10:41:23 PM GMT+1","5","4","3","5","4","5","3","3","2","3","1","4","","1","1","4","5","Yes"
"2019/12/02 10:42:56 PM GMT+1","5","4","3","6","4","5","3","6","4","7","2","5","2","2","1","4","6","Yes"
"2019/12/02 10:43:38 PM GMT+1","6","5","5","6","6","5","3","5","7","6","3","4","4","5","4","5","7","No"
"2019/12/02 10:44:04 PM GMT+1","7","6","4","4","7","8","2","4","6","7","3","3","3","3","2","3","8","Yes"
"2019/12/02 10:45:18 PM GMT+1","5","4","3","5","3","2","5","5","3","6","3","5","5","3","3","3","6","Yes"
"2019/12/02 10:46:09 PM GMT+1","7","6","5","5","5","5","5","6","5","5","5","5","5","4","4","3","6","Yes"
"2019/12/02 10:46:51 PM GMT+1","5","3","4","5","6","5","2","5","8","5","4","5","5","4","1","2","7","No"
"2019/12/02 10:48:51 PM GMT+1","5","4","5","5","5","5","6","6","4","5","5","5","5","3","2","3","7","Yes"
"2019/12/02 10:49:28 PM GMT+1","6","7","6","6","7","7","2","6","5","5","6","","","5","3","10","10","No"
"2019/12/02 10:49:54 PM GMT+1","7","6","5","5","6","6","5","6","7","7","5","6","6","4","4","4","5","Yes"
"2019/12/02 10:54:50 PM GMT+1","7","6","6","6","7","7","5","7","5","7","6","5","","5","4","4","4","Yes"
"2019/12/02 10:55:50 PM GMT+1","6","5","4","4","5","4","3","5","3","6","5","3","5","4","2","5","7","No"
"2019/12/02 10:55:53 PM GMT+1","6","5","5","6","5","5","1","4","6","7","4","3","1","3","5","1","7",""
"2019/12/02 10:56:15 PM GMT+1","6","6","5","6","6","5","4","7","6","7","4","7","5","6","3","5","6","No"
"2019/12/02 10:56:23 PM GMT+1","6","4","6","8","6","7","6","8","5","8","7","6","8","4","3","5","5","Yes"
"2019/12/02 10:58:00 PM GMT+1","6","4","6","6","6","7","5","6","5","5","5","","","4","4","5","7","No"
"2019/12/02 10:58:44 PM GMT+1","6","5","5","6","6","5","2","5","4","5","3","4","5","3","3","4","6","Yes"
"2019/12/02 11:00:11 PM GMT+1","7","4","4","6","6","7","3","5","5","7","5","7","6","4","3","5","5","Yes"
"2019/12/02 11:01:58 PM GMT+1","7","5","5","5","6","7","4","7","5","5","3","5","4","3","3","1","3","No"
"2019/12/02 11:02:53 PM GMT+1","6","5","5","6","5","3","3","6","4","5","4","3","3","1","3","1","7","Yes"
"2019/12/02 11:07:19 PM GMT+1","7","6","5","5","5","9","1","4","4","8","4","6","6","2","5","1","7","Yes"
"2019/12/02 11:08:10 PM GMT+1","6","4","5","6","5","5","3","5","6","6","5","5","5","3","3","5","6","No"
"2019/12/02 11:09:41 PM GMT+1","7","5","5","5","6","6","3","6","4","6","3","","","4","1","3","8",""
"2019/12/02 11:11:49 PM GMT+1","4","4","3","5","4","3","2","5","6","7","4","4","5","5","3","7","6","Yes"
"2019/12/02 11:13:56 PM GMT+1","6","3","3","6","2","6","2","6","4","5","5","","","2","1","3","6","Yes"
"2019/12/02 11:14:25 PM GMT+1","6","5","5","6","5","7","3","4","5","5","6","5","4","3","2","2","6","No"
"2019/12/02 11:15:44 PM GMT+1","7","5","4","6","5","6","6","6","6","7","5","5","6","5","4","3","7","Yes"
"2019/12/02 11:17:48 PM GMT+1","5","5","5","6","4","4","3","5","4","4","5","4","3","4","4","3","8","Yes"
"2019/12/02 11:18:51 PM GMT+1","6","6","6","6","6","5","2","4","2","5","2","5","5","4","2","3","4","No"
"2019/12/02 11:20:08 PM GMT+1","6","3","3","4","3","5","2","3","2","6","4","4","3","2","2","2","5",""
"2019/12/02 11:23:23 PM GMT+1","7","6","3","5","6","6","3","6","4","7","4","","","2","1","1","7","Yes"
"2019/12/02 11:24:36 PM GMT+1","6","5","4","4","5","2","2","6","4","5","4","4","4","1","1","3","7","Yes"
"2019/12/02 11:28:09 PM GMT+1","7","6","7","8","6","8","3","7","5","7","6","5","6","6","4","3","7","No"
"2019/12/02 11:32:37 PM GMT+1","6","4","3","3","2","4","3","4","2","4","2","1","3","1","3","1","7","Yes"
"2019/12/02 11:35:15 PM GMT+1","5","4","4","4","5","5","3","5","4","5","5","5","5","3","2","2","3","Yes"
"2019/12/02 11:36:41 PM GMT+1","7","5","3","5","4","7","3","6","5","7","5","5","5","3","8","5","7","Yes"
"2019/12/02 11:36:43 PM GMT+1","7","6","6","7","6","6","1","7","5","7","5","5","5","5","1","2","6","Yes"
"2019/12/02 11:37:44 PM GMT+1","5","5","5","5","5","5","3","6","4","5","5","","","3","3","2","5","Yes"
"2019/12/02 11:40:36 PM GMT+1","7","5","5","7","7","8","6","8","6","8","6","8","6","7","5","7","8","No"
"2019/12/02 11:41:48 PM GMT+1","6","2","7","8","6","9","4","5","4","6","7","5","6","5","3","5","6","Yes"
"2019/12/02 11:43:45 PM GMT+1","6","6","6","6","5","5","4","5","5","5","4","5","5","4","3","1","6","No"
"2019/12/02 11:46:47 PM GMT+1","7","6","6","7","5","6","5","6","6","6","5","6","6","5","4","5","6","Yes"
"2019/12/02 11:49:26 PM GMT+1","5","1","5","6","3","5","1","4","5","8","6","5","5","3","2","2","6",""
"2019/12/02 11:53:08 PM GMT+1","6","6","5","7","6","5","5","7","6","7","4","","","4","4","3","5","Yes"
"2019/12/02 11:53:55 PM GMT+1","6","5","5","6","6","6","4","5","4","5","4","","","4","4","4","5",""
"2019/12/02 11:56:16 PM GMT+1","6","6","5","6","7","5","4","7","5","7","5","","","5","1","4","5",""
"2019/12/02 11:57:23 PM GMT+1","6","4","5","3","5","7","4","5","4","5","3","5","4","3","1","1","7","Yes"
"2019/12/03 12:00:02 AM GMT+1","1","1","1","1","1","1","1","1","1","1","1","1","1","1","1","1","10","Yes"
"2019/12/03 12:03:07 AM GMT+1","5","4","4","6","4","4","2","6","5","5","5","","","4","3","2","5",""
"2019/12/03 12:04:48 AM GMT+1","6","4","6","6","5","6","4","6","6","6","6","5","5","3","2","4","5","No"
"2019/12/03 12:06:28 AM GMT+1","8","3","4","5","4","5","4","6","5","5","6","","5","4","3","1","6","Yes"
"2019/12/03 12:09:38 AM GMT+1","1","2","3","4","5","6","7","8","9","10","1","2","3","1","1","1","1","Yes"
"2019/12/03 12:10:47 AM GMT+1","8","4","4","5","5","4","1","6","3","5","3","5","2","2","2","5","6","Yes"
"2019/12/03 12:11:56 AM GMT+1","6","5","5","5","5","6","4","6","5","8","5","7","5","6","4","5","6",""
"2019/12/03 12:12:44 AM GMT+1","5","7","3","7","7","7","3","7","6","5","7","2","4","4","1","1","8","Yes"
"2019/12/03 12:13:46 AM GMT+1","6","6","6","7","7","5","5","7","4","7","6","7","7","6","5","7","4","No"
"2019/12/03 12:13:48 AM GMT+1","6","4","5","5","5","5","1","5","3","5","4","","","1","1","1","10","No"
"2019/12/03 12:15:40 AM GMT+1","6","2","4","5","4","4","1","7","6","6","6","1","4","3","1","2","3","No"
"2019/12/03 12:18:56 AM GMT+1","6","6","7","6","6","6","4","7","3","4","5","4","4","4","4","3","4","Yes"
"2019/12/03 12:25:35 AM GMT+1","5","4","4","6","5","6","3","6","5","6","4","","","4","2","2","6","Yes"
"2019/12/03 12:27:38 AM GMT+1","6","5","4","6","6","6","3","6","5","6","5","6","6","5","1","10","7","Yes"
"2019/12/03 12:31:20 AM GMT+1","6","3","3","2","3","5","2","4","4","4","1","2","1","2","3","1","6","Yes"
"2019/12/03 12:37:14 AM GMT+1","6","5","5","5","5","7","2","6","4","4","4","5","5","3","8","4","7","Yes"
"2019/12/03 12:39:29 AM GMT+1","6","6","4","4","5","7","5","7","5","5","6","6","4","5","3","3","7","No"
"2019/12/03 12:41:28 AM GMT+1","6","5","4","3","6","5","1","6","4","5","5","4","2","4","1","1","6","No"
"2019/12/03 12:49:09 AM GMT+1","6","4","4","6","4","5","2","4","4","7","4","4","5","4","2","2","6","No"
"2019/12/03 12:52:57 AM GMT+1","4","4","3","5","5","4","2","4","3","3","3","","","1","1","1","4",""
"2019/12/03 12:59:27 AM GMT+1","6","4","5","5","4","5","4","5","5","5","5","5","5","4","4","4","5","No"
"2019/12/03 1:16:10 AM GMT+1","7","5","6","6","7","7","4","6","6","7","5","6","5","5","4","5","7","No"
"2019/12/03 1:21:07 AM GMT+1","6","5","5","5","6","7","6","6","6","7","6","6","","5","5","5","7","Yes"
"2019/12/03 1:21:52 AM GMT+1","6","5","6","7","6","6","4","7","6","7","5","6","6","4","3","4","7","No"
"2019/12/03 1:23:05 AM GMT+1","6","4","5","6","6","7","4","7","6","6","4","6","6","4","1","1","8","Yes"
"2019/12/03 1:31:08 AM GMT+1","5","4","4","5","4","6","5","6","4","6","4","5","3","4","4","5","6","Yes"
"2019/12/03 1:38:07 AM GMT+1","5","5","5","6","5","4","3","6","4","6","6","","","4","2","3","7",""
"2019/12/03 1:43:55 AM GMT+1","7","6","5","5","5","6","4","7","5","6","5","5","4","4","4","5","6","Yes"
"2019/12/03 1:48:18 AM GMT+1","6","1","5","7","5","5","1","3","2","7","5","4","","3","1","1","10","Yes"
"2019/12/03 1:54:06 AM GMT+1","7","6","6","5","5","3","2","4","3","3","5","","","2","1","1","7","Yes"
"2019/12/03 1:55:57 AM GMT+1","6","3","4","6","2","5","5","7","4","6","5","5","5","4","3","3","5","Yes"
"2019/12/03 1:55:57 AM GMT+1","7","5","5","5","6","6","3","6","4","8","6","","","5","4","5","5","No"
"2019/12/03 2:17:48 AM GMT+1","7","6","5","6","6","8","8","9","6","5","6","","","6","5","8","8",""
"2019/12/03 2:24:23 AM GMT+1","5","5","4","4","4","5","4","7","6","7","6","5","4","4","3","2","7","Yes"
"2019/12/03 2:24:26 AM GMT+1","7","4","4","2","5","5","4","5","4","6","3","3","3","2","2","2","5",""
"2019/12/03 2:25:49 AM GMT+1","7","6","5","7","6","7","5","5","5","5","4","6","","4","1","1","7","Yes"
"2019/12/03 2:27:52 AM GMT+1","7","3","3","4","4","7","2","5","3","5","4","4","3","1","1","1","7","No"
"2019/12/03 2:31:44 AM GMT+1","5","3","5","6","5","7","2","4","8","6","4","4","6","3","1","4","8","Yes"
"2019/12/03 2:33:49 AM GMT+1","6","5","4","5","5","4","4","5","4","5","5","5","5","4","2","5","6","No"
"2019/12/03 2:33:50 AM GMT+1","6","3","6","6","5","5","5","7","7","7","5","5","5","4","3","4","7","Yes"
"2019/12/03 2:34:31 AM GMT+1","5","6","6","7","6","4","1","2","5","8","5","6","5","3","5","3","8","Yes"
"2019/12/03 2:51:08 AM GMT+1","10","10","10","10","10","10","10","10","10","10","10","10","10","10","10","10","1","Yes"
"2019/12/03 3:00:52 AM GMT+1","6","3","3","3","3","6","2","5","4","4","4","5","5","2","3","3","8","No"
"2019/12/03 3:03:13 AM GMT+1","5","3","5","5","4","4","2","5","3","4","4","4","4","2","2","2","5","Yes"
"2019/12/03 3:20:48 AM GMT+1","5","4","3","4","4","6","5","4","5","5","7","4","3","3","2","1","7","No"
"2019/12/03 3:35:13 AM GMT+1","5","5","4","3","3","5","2","5","1","5","5","5","2","1","1","1","3","No"
"2019/12/03 3:36:40 AM GMT+1","6","3","4","6","5","6","5","5","5","6","5","","","4","4","5","5","Yes"
"2019/12/03 3:45:34 AM GMT+1","6","5","5","4","5","6","3","4","5","7","4","","","4","3","2","7","Yes"
"2019/12/03 4:13:17 AM GMT+1","6","5","5","5","4","4","2","5","5","6","3","5","3","2","1","1","5","Yes"
"2019/12/03 4:16:54 AM GMT+1","7","5","5","6","6","7","1","6","5","6","4","","","5","3","1","6","No"
"2019/12/03 4:30:10 AM GMT+1","7","6","5","6","6","10","5","6","5","6","5","7","5","4","1","4","6","Yes"
"2019/12/03 4:35:08 AM GMT+1","5","3","4","5","5","6","5","6","3","4","5","3","4","4","4","3","6","Yes"
"2019/12/03 4:36:12 AM GMT+1","7","3","3","5","5","7","1","3","4","8","5","5","4","2","1","1","8","Yes"
"2019/12/03 4:43:09 AM GMT+1","4","3","3","2","3","3","1","6","4","5","5","5","5","3","1","1","5","No"
"2019/12/03 4:43:10 AM GMT+1","10","6","6","4","7","5","5","6","5","7","4","4","4","4","1","5","6","Yes"
"2019/12/03 4:44:33 AM GMT+1","6","5","5","6","5","5","5","5","5","6","5","","","4","4","5","8","Yes"
"2019/12/03 4:46:23 AM GMT+1","5","4","4","6","5","5","5","6","4","4","2","5","5","1","1","1","7","Yes"
"2019/12/03 5:08:26 AM GMT+1","6","4","5","6","5","6","3","5","5","6","5","6","5","4","3","3","6","Yes"
"2019/12/03 5:15:32 AM GMT+1","6","3","4","6","6","6","2","6","5","7","5","6","5","4","2","4","6","Yes"
"2019/12/03 5:25:06 AM GMT+1","6","5","5","6","6","6","3","5","5","6","5","","","5","3","3","7","Yes"
"2019/12/03 5:28:19 AM GMT+1","6","6","6","7","7","7","6","7","6","7","6","6","5","7","7","8","7","Yes"
"2019/12/03 5:40:27 AM GMT+1","7","6","5","6","6","6","4","3","5","6","6","4","6","4","3","2","2","No"
"2019/12/03 5:44:19 AM GMT+1","6","3","3","4","4","4","4","4","6","7","3","6","4","3","2","6","5","No"
"2019/12/03 5:51:06 AM GMT+1","6","4","4","4","4","5","1","6","4","6","5","5","4","4","4","3","6","Yes"
"2019/12/03 5:52:17 AM GMT+1","6","7","4","4","5","5","3","6","5","6","5","7","5","4","3","3","6","No"
"2019/12/03 5:59:04 AM GMT+1","7","6","8","7","6","7","2","8","4","5","4","7","","5","3","6","3","No"
"2019/12/03 6:02:06 AM GMT+1","5","5","3","6","5","6","5","6","3","4","3","","","3","1","1","8","No"
"2019/12/03 6:19:16 AM GMT+1","6","4","5","5","5","7","6","7","5","6","6","6","","7","3","8","4","No"
"2019/12/03 6:25:46 AM GMT+1","7","5","5","9","7","6","4","8","5","7","4","6","6","4","1","6","5","Yes"
"2019/12/03 6:38:38 AM GMT+1","5","4","4","5","4","6","4","5","5","6","4","5","5","4","2","3","7","Yes"
"2019/12/03 6:41:57 AM GMT+1","6","5","6","6","6","5","4","6","5","6","5","5","","5","4","5","6","Yes"
"2019/12/03 6:46:27 AM GMT+1","6","6","5","8","6","7","5","7","6","7","6","","","6","5","5","6",""
"2019/12/03 6:55:49 AM GMT+1","5","3","3","4","4","5","1","3","2","4","3","1","1","1","1","1","6","No"
"2019/12/03 7:02:54 AM GMT+1","4","4","3","3","4","4","2","3","3","3","2","3","3","3","3","2","7","Yes"
"2019/12/03 7:06:53 AM GMT+1","7","5","5","5","5","4","2","7","3","7","7","","","4","2","3","7","No"
"2019/12/03 7:14:43 AM GMT+1","6","5","6","6","6","7","6","6","6","6","6","","","6","3","7","7","No"
"2019/12/03 7:28:37 AM GMT+1","6","3","7","4","5","7","3","5","5","5","4","5","6","5","5","7","5","Yes"
"2019/12/03 7:28:50 AM GMT+1","5","3","4","4","4","3","1","3","2","5","4","","","3","1","3","6",""
"2019/12/03 7:34:59 AM GMT+1","6","3","2","2","2","5","4","5","3","5","4","5","4","3","4","2","5","No"
"2019/12/03 7:41:20 AM GMT+1","5","4","4","3","4","4","2","7","4","5","5","4","5","4","3","3","7","No"
"2019/12/03 7:42:20 AM GMT+1","6","4","4","5","6","5","2","3","1","3","3","1","1","2","1","1","5","Yes"
"2019/12/03 8:19:46 AM GMT+1","6","5","4","5","5","6","3","6","3","6","6","6","5","4","4","3","5","No"
"2019/12/03 8:20:39 AM GMT+1","6","4","3","3","4","6","2","5","4","3","5","","","3","3","2","6","Yes"
"2019/12/03 8:20:50 AM GMT+1","7","7","6","6","6","8","3","7","6","8","4","6","4","4","7","7","6","No"
"2019/12/03 8:21:44 AM GMT+1","6","5","6","7","6","7","5","5","7","7","4","5","6","5","4","7","6","Yes"
"2019/12/03 8:23:04 AM GMT+1","7","4","4","5","3","6","4","6","4","6","5","3","4","4","1","3","7","Yes"
"2019/12/03 8:23:34 AM GMT+1","7","5","6","8","6","7","3","7","6","8","6","","","5","4","3","6","Yes"
"2019/12/03 8:28:56 AM GMT+1","8","6","7","7","8","7","4","7","5","6","5","6","5","5","4","6","7","Yes"
"2019/12/03 8:35:22 AM GMT+1","6","4","4","5","5","4","3","4","3","4","3","4","5","2","1","1","6","Yes"
"2019/12/03 8:43:34 AM GMT+1","6","6","5","7","7","5","5","6","3","6","2","6","6","3","3","2","6","No"
"2019/12/03 8:59:53 AM GMT+1","5","5","4","6","5","7","2","6","3","6","5","5","","4","3","5","6","Yes"
"2019/12/03 9:01:50 AM GMT+1","6","4","4","4","4","5","2","6","3","6","5","5","5","4","4","4","6","Yes"
"2019/12/03 9:07:25 AM GMT+1","7","5","5","6","6","6","4","6","6","6","5","5","5","5","5","5","7","Yes"
"2019/12/03 9:18:37 AM GMT+1","5","5","4","6","5","7","4","5","3","7","4","5","5","3","2","3","7","Yes"
"2019/12/03 9:19:16 AM GMT+1","7","5","5","6","4","8","2","4","4","5","4","4","3","2","3","1","5","No"
"2019/12/03 9:27:43 AM GMT+1","6","4","5","7","6","6","5","6","4","6","4","4","5","4","2","3","3","Yes"
"2019/12/03 9:29:10 AM GMT+1","7","7","6","6","7","6","6","6","6","7","4","5","4","3","1","1","6","Yes"
"2019/12/03 9:30:18 AM GMT+1","7","4","6","6","5","6","5","5","7","6","5","5","5","4","4","4","7","Yes"
"2019/12/03 9:37:38 AM GMT+1","7","6","6","6","6","7","2","6","4","6","7","6","5","3","1","5","7","Yes"
"2019/12/03 9:40:08 AM GMT+1","6","6","5","6","6","7","2","5","6","6","7","6","6","3","3","4","6","No"
"2019/12/03 9:41:19 AM GMT+1","5","7","5","9","6","8","7","9","7","8","4","7","6","6","5","8","9","No"
"2019/12/03 9:56:22 AM GMT+1","6","6","5","7","6","7","3","6","6","7","6","6","5","3","3","3","7","Yes"
"2019/12/03 9:57:13 AM GMT+1","6","4","6","8","7","6","5","6","5","7","6","6","6","4","3","6","8","Yes"
"2019/12/03 10:00:58 AM GMT+1","5","3","3","7","4","6","2","2","3","3","4","4","3","3","2","1","6","Yes"
"2019/12/03 10:03:44 AM GMT+1","7","4","5","6","5","5","4","7","5","6","5","","","4","3","1","8","Yes"
"2019/12/03 10:05:03 AM GMT+1","6","4","4","6","5","6","4","5","7","6","4","6","5","3","3","2","4","Yes"
"2019/12/03 10:25:08 AM GMT+1","6","4","5","4","5","7","5","6","2","6","6","5","5","3","3","2","8","Yes"
"2019/12/03 10:32:44 AM GMT+1","6","6","6","6","6","7","5","6","4","7","6","6","5","5","5","6","7","Yes"
"2019/12/03 10:38:11 AM GMT+1","6","5","5","6","6","4","4","6","5","6","5","6","6","4","4","4","8","Yes"
"2019/12/03 10:43:26 AM GMT+1","6","5","5","6","6","6","3","5","2","6","3","2","4","4","2","3","7","No"
"2019/12/03 10:45:06 AM GMT+1","6","4","4","5","6","7","6","5","2","6","5","5","4","3","1","3","3","No"
"2019/12/03 10:53:50 AM GMT+1","8","5","4","4","4","1","1","6","1","7","5","1","4","1","1","1","6","Yes"
"2019/12/03 10:57:00 AM GMT+1","5","6","5","6","5","5","4","6","5","5","5","4","5","4","4","3","7","No"
"2019/12/03 11:06:09 AM GMT+1","6","5","5","6","5","6","2","6","4","7","6","6","5","4","3","3","5","Yes"
"2019/12/03 11:13:07 AM GMT+1","7","3","5","5","5","3","3","5","2","6","6","5","5","3","3","4","4",""
"2019/12/03 11:14:47 AM GMT+1","8","5","6","6","6","6","3","7","6","6","6","6","6","4","4","1","8","Yes"
"2019/12/03 11:15:19 AM GMT+1","5","5","5","5","3","5","5","5","4","5","5","","","5","3","3","5","Yes"
"2019/12/03 11:29:47 AM GMT+1","5","6","5","5","5","3","3","7","6","6","6","5","4","4","5","3","6","Yes"
"2019/12/03 11:34:41 AM GMT+1","6","5","4","6","5","6","3","7","6","6","5","5","4","4","1","3","7","No"
"2019/12/03 11:38:56 AM GMT+1","6","4","4","4","5","4","3","5","4","5","5","","","4","4","5","7","Yes"
"2019/12/03 12:05:30 PM GMT+1","4","3","3","4","3","5","3","3","3","4","3","3","","3","2","3","7","Yes"
"2019/12/03 12:30:19 PM GMT+1","6","5","5","6","5","5","2","6","4","7","6","5","5","3","3","3","7","Yes"
"2019/12/03 12:37:57 PM GMT+1","5","5","3","5","5","5","3","7","6","5","5","","","4","3","5","8","No"
"2019/12/03 12:41:02 PM GMT+1","6","4","4","6","5","6","5","6","4","6","5","4","4","4","3","4","6","Yes"
"2019/12/03 12:53:53 PM GMT+1","6","2","2","2","4","2","1","3","3","2","2","","","2","1","1","6","Yes"
"2019/12/03 1:01:55 PM GMT+1","7","5","5","6","5","4","1","5","5","6","5","5","5","5","3","4","6","Yes"
"2019/12/03 1:22:02 PM GMT+1","7","7","6","8","6","8","4","8","4","10","6","5","5","6","10","5","6","Yes"
"2019/12/03 1:32:40 PM GMT+1","6","6","6","7","7","7","6","7","7","7","6","7","5","5","2","5","7","Yes"
"2019/12/03 1:32:54 PM GMT+1","5","4","6","4","5","6","4","5","5","6","4","5","5","5","5","4","7",""
"2019/12/03 1:37:42 PM GMT+1","5","3","6","6","4","4","3","5","3","5","4","4","4","4","3","5","7","Yes"
"2019/12/03 1:42:32 PM GMT+1","6","6","5","7","7","6","5","6","6","6","7","6","6","3","5","4","6","Yes"
"2019/12/03 1:54:49 PM GMT+1","7","4","6","6","5","5","10","7","8","5","4","","","4","4","7","9","Yes"
"2019/12/03 2:28:01 PM GMT+1","3","2","2","3","4","5","1","4","1","5","1","","","2","1","1","10","No"
"2019/12/03 3:36:06 PM GMT+1","6","3","5","8","7","8","4","7","5","7","4","5","5","6","2","4","7","Yes"
"2019/12/03 3:37:11 PM GMT+1","5","5","4","5","5","6","2","4","5","3","3","","","2","2","1","5","Yes"
"2019/12/03 3:53:09 PM GMT+1","6","6","4","4","4","7","4","5","4","6","4","5","5","2","3","1","7","Yes"
"2019/12/03 4:48:38 PM GMT+1","8","6","4","5","7","7","7","7","8","8","4","5","5","3","1","1","5","Yes"
"2019/12/03 5:25:13 PM GMT+1","6","2","2","5","3","2","2","6","4","6","3","6","5","2","3","6","8","No"
"2019/12/03 5:33:49 PM GMT+1","5","2","6","7","5","7","4","7","6","4","4","6","6","2","1","2","5","Yes"
"2019/12/03 5:45:33 PM GMT+1","6","4","4","6","5","6","3","4","3","5","4","","","4","4","5","7","Yes"
"2019/12/03 6:03:26 PM GMT+1","6","5","6","6","6","6","2","6","5","7","5","","","3","4","2","6","Yes"
"2019/12/03 6:40:14 PM GMT+1","6","3","4","4","5","6","3","5","4","7","3","4","5","4","4","3","5","Yes"
"2019/12/03 7:02:49 PM GMT+1","5","5","5","6","5","6","5","6","5","7","5","5","5","4","3","5","5","Yes"
"2019/12/03 8:16:11 PM GMT+1","3","8","6","6","5","3","1","3","3","8","1","4","2","3","4","3","6","No"
"2019/12/03 9:31:45 PM GMT+1","7","5","5","5","3","6","1","6","5","6","4","2","2","1","1","1","1","No"
"2019/12/04 2:26:45 AM GMT+1","6","4","6","6","5","6","6","6","6","6","4","4","4","5","5","1","8","Yes"
"2019/12/04 5:54:22 AM GMT+1","6","3","4","4","5","6","3","3","4","6","6","","","3","2","2","7","Yes"
"2019/12/04 9:20:15 AM GMT+1","7","9","8","6","5","5","4","7","6","6","3","4","4","6","3","6","7","No"
"2019/12/04 7:08:35 PM GMT+1","5","4","4","4","4","5","4","5","4","4","4","4","4","3","2","4","5","Yes"
"2019/12/05 8:48:11 PM GMT+1","6","2","4","7","5","7","5","5","5","5","4","7","6","4","3","2","7","No"
"2019/12/05 10:20:46 PM GMT+1","5","6","4","6","4","5","4","7","6","8","4","","","6","3","6","5","No"