"Timestamp","David de Gea","Luke Shaw","Harry Maguire","Victor Lindelof","Aaron Wan-Bissaka","Fred","Scott McTominay","Marcus Rashford","Jesse Lingard","Daniel James","Anthony Martial","Andreas Pereira (optional)","Team Performance","Final Result","Ole","Man City","Did the ref/VAR do a good job? (optional) (please be unbiased)"
"2019/12/08 2:27:56 PM GMT+1","10","10","10","10","10","10","10","10","10","10","10","8","10","10","10","4","Yes"
"2019/12/08 2:28:08 PM GMT+1","7","7","8","8","9","9","9","9","8","8","8","7","9","10","9","5","Yes"
"2019/12/08 2:28:28 PM GMT+1","8","7","8","9","9","8","7","8","7","8","9","","8","7","8","5","Yes"
"2019/12/08 2:28:57 PM GMT+1","7","6","7","8","9","8","8","8","7","8","8","6","8","9","10","5","No"
"2019/12/08 2:28:58 PM GMT+1","9","8","8","9","10","9","8","9","8","8","8","6","10","10","10","5","Yes"
"2019/12/08 2:29:40 PM GMT+1","8","7","7","8","10","8","8","8","7","8","8","6","10","10","9","7","Yes"
"2019/12/08 2:30:10 PM GMT+1","8","7","7","8","9","8","8","9","7","8","8","7","9","10","8","5","Yes"
"2019/12/08 2:30:16 PM GMT+1","7","7","8","9","10","9","9","9","8","7","8","6","10","9","10","3","Yes"
"2019/12/08 2:30:23 PM GMT+1","9","8","8","9","9","9","9","10","9","9","9","6","9","8","9","5","Yes"
"2019/12/08 2:30:41 PM GMT+1","8","7","7","8","9","8","8","8","7","8","8","6","9","9","8","6","Yes"
"2019/12/08 2:30:42 PM GMT+1","8","7","8","8","8","9","8","8","7","8","8","6","10","10","10","4","Yes"
"2019/12/08 2:30:44 PM GMT+1","8","9","9","9","10","10","9","10","8","9","10","6","10","10","9","4","No"
"2019/12/08 2:30:50 PM GMT+1","8","7","7","8","9","9","8","9","7","7","8","7","9","10","9","7","Yes"
"2019/12/08 2:30:54 PM GMT+1","9","8","8","8","10","10","8","9","8","8","8","6","10","10","10","6","Yes"
"2019/12/08 2:31:13 PM GMT+1","8","7","8","8","10","10","9","10","8","9","9","6","9","10","10","7","Yes"
"2019/12/08 2:31:39 PM GMT+1","8","8","8","8","9","9","9","10","8","8","10","10","10","10","10","1","Yes"
"2019/12/08 2:32:17 PM GMT+1","8","6","6","7","10","9","8","8","7","8","8","","9","7","9","7","Yes"
"2019/12/08 2:32:20 PM GMT+1","9","8","8","8","10","10","9","9","8","8","8","","10","10","10","2","Yes"
"2019/12/08 2:32:25 PM GMT+1","9","9","9","8","10","10","9","8","7","9","8","5","10","10","10","7","No"
"2019/12/08 2:32:34 PM GMT+1","7","8","7","7","10","9","8","10","7","7","10","6","8","6","10","5","Yes"
"2019/12/08 2:32:44 PM GMT+1","7","7","7","8","9","8","8","8","7","7","7","7","9","10","10","5","Yes"
"2019/12/08 2:32:52 PM GMT+1","8","6","8","9","10","9","8","9","7","8","8","6","10","10","9","1","Yes"
"2019/12/08 2:32:54 PM GMT+1","7","7","6","5","8","8","7","9","7","6","8","5","9","10","9","6","Yes"
"2019/12/08 2:33:14 PM GMT+1","9","6","7","10","10","9","9","9","7","8","8","4","9","9","8","5","Yes"
"2019/12/08 2:33:16 PM GMT+1","10","10","10","10","10","10","10","10","10","10","10","5","10","10","10","1","Yes"
"2019/12/08 2:33:52 PM GMT+1","9","7","8","9","9","9","9","9","8","9","9","6","9","10","10","5","Yes"
"2019/12/08 2:34:07 PM GMT+1","8","7","7","7","9","9","9","8","7","8","8","5","9","10","9","4","Yes"
"2019/12/08 2:34:31 PM GMT+1","7","7","7","8","9","9","8","8","8","8","9","","9","9","10","6","Yes"
"2019/12/08 2:34:37 PM GMT+1","7","7","6","7","9","9","8","8","6","8","7","5","8","10","8","5","Yes"
"2019/12/08 2:35:21 PM GMT+1","9","9","9","10","10","10","10","10","9","9","9","8","10","10","10","6","Yes"
"2019/12/08 2:36:00 PM GMT+1","10","8","8","8","10","10","10","10","9","9","9","","10","10","10","1","Yes"
"2019/12/08 2:36:31 PM GMT+1","7","8","9","9","10","9","9","8","8","9","7","5","10","10","10","5","Yes"
"2019/12/08 2:36:57 PM GMT+1","8","7","8","7","10","10","9","9","7","9","9","5","9","10","9","5","Yes"
"2019/12/08 2:37:01 PM GMT+1","8","8","7","8","10","10","9","8","7","8","8","6","10","10","8","5","Yes"
"2019/12/08 2:37:02 PM GMT+1","7","7","7","8","9","8","8","8","7","8","7","","9","10","9","5","Yes"
"2019/12/08 2:37:07 PM GMT+1","8","8","8","8","10","9","8","8","8","8","8","7","9","10","10","6","Yes"
"2019/12/08 2:37:12 PM GMT+1","8","8","8","9","10","10","8","9","8","8","8","7","9","10","10","4","Yes"
"2019/12/08 2:37:35 PM GMT+1","9","7","8","9","10","8","8","9","7","8","6","5","10","10","10","6","Yes"
"2019/12/08 2:38:04 PM GMT+1","9","8","8","9","10","10","10","10","8","9","10","7","9","10","9","7","Yes"
"2019/12/08 2:38:08 PM GMT+1","7","8","7","8","9","8","8","8","7","9","7","5","8","9","8","6","Yes"
"2019/12/08 2:38:37 PM GMT+1","8","9","8","9","10","10","10","10","8","9","8","6","9","9","9","4","Yes"
"2019/12/08 2:38:43 PM GMT+1","8","8","8","8","9","9","8","9","8","8","8","7","9","7","9","6","Yes"
"2019/12/08 2:38:51 PM GMT+1","8","7","8","8","9","9","8","9","8","8","8","6","8","10","9","5","No"
"2019/12/08 2:38:58 PM GMT+1","8","7","8","9","10","10","10","10","8","9","9","5","10","10","10","7","Yes"
"2019/12/08 2:39:44 PM GMT+1","8","7","7","8","9","8","8","8","7","8","8","","8","9","9","7",""
"2019/12/08 2:40:22 PM GMT+1","8","8","8","8","10","10","10","10","8","8","8","7","10","10","10","5","Yes"
"2019/12/08 2:40:26 PM GMT+1","8","7","6","7","10","9","8","9","8","7","9","8","8","7","7","7","Yes"
"2019/12/08 2:40:49 PM GMT+1","7","8","8","8","9","9","8","9","8","8","8","","8","9","10","7","Yes"
"2019/12/08 2:40:55 PM GMT+1","9","8","8","9","10","10","9","9","8","8","8","7","10","10","10","5","Yes"
"2019/12/08 2:41:02 PM GMT+1","8","7","8","8","9","9","9","9","8","8","8","7","10","10","9","1","Yes"
"2019/12/08 2:41:19 PM GMT+1","8","8","8","7","10","9","9","9","8","9","7","6","10","10","10","7","No"
"2019/12/08 2:41:31 PM GMT+1","10","10","10","10","10","10","10","10","10","10","10","10","10","10","10","1","Yes"
"2019/12/08 2:41:47 PM GMT+1","8","7","7","7","9","8","8","9","7","7","7","6","8","9","9","7","Yes"
"2019/12/08 2:41:57 PM GMT+1","8","7","8","8","9","9","9","9","8","9","8","6","10","10","9","4","Yes"
"2019/12/08 2:42:09 PM GMT+1","7","7","8","8","9","8","7","9","7","7","7","","9","9","9","5","Yes"
"2019/12/08 2:42:22 PM GMT+1","9","8","8","9","10","9","8","8","7","8","9","6","9","8","9","3","Yes"
"2019/12/08 2:42:33 PM GMT+1","7","6","7","7","8","9","8","9","7","8","8","6","9","10","9","6","Yes"
"2019/12/08 2:42:38 PM GMT+1","9","9","8","9","10","10","9","10","9","9","10","7","10","10","10","6","Yes"
"2019/12/08 2:42:41 PM GMT+1","7","7","8","8","9","9","8","9","8","9","8","7","9","10","9","7","Yes"
"2019/12/08 2:42:56 PM GMT+1","9","8","8","9","10","10","9","9","8","8","8","7","9","10","10","7","Yes"
"2019/12/08 2:43:02 PM GMT+1","9","8","8","9","10","10","8","9","8","9","8","7","9","9","9","9","Yes"
"2019/12/08 2:43:09 PM GMT+1","8","8","8","8","10","8","8","9","7","7","7","4","10","10","10","1","Yes"
"2019/12/08 2:43:21 PM GMT+1","8","8","8","8","9","8","9","9","8","8","8","7","8","9","9","4","Yes"
"2019/12/08 2:43:25 PM GMT+1","8","6","7","7","9","8","7","8","7","7","8","6","8","10","9","8","Yes"
"2019/12/08 2:44:06 PM GMT+1","8","8","8","8","9","8","8","9","8","8","8","6","10","10","9","9","Yes"
"2019/12/08 2:44:58 PM GMT+1","8","7","9","9","10","8","8","10","9","9","9","7","8","7","9","5","No"
"2019/12/08 2:45:10 PM GMT+1","8","7","7","8","9","8","8","8","7","7","8","6","8","10","9","5","Yes"
"2019/12/08 2:45:19 PM GMT+1","9","8","8","9","10","10","10","9","8","9","10","7","10","10","10","6","Yes"
"2019/12/08 2:45:22 PM GMT+1","6","7","8","8","10","9","9","8","7","8","7","5","9","9","8","5","Yes"
"2019/12/08 2:45:32 PM GMT+1","8","7","7","9","10","8","7","8","7","7","7","6","9","10","9","7","Yes"
"2019/12/08 2:45:41 PM GMT+1","7","10","7","8","10","8","9","10","8","8","9","7","10","10","10","5","Yes"
"2019/12/08 2:45:48 PM GMT+1","8","9","8","9","10","10","9","10","9","10","9","8","9","10","10","7","Yes"
"2019/12/08 2:46:31 PM GMT+1","9","8","8","9","10","10","10","8","7","8","8","5","9","9","9","3","Yes"
"2019/12/08 2:46:41 PM GMT+1","8","8","7","9","10","9","9","9","9","9","9","7","10","8","10","8","Yes"
"2019/12/08 2:46:54 PM GMT+1","8","8","8","8","9","9","9","9","8","8","8","7","10","10","8","5","Yes"
"2019/12/08 2:47:01 PM GMT+1","8","8","8","8","10","9","9","10","8","8","9","10","10","10","10","1","Yes"
"2019/12/08 2:47:14 PM GMT+1","8","6","6","9","10","10","9","10","8","8","8","5","10","9","10","1","No"
"2019/12/08 2:47:30 PM GMT+1","9","8","9","9","10","10","10","10","9","8","9","6","9","10","10","8","Yes"
"2019/12/08 2:48:37 PM GMT+1","9","9","9","9","10","9","9","9","9","9","9","8","9","10","9","5","Yes"
"2019/12/08 2:48:43 PM GMT+1","8","8","7","9","10","8","8","9","8","8","8","5","9","7","9","9","Yes"
"2019/12/08 2:49:21 PM GMT+1","7","7","6","7","9","8","7","9","7","8","8","5","10","8","10","6","Yes"
"2019/12/08 2:50:01 PM GMT+1","8","7","9","9","10","10","10","9","8","8","9","","9","9","10","1","No"
"2019/12/08 2:50:13 PM GMT+1","10","10","10","10","10","10","10","10","10","10","10","5","10","10","10","3","Yes"
"2019/12/08 2:50:17 PM GMT+1","10","8","9","9","10","9","10","10","9","9","9","6","10","10","10","3","Yes"
"2019/12/08 2:50:24 PM GMT+1","9","9","9","10","10","10","9","10","9","9","9","7","10","10","10","8","Yes"
"2019/12/08 2:50:56 PM GMT+1","9","8","8","9","10","10","9","9","8","8","8","8","9","8","10","7","Yes"
"2019/12/08 2:52:27 PM GMT+1","10","6","7","7","10","9","9","8","5","8","9","2","8","10","10","7","Yes"
"2019/12/08 2:52:37 PM GMT+1","8","7","9","8","10","8","7","9","7","9","8","","8","10","8","6","Yes"
"2019/12/08 2:53:23 PM GMT+1","9","9","8","9","10","9","9","10","9","9","9","7","10","10","10","5","Yes"
"2019/12/08 2:53:29 PM GMT+1","9","8","8","9","10","10","10","10","9","9","9","8","10","10","10","4","Yes"
"2019/12/08 2:54:03 PM GMT+1","9","9","9","9","10","9","9","10","9","9","9","7","9","10","10","5","Yes"
"2019/12/08 2:54:34 PM GMT+1","9","8","8","8","10","8","8","8","7","7","7","4","9","10","9","8","Yes"
"2019/12/08 2:55:29 PM GMT+1","9","9","8","7","9","9","7","9","7","8","8","6","9","10","8","4","Yes"
"2019/12/08 2:56:04 PM GMT+1","8","8","8","9","10","9","9","9","8","8","8","7","9","10","10","3","Yes"
"2019/12/08 2:56:10 PM GMT+1","9","8","8","9","10","8","8","9","8","8","9","7","8","10","9","7","Yes"
"2019/12/08 2:56:13 PM GMT+1","7","7","8","8","9","9","9","9","8","7","8","6","9","9","9","5","Yes"
"2019/12/08 2:56:57 PM GMT+1","10","8","10","9","10","8","9","9","7","8","9","7","10","10","10","5","Yes"
"2019/12/08 2:57:02 PM GMT+1","8","6","7","8","9","9","9","9","7","7","7","5","9","10","9","6","Yes"
"2019/12/08 2:57:51 PM GMT+1","7","7","6","7","10","8","8","7","6","6","7","","9","9","9","6","Yes"
"2019/12/08 2:58:04 PM GMT+1","9","8","8","8","9","9","8","10","8","8","7","6","9","10","10","7","Yes"
"2019/12/08 2:58:24 PM GMT+1","8","7","8","8","9","9","8","10","7","8","9","7","8","9","8","7","Yes"
"2019/12/08 2:58:51 PM GMT+1","8","8","7","8","10","9","8","9","8","9","8","7","10","10","9","6","Yes"
"2019/12/08 2:58:59 PM GMT+1","8","7","8","9","10","9","9","10","8","8","9","7","9","10","8","7","Yes"
"2019/12/08 2:59:46 PM GMT+1","9","9","9","10","10","10","10","10","8","10","9","","10","10","10","5",""
"2019/12/08 2:59:55 PM GMT+1","7","7","7","8","9","8","8","7","7","7","7","5","10","10","8","5","Yes"
"2019/12/08 3:00:05 PM GMT+1","7","7","8","8","9","9","8","9","8","7","8","6","9","9","9","7","Yes"
"2019/12/08 3:00:09 PM GMT+1","8","7","7","8","10","9","9","10","8","8","8","6","10","10","10","7","Yes"
"2019/12/08 3:00:49 PM GMT+1","7","7","8","8","10","9","9","8","8","7","8","6","9","8","9","6","Yes"
"2019/12/08 3:00:50 PM GMT+1","9","8","8","9","9","10","9","10","8","9","8","8","9","8","10","8","Yes"
"2019/12/08 3:01:00 PM GMT+1","8","8","8","9","10","10","10","10","9","10","9","7","9","10","9","5","Yes"
"2019/12/08 3:01:45 PM GMT+1","7","7","8","7","10","9","8","9","7","8","8","7","10","10","8","5","Yes"
"2019/12/08 3:03:54 PM GMT+1","8","7","8","8","10","9","8","9","7","8","8","","10","10","10","1","Yes"
"2019/12/08 3:04:46 PM GMT+1","8","7","8","8","10","9","8","8","7","7","8","7","10","10","8","4","Yes"
"2019/12/08 3:05:16 PM GMT+1","8","8","8","8","9","9","8","9","8","9","8","6","9","8","8","5","Yes"
"2019/12/08 3:06:03 PM GMT+1","8","8","8","9","10","9","8","9","7","8","8","4","9","9","9","5","Yes"
"2019/12/08 3:06:09 PM GMT+1","8","7","7","8","9","9","9","9","7","7","7","6","10","10","10","6","Yes"
"2019/12/08 3:06:32 PM GMT+1","9","8","8","9","10","10","10","10","9","9","10","7","10","10","10","3","Yes"
"2019/12/08 3:07:23 PM GMT+1","7","8","8","8","9","9","9","8","8","8","8","5","10","10","10","3","Yes"
"2019/12/08 3:07:24 PM GMT+1","8","8","9","9","9","9","8","8","8","8","9","7","9","10","9","5","Yes"
"2019/12/08 3:08:26 PM GMT+1","8","7","8","8","9","8","8","8","8","8","8","5","9","10","9","6","Yes"
"2019/12/08 3:08:34 PM GMT+1","8","8","7","8","10","9","9","8","8","9","8","","9","10","9","6","Yes"
"2019/12/08 3:08:43 PM GMT+1","7","7","8","8","9","9","7","8","7","7","8","","9","10","10","6","Yes"
"2019/12/08 3:09:46 PM GMT+1","9","7","5","6","10","9","9","9","7","7","7","4","8","10","8","7","Yes"
"2019/12/08 3:10:01 PM GMT+1","8","8","8","9","10","9","9","9","8","8","9","8","10","8","10","3","Yes"
"2019/12/08 3:10:12 PM GMT+1","9","8","8","9","10","9","8","10","8","8","9","8","9","9","9","3","Yes"
"2019/12/08 3:10:25 PM GMT+1","8","8","8","7","9","8","8","8","8","9","9","7","9","10","10","7","Yes"
"2019/12/08 3:10:44 PM GMT+1","8","8","8","8","9","9","8","8","8","8","8","5","10","10","9","6","Yes"
"2019/12/08 3:11:26 PM GMT+1","7","7","7","8","9","8","8","9","8","7","7","6","8","9","9","5","Yes"
"2019/12/08 3:12:02 PM GMT+1","10","10","10","10","10","10","10","9","9","9","9","7","10","10","10","6","Yes"
"2019/12/08 3:12:30 PM GMT+1","10","10","10","10","10","10","10","10","10","10","10","10","10","10","10","1","Yes"
"2019/12/08 3:13:55 PM GMT+1","8","7","7","8","8","8","7","9","7","7","8","","8","10","7","4","Yes"
"2019/12/08 3:14:02 PM GMT+1","10","8","9","9","10","10","9","9","8","8","10","","10","10","10","4","Yes"
"2019/12/08 3:14:22 PM GMT+1","8","8","8","8","10","9","8","8","8","8","8","6","8","8","9","6","Yes"
"2019/12/08 3:14:24 PM GMT+1","8","8","8","9","10","8","8","10","8","8","9","","10","8","10","6","No"
"2019/12/08 3:14:33 PM GMT+1","8","7","7","8","10","9","8","10","9","8","9","7","8","8","9","7","Yes"
"2019/12/08 3:15:19 PM GMT+1","7","8","8","8","9","10","9","9","8","8","8","","9","10","9","8","Yes"
"2019/12/08 3:15:23 PM GMT+1","7","6","7","7","9","8","8","9","7","8","8","5","8","10","8","7","Yes"
"2019/12/08 3:15:24 PM GMT+1","8","7","7","8","10","9","8","9","8","8","9","7","10","10","9","4","Yes"
"2019/12/08 3:15:54 PM GMT+1","8","8","8","9","10","9","8","9","8","8","9","7","10","10","9","7","Yes"
"2019/12/08 3:16:09 PM GMT+1","9","8","8","8","9","9","9","10","8","9","9","7","9","8","9","3","Yes"
"2019/12/08 3:16:27 PM GMT+1","7","8","8","8","10","9","8","9","7","8","8","7","10","10","10","4","Yes"
"2019/12/08 3:16:50 PM GMT+1","8","8","7","9","10","9","9","9","8","8","9","7","10","10","10","5","Yes"
"2019/12/08 3:16:53 PM GMT+1","8","7","8","8","9","8","8","9","8","8","8","7","10","10","10","7","No"
"2019/12/08 3:18:39 PM GMT+1","8","7","7","8","9","9","9","8","7","7","7","4","9","10","8","6","Yes"
"2019/12/08 3:18:52 PM GMT+1","9","7","7","8","10","9","8","9","7","9","8","6","10","10","10","3","Yes"
"2019/12/08 3:18:57 PM GMT+1","7","7","8","8","10","8","8","8","8","8","8","6","9","9","10","7","Yes"
"2019/12/08 3:19:14 PM GMT+1","9","8","8","8","10","10","10","10","8","9","10","7","9","10","9","8","Yes"
"2019/12/08 3:19:28 PM GMT+1","9","5","5","10","10","5","10","10","7","10","8","8","9","10","10","6","Yes"
"2019/12/08 3:19:47 PM GMT+1","10","8","8","9","9","10","8","9","7","8","9","8","10","9","9","7","Yes"
"2019/12/08 3:19:49 PM GMT+1","7","6","7","7","9","7","7","8","7","8","8","","7","7","7","5","Yes"
"2019/12/08 3:20:52 PM GMT+1","9","9","8","8","10","10","10","10","9","9","10","7","9","9","10","6","Yes"
"2019/12/08 3:22:12 PM GMT+1","8","7","8","8","10","9","9","8","8","9","8","7","9","9","9","5","No"
"2019/12/08 3:22:27 PM GMT+1","7","6","7","8","10","9","9","9","8","8","7","6","8","10","8","3","Yes"
"2019/12/08 3:22:30 PM GMT+1","9","8","8","9","10","10","9","8","8","8","9","8","9","10","10","8","Yes"
"2019/12/08 3:22:54 PM GMT+1","8","7","8","8","10","9","10","9","7","7","8","","10","10","10","6","Yes"
"2019/12/08 3:23:30 PM GMT+1","8","7","7","7","9","9","8","9","7","8","9","6","8","8","8","7","Yes"
"2019/12/08 3:23:47 PM GMT+1","8","8","8","9","10","9","8","9","7","8","8","6","9","10","9","4","Yes"
"2019/12/08 3:24:05 PM GMT+1","8","8","8","7","10","9","7","8","7","8","7","6","8","10","9","8","Yes"
"2019/12/08 3:24:31 PM GMT+1","8","8","8","9","10","9","9","9","9","10","9","7","9","10","9","4","Yes"
"2019/12/08 3:25:08 PM GMT+1","9","8","9","10","10","9","8","10","8","9","8","","10","10","9","7","Yes"
"2019/12/08 3:25:11 PM GMT+1","8","7","6","9","10","9","9","9","8","8","9","","9","7","9","4","Yes"
"2019/12/08 3:26:00 PM GMT+1","9","9","8","9","10","10","10","9","8","9","10","8","10","10","10","7","Yes"
"2019/12/08 3:26:17 PM GMT+1","9","7","8","9","10","9","9","8","7","8","8","6","10","10","8","7","Yes"
"2019/12/08 3:26:27 PM GMT+1","7","8","7","7","9","9","9","9","8","7","8","4","8","10","8","1","Yes"
"2019/12/08 3:26:47 PM GMT+1","8","7","7","7","9","8","7","9","7","7","7","1","7","10","8","5","Yes"
"2019/12/08 3:27:16 PM GMT+1","8","8","8","8","10","10","8","9","8","8","8","7","10","10","10","5","Yes"
"2019/12/08 3:27:24 PM GMT+1","8","7","7","8","10","9","8","8","7","7","8","5","10","8","9","8","Yes"
"2019/12/08 3:27:37 PM GMT+1","9","8","9","10","10","9","9","10","9","9","10","8","10","9","10","3","Yes"
"2019/12/08 3:27:54 PM GMT+1","8","6","7","7","9","7","7","8","7","7","8","6","8","9","8","5","Yes"
"2019/12/08 3:28:07 PM GMT+1","7","7","8","8","9","10","10","10","8","8","8","","9","10","10","8","Yes"
"2019/12/08 3:28:14 PM GMT+1","10","9","9","9","10","7","7","7","7","7","7","5","8","10","8","6","Yes"
"2019/12/08 3:28:42 PM GMT+1","8","6","8","7","8","7","7","8","7","7","7","6","9","10","9","6","Yes"
"2019/12/08 3:28:56 PM GMT+1","8","7","8","8","9","9","8","8","7","7","7","3","8","8","8","6","Yes"
"2019/12/08 3:30:17 PM GMT+1","7","7","7","8","8","9","8","9","7","8","9","6","8","8","7","6","Yes"
"2019/12/08 3:31:09 PM GMT+1","7","8","8","8","10","9","9","10","8","9","8","","9","10","9","6","Yes"
"2019/12/08 3:31:11 PM GMT+1","8","6","7","8","8","8","8","8","7","7","7","5","8","9","8","6","Yes"
"2019/12/08 3:31:15 PM GMT+1","9","8","9","9","10","10","9","10","8","9","9","6","9","9","10","8","Yes"
"2019/12/08 3:32:14 PM GMT+1","9","7","8","8","9","8","9","9","8","8","8","","8","9","7","1","Yes"
"2019/12/08 3:32:20 PM GMT+1","8","8","9","9","8","10","9","10","8","9","8","6","9","9","10","8","Yes"
"2019/12/08 3:32:42 PM GMT+1","8","8","8","8","10","9","9","9","9","9","8","6","9","9","10","7","Yes"
"2019/12/08 3:32:49 PM GMT+1","9","6","6","7","10","9","9","9","7","7","8","5","7","10","7","6","Yes"
"2019/12/08 3:32:59 PM GMT+1","9","8","7","7","9","8","8","8","7","7","8","6","8","10","8","5","Yes"
"2019/12/08 3:34:25 PM GMT+1","10","8","7","7","10","9","9","10","8","9","9","6","8","8","7","4","Yes"
"2019/12/08 3:35:34 PM GMT+1","9","7","8","10","10","10","10","10","9","9","9","7","10","10","10","1","Yes"
"2019/12/08 3:36:02 PM GMT+1","9","8","8","7","10","9","9","9","8","8","8","","9","8","9","7","Yes"
"2019/12/08 3:36:45 PM GMT+1","8","7","7","8","10","9","8","10","8","8","9","6","10","9","8","5","Yes"
"2019/12/08 3:37:09 PM GMT+1","8","6","7","7","8","8","8","7","7","7","7","6","9","10","8","7","Yes"
"2019/12/08 3:37:42 PM GMT+1","8","7","9","10","10","10","10","10","7","8","8","","10","10","10","3",""
"2019/12/08 3:39:11 PM GMT+1","8","8","8","8","10","9","8","8","8","9","7","6","8","7","9","7","Yes"
"2019/12/08 3:39:53 PM GMT+1","9","8","9","10","10","9","10","9","8","9","9","7","10","10","10","5","Yes"
"2019/12/08 3:40:02 PM GMT+1","8","7","8","8","10","9","9","9","9","9","8","1","8","10","9","4","Yes"
"2019/12/08 3:41:12 PM GMT+1","8","6","7","7","9","8","7","8","6","8","7","1","8","8","8","4","Yes"
"2019/12/08 3:41:26 PM GMT+1","8","7","7","7","10","8","8","8","7","9","8","6","10","10","9","1","Yes"
"2019/12/08 3:42:00 PM GMT+1","8","7","7","7","9","8","9","8","7","8","5","6","9","10","9","5","Yes"
"2019/12/08 3:42:16 PM GMT+1","8","7","7","7","8","8","7","8","7","7","8","6","9","9","8","5","Yes"
"2019/12/08 3:43:00 PM GMT+1","7","6","7","8","9","8","8","7","5","7","9","3","10","10","8","4","No"
"2019/12/08 3:45:03 PM GMT+1","8","7","6","8","9","9","7","8","7","7","8","6","10","8","8","7","Yes"
"2019/12/08 3:45:41 PM GMT+1","8","7","7","7","10","8","9","9","6","8","8","5","8","9","8","8","Yes"
"2019/12/08 3:45:55 PM GMT+1","8","7","8","7","9","8","8","9","8","8","8","6","9","10","9","5","Yes"
"2019/12/08 3:46:36 PM GMT+1","10","10","10","10","10","10","10","10","10","10","10","6","10","10","10","7","Yes"
"2019/12/08 3:46:36 PM GMT+1","9","8","8","9","9","10","9","9","9","9","8","8","10","9","10","7","Yes"
"2019/12/08 3:47:10 PM GMT+1","8","7","7","9","10","8","7","8","7","7","9","2","8","10","9","7","Yes"
"2019/12/08 3:48:03 PM GMT+1","7","7","7","8","9","8","8","9","8","8","7","6","9","10","9","4","Yes"
"2019/12/08 3:48:55 PM GMT+1","9","7","8","7","10","8","8","9","8","8","8","","8","8","8","6","Yes"
"2019/12/08 3:50:29 PM GMT+1","8","8","8","9","10","8","7","9","8","9","8","6","9","9","9","5","Yes"
"2019/12/08 3:52:34 PM GMT+1","8","8","7","8","9","9","9","10","8","8","9","5","9","10","10","7","Yes"
"2019/12/08 3:53:16 PM GMT+1","9","7","7","9","10","8","8","8","8","9","8","5","8","10","9","6","Yes"
"2019/12/08 3:53:35 PM GMT+1","8","7","7","8","9","9","8","9","7","8","8","","8","9","9","5","Yes"
"2019/12/08 3:53:37 PM GMT+1","8","6","7","7","10","8","9","8","7","6","8","5","8","7","7","6","Yes"
"2019/12/08 3:54:23 PM GMT+1","8","7","6","8","9","9","7","8","7","8","7","7","9","9","8","1","Yes"
"2019/12/08 3:54:35 PM GMT+1","9","9","8","8","10","10","9","8","7","8","8","6","9","10","10","6","Yes"
"2019/12/08 3:55:16 PM GMT+1","9","9","8","9","10","10","9","8","8","9","9","8","9","8","8","6","Yes"
"2019/12/08 3:55:29 PM GMT+1","8","8","8","8","10","9","9","9","8","8","9","7","10","10","10","5","Yes"
"2019/12/08 3:55:51 PM GMT+1","9","9","7","7","10","9","9","10","7","8","9","8","9","10","10","1","Yes"
"2019/12/08 3:56:17 PM GMT+1","9","7","7","8","9","8","8","10","9","9","9","","8","10","9","7","Yes"
"2019/12/08 3:56:19 PM GMT+1","9","7","9","9","10","10","9","10","7","9","7","3","9","8","9","3","Yes"
"2019/12/08 3:56:29 PM GMT+1","10","9","9","9","10","9","9","9","8","10","8","4","10","10","10","4","Yes"
"2019/12/08 3:56:45 PM GMT+1","9","8","8","9","10","9","8","9","8","8","8","7","7","8","9","5","Yes"
"2019/12/08 3:57:17 PM GMT+1","8","8","9","9","10","10","10","10","9","10","10","8","10","10","10","1","Yes"
"2019/12/08 3:57:27 PM GMT+1","8","7","7","8","9","8","7","8","7","7","7","5","8","10","9","6","Yes"
"2019/12/08 3:57:33 PM GMT+1","8","6","7","7","7","9","8","9","8","8","8","7","7","10","10","7","Yes"
"2019/12/08 3:57:38 PM GMT+1","8","8","8","9","10","9","9","9","8","8","8","","10","8","9","5","Yes"
"2019/12/08 3:59:20 PM GMT+1","9","7","9","10","10","10","9","10","8","8","9","8","10","9","10","6","Yes"
"2019/12/08 3:59:23 PM GMT+1","8","7","8","8","9","8","9","10","9","8","9","7","10","10","10","7","Yes"
"2019/12/08 4:00:02 PM GMT+1","9","8","9","9","10","8","10","10","7","8","9","","9","10","10","6","No"
"2019/12/08 4:00:21 PM GMT+1","8","7","7","8","9","8","7","9","7","8","7","6","10","10","10","7","Yes"
"2019/12/08 4:01:18 PM GMT+1","7","9","9","6","10","9","9","10","7","8","8","6","10","10","10","10","No"
"2019/12/08 4:02:17 PM GMT+1","10","9","9","10","10","10","10","10","9","10","10","7","10","10","10","1","Yes"
"2019/12/08 4:03:18 PM GMT+1","9","7","8","8","10","8","8","9","8","8","8","2","8","9","9","7","No"
"2019/12/08 4:04:04 PM GMT+1","8","8","8","7","9","9","9","9","8","9","8","7","9","9","10","8","Yes"
"2019/12/08 4:04:29 PM GMT+1","9","8","8","8","9","8","9","10","8","8","8","7","9","10","9","3","Yes"
"2019/12/08 4:05:24 PM GMT+1","8","7","8","8","9","8","8","9","8","8","8","7","9","10","9","6","Yes"
"2019/12/08 4:05:26 PM GMT+1","7","8","7","8","10","10","9","8","8","8","8","6","9","10","9","6","Yes"
"2019/12/08 4:05:27 PM GMT+1","9","8","7","7","10","10","9","9","8","8","9","7","9","10","8","4","No"
"2019/12/08 4:06:42 PM GMT+1","8","7","8","8","10","9","8","9","8","8","8","6","9","9","9","7","Yes"
"2019/12/08 4:06:44 PM GMT+1","8","7","8","8","9","9","9","9","7","8","7","","9","9","9","6","Yes"
"2019/12/08 4:07:32 PM GMT+1","8","7","7","7","9","8","7","9","7","7","7","6","8","7","8","7","Yes"
"2019/12/08 4:07:37 PM GMT+1","7","7","7","8","9","9","8","10","8","8","8","6","9","10","8","6","Yes"
"2019/12/08 4:08:56 PM GMT+1","8","8","8","8","10","9","10","9","7","9","9","10","9","10","9","8","Yes"
"2019/12/08 4:09:32 PM GMT+1","8","7","7","8","8","7","7","9","6","8","8","5","8","8","9","7","Yes"
"2019/12/08 4:10:03 PM GMT+1","8","7","7","8","10","9","9","9","7","8","8","6","9","10","10","5","Yes"
"2019/12/08 4:10:20 PM GMT+1","7","7","7","7","10","8","8","8","7","7","7","6","9","9","8","6","Yes"
"2019/12/08 4:11:27 PM GMT+1","8","8","8","8","10","9","9","9","8","8","8","","9","10","9","7","Yes"
"2019/12/08 4:11:28 PM GMT+1","8","7","7","8","9","9","9","9","7","8","9","","10","10","10","3","Yes"
"2019/12/08 4:11:42 PM GMT+1","7","6","7","7","9","7","8","8","6","7","7","","8","8","9","7","Yes"
"2019/12/08 4:14:42 PM GMT+1","10","9","9","9","10","10","10","9","9","9","9","7","10","10","10","8","Yes"
"2019/12/08 4:15:04 PM GMT+1","9","7","8","8","9","8","8","8","7","7","8","7","9","10","10","4","Yes"
"2019/12/08 4:15:20 PM GMT+1","8","7","7","8","9","9","8","9","7","8","9","","9","9","8","6",""
"2019/12/08 4:16:16 PM GMT+1","8","6","7","9","10","9","8","10","8","9","9","6","9","10","9","4","Yes"
"2019/12/08 4:17:50 PM GMT+1","7","6","8","8","9","8","7","10","7","7","8","7","10","10","10","1","Yes"
"2019/12/08 4:19:02 PM GMT+1","9","6","7","8","10","9","10","10","8","9","9","4","9","10","10","6","Yes"
"2019/12/08 4:19:32 PM GMT+1","9","7","8","9","10","9","9","9","6","8","8","5","9","9","10","5","No"
"2019/12/08 4:19:43 PM GMT+1","9","8","7","9","10","9","9","9","8","8","8","7","9","10","9","4","Yes"
"2019/12/08 4:21:06 PM GMT+1","7","7","7","8","9","8","8","9","8","8","8","7","9","9","9","6","Yes"
"2019/12/08 4:22:02 PM GMT+1","8","8","8","7","10","8","9","8","8","8","7","6","10","10","10","6","Yes"
"2019/12/08 4:23:16 PM GMT+1","10","10","10","10","10","10","10","10","10","10","10","10","10","10","10","9","Yes"
"2019/12/08 4:23:18 PM GMT+1","7","8","7","8","9","9","8","9","8","8","8","7","9","8","9","4","Yes"
"2019/12/08 4:23:28 PM GMT+1","8","8","7","7","9","10","9","9","7","8","8","5","8","8","9","6","Yes"
"2019/12/08 4:23:32 PM GMT+1","10","8","10","10","10","10","10","10","8","10","10","7","10","10","10","1","Yes"
"2019/12/08 4:23:34 PM GMT+1","8","9","8","9","9","9","8","8","7","8","8","","8","7","8","5","Yes"
"2019/12/08 4:24:02 PM GMT+1","8","9","8","8","10","9","9","9","7","8","7","7","10","10","10","6","Yes"
"2019/12/08 4:24:51 PM GMT+1","8","7","7","8","10","9","9","9","8","9","8","7","9","9","9","6","Yes"
"2019/12/08 4:27:09 PM GMT+1","10","8","8","10","10","10","10","10","9","8","10","7","10","10","10","6","Yes"
"2019/12/08 4:27:51 PM GMT+1","9","6","8","8","10","8","8","8","8","8","8","4","10","10","10","5","Yes"
"2019/12/08 4:30:54 PM GMT+1","8","5","6","7","9","8","8","8","6","7","7","4","9","9","10","6","Yes"
"2019/12/08 4:31:40 PM GMT+1","9","6","7","7","10","8","9","9","7","8","8","6","8","10","7","7","Yes"
"2019/12/08 4:31:46 PM GMT+1","9","8","7","8","10","8","8","9","7","7","7","10","10","7","9","7","No"
"2019/12/08 4:32:00 PM GMT+1","7","6","7","8","9","9","8","9","7","8","8","6","8","9","9","4","Yes"
"2019/12/08 4:32:17 PM GMT+1","8","7","7","8","9","9","8","8","8","8","7","","9","9","10","4","No"
"2019/12/08 4:32:41 PM GMT+1","8","7","8","8","9","8","7","8","7","7","7","4","9","9","9","5","Yes"
"2019/12/08 4:32:48 PM GMT+1","7","7","8","8","9","8","8","8","7","8","7","4","7","10","10","10","Yes"
"2019/12/08 4:32:54 PM GMT+1","8","8","9","9","10","10","10","10","8","9","9","7","10","10","10","8","No"
"2019/12/08 4:33:10 PM GMT+1","7","6","7","8","10","8","8","9","7","6","8","","8","8","9","4","Yes"
"2019/12/08 4:33:45 PM GMT+1","9","8","7","8","10","10","7","9","9","8","8","7","9","8","8","5","Yes"
"2019/12/08 4:34:27 PM GMT+1","10","7","7","7","10","9","9","10","7","8","7","7","10","8","9","1","Yes"
"2019/12/08 4:35:07 PM GMT+1","9","8","8","8","10","10","9","8","8","8","8","6","10","10","10","5","Yes"
"2019/12/08 4:35:35 PM GMT+1","8","8","8","8","10","9","9","9","8","8","9","6","9","8","9","4","Yes"
"2019/12/08 4:35:36 PM GMT+1","9","8","8","9","10","10","9","10","8","8","9","7","10","10","10","8","Yes"
"2019/12/08 4:35:41 PM GMT+1","8","6","9","9","10","8","8","9","7","7","8","","10","10","10","7","Yes"
"2019/12/08 4:36:07 PM GMT+1","8","7","8","8","9","10","9","10","8","8","9","7","9","10","10","5","Yes"
"2019/12/08 4:37:05 PM GMT+1","9","7","7","8","9","9","8","8","7","8","7","7","10","9","9","6","No"
"2019/12/08 4:37:42 PM GMT+1","8","7","7","8","9","9","8","9","8","7","7","5","9","10","9","6","Yes"
"2019/12/08 4:38:10 PM GMT+1","8","7","7","8","10","9","8","8","8","8","8","6","8","10","8","8","Yes"
"2019/12/08 4:39:30 PM GMT+1","9","9","9","10","10","9","9","9","9","9","8","","8","8","9","6","Yes"
"2019/12/08 4:41:11 PM GMT+1","9","7","7","8","9","9","9","9","8","9","9","7","10","8","10","7","Yes"
"2019/12/08 4:42:48 PM GMT+1","8","6","7","7","9","9","8","8","7","8","8","5","9","9","9","5","Yes"
"2019/12/08 4:42:49 PM GMT+1","10","9","8","9","10","10","10","9","8","9","9","7","10","10","10","7","Yes"
"2019/12/08 4:43:27 PM GMT+1","8","7","8","8","10","9","8","9","8","7","9","5","9","9","10","7","Yes"
"2019/12/08 4:44:27 PM GMT+1","8","9","8","9","9","9","9","9","9","9","8","6","10","8","9","6","No"
"2019/12/08 4:45:22 PM GMT+1","8","8","7","8","10","9","9","9","8","9","8","5","9","10","10","6","Yes"
"2019/12/08 4:47:16 PM GMT+1","8","7","7","8","10","9","8","10","7","8","8","6","7","8","8","7","Yes"
"2019/12/08 4:48:07 PM GMT+1","9","7","8","9","10","10","9","10","9","9","9","6","9","10","9","7","Yes"
"2019/12/08 4:48:21 PM GMT+1","8","8","8","9","10","9","9","9","8","9","9","","9","10","8","6","Yes"
"2019/12/08 4:48:49 PM GMT+1","8","7","9","9","10","9","9","9","8","8","8","6","10","10","10","7","Yes"
"2019/12/08 4:50:27 PM GMT+1","8","8","8","8","9","9","9","9","8","8","8","7","8","10","8","7","Yes"
"2019/12/08 4:51:39 PM GMT+1","8","7","8","9","10","10","8","8","8","8","8","","8","7","8","5","Yes"
"2019/12/08 4:52:53 PM GMT+1","9","8","8","9","10","10","9","9","8","8","8","6","9","9","10","2","Yes"
"2019/12/08 4:53:30 PM GMT+1","9","8","8","7","10","9","9","9","8","9","9","8","9","10","10","7","Yes"
"2019/12/08 4:53:48 PM GMT+1","7","7","7","8","9","9","8","8","7","7","8","","9","10","9","7","Yes"
"2019/12/08 4:54:22 PM GMT+1","8","7","7","8","9","9","8","8","7","8","8","","8","9","8","3","Yes"
"2019/12/08 4:55:26 PM GMT+1","9","7","8","7","10","9","9","9","7","8","9","7","9","10","10","5","Yes"
"2019/12/08 4:55:29 PM GMT+1","8","8","8","9","10","10","9","10","8","8","8","6","10","10","10","8","Yes"
"2019/12/08 4:58:20 PM GMT+1","10","7","7","8","10","8","6","8","9","7","8","6","9","10","10","6","Yes"
"2019/12/08 4:58:42 PM GMT+1","8","8","8","8","9","9","8","9","8","8","8","7","9","9","9","4","Yes"
"2019/12/08 5:00:05 PM GMT+1","8","8","8","8","9","9","8","9","8","8","8","7","9","10","10","6","Yes"
"2019/12/08 5:00:11 PM GMT+1","8","7","7","8","10","9","9","10","8","8","9","6","10","10","10","6","Yes"
"2019/12/08 5:00:11 PM GMT+1","9","7","8","9","10","8","9","8","7","7","7","6","8","9","8","6","Yes"
"2019/12/08 5:00:25 PM GMT+1","9","9","8","9","10","9","9","10","8","8","10","8","10","10","10","4","Yes"
"2019/12/08 5:00:40 PM GMT+1","10","8","9","9","10","10","10","10","8","9","8","7","10","9","10","1","Yes"
"2019/12/08 5:01:14 PM GMT+1","7","8","9","7","9","9","9","10","9","9","9","3","10","10","10","5","No"
"2019/12/08 5:01:14 PM GMT+1","8","8","8","8","10","8","7","9","7","8","8","6","9","10","10","6","Yes"
"2019/12/08 5:02:23 PM GMT+1","8","9","9","9","10","9","9","10","7","8","9","7","9","10","10","7","Yes"
"2019/12/08 5:02:43 PM GMT+1","7","7","7","7","9","8","8","8","8","8","8","4","10","8","10","6","No"
"2019/12/08 5:03:20 PM GMT+1","9","7","8","8","10","8","8","9","8","8","8","","10","10","9","7","Yes"
"2019/12/08 5:03:49 PM GMT+1","7","6","8","8","9","7","8","9","6","7","7","","9","10","8","3","Yes"
"2019/12/08 5:03:54 PM GMT+1","8","7","8","9","10","9","9","9","8","9","8","","10","9","10","1","Yes"
"2019/12/08 5:05:00 PM GMT+1","8","8","8","8","10","9","9","10","9","9","8","1","10","10","10","7","Yes"
"2019/12/08 5:06:03 PM GMT+1","7","7","7","8","9","8","7","8","7","7","8","","8","9","9","6","Yes"
"2019/12/08 5:07:24 PM GMT+1","8","7","7","9","10","10","8","9","8","9","7","3","9","10","9","5","No"
"2019/12/08 5:08:14 PM GMT+1","7","7","8","8","10","8","8","9","7","9","9","8","9","9","10","7","Yes"
"2019/12/08 5:08:31 PM GMT+1","8","7","8","8","9","9","8","9","8","8","7","5","9","8","9","4","Yes"
"2019/12/08 5:09:07 PM GMT+1","7","7","8","8","10","9","8","9","8","9","9","6","9","10","9","6","Yes"
"2019/12/08 5:09:09 PM GMT+1","8","8","9","9","10","9","9","9","8","8","8","7","9","10","10","1","Yes"
"2019/12/08 5:09:32 PM GMT+1","8","6","7","8","10","8","9","8","8","8","8","5","8","10","9","1","Yes"
"2019/12/08 5:11:06 PM GMT+1","7","7","8","8","10","9","9","9","8","9","9","6","9","9","8","4","Yes"
"2019/12/08 5:12:26 PM GMT+1","8","8","8","10","10","10","9","10","9","8","7","7","9","10","9","7","Yes"
"2019/12/08 5:13:06 PM GMT+1","7","8","8","9","10","10","10","10","9","10","10","7","10","10","10","7","Yes"
"2019/12/08 5:13:12 PM GMT+1","8","8","8","8","9","9","8","9","8","8","8","4","8","10","8","4","Yes"
"2019/12/08 5:13:30 PM GMT+1","8","7","8","8","10","9","8","9","8","9","7","6","10","9","10","5","Yes"
"2019/12/08 5:13:55 PM GMT+1","8","7","7","8","9","9","8","10","8","7","8","6","8","9","10","7","Yes"
"2019/12/08 5:14:12 PM GMT+1","9","9","10","10","10","10","10","10","10","10","10","8","9","9","10","7","Yes"
"2019/12/08 5:14:25 PM GMT+1","8","7","8","8","9","9","8","10","8","9","8","7","9","10","9","5","Yes"
"2019/12/08 5:14:59 PM GMT+1","8","6","7","8","9","9","9","9","6","8","8","5","10","10","10","1","Yes"
"2019/12/08 5:15:46 PM GMT+1","9","8","8","8","10","10","10","10","8","8","10","7","10","10","10","9","Yes"
"2019/12/08 5:15:57 PM GMT+1","8","8","8","8","10","9","8","8","8","8","9","6","9","9","9","5","Yes"
"2019/12/08 5:16:04 PM GMT+1","8","6","6","7","8","8","7","8","8","7","7","6","8","10","7","3","Yes"
"2019/12/08 5:16:40 PM GMT+1","8","7","7","7","10","8","8","9","7","8","8","","9","9","9","6","Yes"
"2019/12/08 5:16:46 PM GMT+1","7","7","7","7","10","9","7","7","8","8","8","7","8","8","8","5","Yes"
"2019/12/08 5:16:57 PM GMT+1","9","9","9","9","10","9","9","9","9","9","8","7","9","9","10","4","Yes"
"2019/12/08 5:17:26 PM GMT+1","10","8","7","6","9","8","8","9","7","8","8","6","8","10","9","4","Yes"
"2019/12/08 5:17:52 PM GMT+1","9","7","8","8","10","8","8","10","8","8","8","6","9","10","10","9","Yes"
"2019/12/08 5:17:54 PM GMT+1","7","7","8","8","9","8","7","8","8","8","7","5","10","10","10","6","Yes"
"2019/12/08 5:18:29 PM GMT+1","9","7","7","8","9","8","8","8","7","8","8","6","8","10","10","4","Yes"
"2019/12/08 5:19:29 PM GMT+1","8","8","8","8","10","10","10","10","9","9","8","6","8","8","9","6","Yes"
"2019/12/08 5:19:43 PM GMT+1","8","9","8","8","10","7","9","8","7","8","7","6","7","8","9","7","Yes"
"2019/12/08 5:19:46 PM GMT+1","8","7","8","7","8","9","9","10","8","8","8","6","7","10","7","6","Yes"
"2019/12/08 5:20:46 PM GMT+1","7","7","7","8","10","9","9","8","8","8","9","7","8","7","8","5","Yes"
"2019/12/08 5:20:48 PM GMT+1","10","10","9","10","10","9","9","10","8","9","9","7","10","10","7","3","Yes"
"2019/12/08 5:20:51 PM GMT+1","8","8","8","8","10","9","7","8","7","9","8","2","8","7","7","5","Yes"
"2019/12/08 5:21:08 PM GMT+1","8","8","8","8","10","9","9","9","8","8","9","6","9","10","9","6","Yes"
"2019/12/08 5:22:27 PM GMT+1","9","9","8","9","10","9","9","9","9","10","9","7","9","9","9","4","Yes"
"2019/12/08 5:22:28 PM GMT+1","9","8","8","7","9","9","9","9","8","10","9","7","9","10","9","3","Yes"
"2019/12/08 5:23:08 PM GMT+1","7","8","8","9","10","10","9","9","9","9","9","","9","9","10","8","Yes"
"2019/12/08 5:24:06 PM GMT+1","8","9","9","9","10","9","9","10","9","10","9","","10","10","10","7","Yes"
"2019/12/08 5:24:18 PM GMT+1","9","7","9","10","10","9","8","9","8","6","8","3","10","9","9","3","Yes"
"2019/12/08 5:24:18 PM GMT+1","8","7","7","8","10","9","9","9","8","8","9","7","10","10","10","5","Yes"
"2019/12/08 5:25:15 PM GMT+1","9","8","8","8","9","9","8","9","8","9","9","","10","10","9","8","Yes"
"2019/12/08 5:26:10 PM GMT+1","8","8","7","8","10","9","9","10","9","9","10","7","10","10","9","7","Yes"
"2019/12/08 5:27:53 PM GMT+1","9","7","7","8","9","8","8","9","8","8","8","5","8","8","8","7","Yes"
"2019/12/08 5:28:20 PM GMT+1","8","7","8","9","10","9","9","9","8","7","8","7","9","10","10","6","Yes"
"2019/12/08 5:28:44 PM GMT+1","8","7","8","8","8","9","8","9","8","8","7","6","9","10","10","8","Yes"
"2019/12/08 5:28:52 PM GMT+1","9","8","7","8","10","10","10","10","8","9","9","","9","9","9","7","Yes"
"2019/12/08 5:29:04 PM GMT+1","8","7","8","8","10","8","9","9","8","8","8","6","10","10","9","6","Yes"
"2019/12/08 5:29:34 PM GMT+1","7","7","8","7","10","9","9","10","7","7","7","5","9","10","10","3","Yes"
"2019/12/08 5:30:17 PM GMT+1","7","8","8","9","10","10","9","9","8","8","7","7","10","10","10","3","No"
"2019/12/08 5:30:49 PM GMT+1","8","8","8","7","9","9","9","9","8","8","8","","10","10","10","6","Yes"
"2019/12/08 5:31:14 PM GMT+1","7","6","7","7","10","9","9","9","7","8","8","","10","10","9","5","Yes"
"2019/12/08 5:31:14 PM GMT+1","7","6","6","7","10","8","8","9","7","7","8","6","8","9","9","7","Yes"
"2019/12/08 5:33:44 PM GMT+1","8","9","8","10","10","10","10","10","9","9","10","9","10","10","10","1","Yes"
"2019/12/08 5:33:56 PM GMT+1","8","7","7","9","9","8","8","9","7","7","7","7","9","9","9","6","Yes"
"2019/12/08 5:34:12 PM GMT+1","10","9","8","7","9","7","7","9","8","7","8","6","9","9","7","7","Yes"
"2019/12/08 5:34:23 PM GMT+1","10","10","10","10","10","10","10","10","10","10","10","9","10","10","10","6","No"
"2019/12/08 5:34:34 PM GMT+1","8","8","9","9","10","10","10","10","9","10","10","8","9","9","9","5","Yes"
"2019/12/08 5:34:42 PM GMT+1","8","8","7","8","9","8","7","9","7","8","7","","9","10","9","6","Yes"
"2019/12/08 5:35:11 PM GMT+1","7","7","8","8","10","7","7","8","7","6","7","","9","10","8","8","Yes"
"2019/12/08 5:35:41 PM GMT+1","7","8","7","7","10","9","9","9","8","8","8","6","8","8","8","6","Yes"
"2019/12/08 5:35:57 PM GMT+1","9","7","8","8","10","9","8","10","8","8","9","6","10","10","10","4","Yes"
"2019/12/08 5:36:30 PM GMT+1","9","8","8","9","10","10","10","9","8","8","8","7","9","10","10","5","Yes"
"2019/12/08 5:36:39 PM GMT+1","7","8","8","9","9","10","10","10","7","10","10","","10","10","10","1","Yes"
"2019/12/08 5:38:32 PM GMT+1","7","8","8","9","9","9","8","8","7","8","7","3","9","10","9","7","No"
"2019/12/08 5:38:51 PM GMT+1","9","7","8","8","10","9","9","8","7","8","9","7","9","10","10","5","Yes"
"2019/12/08 5:39:13 PM GMT+1","9","7","7","8","10","10","9","10","8","9","9","6","10","10","10","8","Yes"
"2019/12/08 5:40:12 PM GMT+1","8","7","7","7","8","8","8","8","7","8","8","5","8","9","8","6",""
"2019/12/08 5:40:31 PM GMT+1","8","9","9","8","10","9","9","9","8","9","9","5","9","5","10","5","Yes"
"2019/12/08 5:40:42 PM GMT+1","9","9","9","9","10","10","9","10","9","9","9","8","9","9","10","4","Yes"
"2019/12/08 5:41:40 PM GMT+1","8","7","7","7","10","8","8","9","8","8","8","6","10","10","9","6","Yes"
"2019/12/08 5:41:50 PM GMT+1","8","6","8","9","10","8","8","9","7","7","8","6","9","10","8","5","Yes"
"2019/12/08 5:43:23 PM GMT+1","7","8","7","7","9","9","8","9","8","8","8","7","8","10","10","7","No"
"2019/12/08 5:43:32 PM GMT+1","9","9","9","9","10","10","9","10","9","8","8","7","9","10","9","8","Yes"
"2019/12/08 5:47:03 PM GMT+1","8","6","7","9","10","9","9","10","7","8","8","6","8","10","8","6","Yes"
"2019/12/08 5:48:53 PM GMT+1","8","8","7","7","10","8","9","9","7","8","7","3","8","10","9","6","Yes"
"2019/12/08 5:49:22 PM GMT+1","7","7","7","8","8","8","8","9","8","7","7","7","9","10","9","6","No"
"2019/12/08 5:52:18 PM GMT+1","8","7","7","8","9","8","7","8","7","7","7","","9","8","8","6","Yes"
"2019/12/08 5:52:43 PM GMT+1","10","10","10","10","10","10","10","10","10","10","10","7","10","10","10","4","Yes"
"2019/12/08 5:53:15 PM GMT+1","10","8","8","9","9","8","10","9","7","7","8","8","9","10","10","6","Yes"
"2019/12/08 5:53:37 PM GMT+1","8","5","6","7","9","7","8","9","7","9","7","","8","7","9","2","Yes"
"2019/12/08 5:55:36 PM GMT+1","8","8","8","9","10","9","8","9","8","8","8","7","10","10","9","5","No"
"2019/12/08 5:56:52 PM GMT+1","8","8","7","8","10","9","9","9","8","8","9","7","9","10","10","3","Yes"
"2019/12/08 5:57:07 PM GMT+1","10","9","8","8","9","9","9","10","9","9","9","","9","9","9","6","Yes"
"2019/12/08 5:57:14 PM GMT+1","8","8","8","9","9","9","9","8","8","8","8","6","9","10","10","5","Yes"
"2019/12/08 5:58:40 PM GMT+1","8","7","7","8","9","8","8","9","6","7","8","6","8","7","8","7","No"
"2019/12/08 5:58:43 PM GMT+1","9","7","7","9","10","10","8","9","8","8","9","7","9","8","10","6","Yes"
"2019/12/08 6:00:43 PM GMT+1","7","8","8","8","10","10","9","9","8","8","8","7","9","10","8","2","Yes"
"2019/12/08 6:01:23 PM GMT+1","8","7","7","8","9","9","8","8","8","8","8","7","8","10","8","7","Yes"
"2019/12/08 6:02:31 PM GMT+1","8","8","8","8","10","9","9","9","7","8","8","7","9","10","10","7","Yes"
"2019/12/08 6:02:43 PM GMT+1","8","7","8","8","10","8","8","9","6","8","8","3","9","10","10","5","Yes"
"2019/12/08 6:07:05 PM GMT+1","8","8","8","7","10","9","8","8","8","8","7","6","8","9","8","6","Yes"
"2019/12/08 6:09:11 PM GMT+1","8","7","6","9","10","8","8","9","7","7","8","1","10","10","10","1","Yes"
"2019/12/08 6:10:44 PM GMT+1","9","8","8","7","9","9","9","8","7","8","7","","9","10","10","4","Yes"
"2019/12/08 6:11:20 PM GMT+1","7","7","8","8","10","9","8","8","7","7","7","5","9","10","10","7","Yes"
"2019/12/08 6:11:22 PM GMT+1","8","7","8","9","10","9","9","9","8","8","9","","9","10","10","5","No"
"2019/12/08 6:11:37 PM GMT+1","8","7","8","8","10","8","8","10","8","9","8","7","8","8","7","4","Yes"
"2019/12/08 6:13:13 PM GMT+1","8","7","7","8","9","9","8","8","7","7","8","5","8","10","8","6","Yes"
"2019/12/08 6:13:54 PM GMT+1","7","7","8","8","9","8","8","8","8","7","7","7","9","8","9","5","Yes"
"2019/12/08 6:14:25 PM GMT+1","9","7","8","8","9","9","9","9","8","8","7","","9","10","9","7","Yes"
"2019/12/08 6:14:45 PM GMT+1","9","9","8","9","10","9","9","9","8","9","9","5","9","8","9","7","Yes"
"2019/12/08 6:14:51 PM GMT+1","9","8","8","8","10","9","9","9","8","8","8","7","9","10","9","6","Yes"
"2019/12/08 6:15:28 PM GMT+1","8","7","7","7","10","9","9","9","8","8","8","5","8","8","8","1","Yes"
"2019/12/08 6:16:25 PM GMT+1","8","7","8","9","10","8","8","10","8","9","9","4","9","10","10","8","Yes"
"2019/12/08 6:17:22 PM GMT+1","8","7","7","8","9","8","8","8","7","8","8","","9","9","9","4","Yes"
"2019/12/08 6:19:46 PM GMT+1","8","7","7","8","8","8","8","9","7","7","9","4","10","10","8","5","Yes"
"2019/12/08 6:19:46 PM GMT+1","8","8","8","7","10","10","10","9","8","9","10","6","10","10","10","5","Yes"
"2019/12/08 6:19:52 PM GMT+1","8","5","7","7","9","8","8","8","7","7","8","3","8","10","7","3","Yes"
"2019/12/08 6:20:13 PM GMT+1","7","8","8","8","9","8","7","9","7","7","8","6","9","10","10","4","Yes"
"2019/12/08 6:20:38 PM GMT+1","8","7","7","9","9","9","9","9","8","9","9","","10","10","9","7","Yes"
"2019/12/08 6:23:09 PM GMT+1","8","8","7","8","9","9","9","9","8","8","9","4","9","9","9","6","Yes"
"2019/12/08 6:23:39 PM GMT+1","6","6","6","7","8","8","7","8","6","8","8","5","8","8","8","5","Yes"
"2019/12/08 6:24:10 PM GMT+1","8","6","7","7","9","8","7","9","8","7","8","6","9","10","9","3","No"
"2019/12/08 6:24:27 PM GMT+1","8","7","8","8","9","8","9","9","7","8","8","8","9","10","9","4","Yes"
"2019/12/08 6:24:40 PM GMT+1","9","7","7","8","10","8","8","9","8","8","7","6","10","10","9","5","Yes"
"2019/12/08 6:25:52 PM GMT+1","8","8","7","9","10","10","9","9","8","8","8","6","8","8","7","5","No"
"2019/12/08 6:29:13 PM GMT+1","7","8","7","7","10","10","9","8","9","8","8","5","8","9","9","5","Yes"
"2019/12/08 6:30:05 PM GMT+1","8","8","9","9","10","10","10","9","8","8","8","6","10","10","10","3","Yes"
"2019/12/08 6:31:05 PM GMT+1","9","9","8","9","10","10","10","10","9","9","9","7","10","10","10","1","Yes"
"2019/12/08 6:33:56 PM GMT+1","7","7","8","8","10","9","9","9","9","9","9","10","10","10","10","6","Yes"
"2019/12/08 6:34:23 PM GMT+1","8","7","6","7","10","9","9","10","8","8","9","","9","9","9","2","Yes"
"2019/12/08 6:34:54 PM GMT+1","7","8","8","9","8","8","7","7","5","8","6","4","8","8","9","4","Yes"
"2019/12/08 6:37:30 PM GMT+1","8","7","7","7","9","9","9","9","8","9","8","7","9","10","9","6","Yes"
"2019/12/08 6:39:56 PM GMT+1","8","7","7","8","9","9","8","9","8","8","8","5","8","8","8","7","Yes"
"2019/12/08 6:40:31 PM GMT+1","9","7","8","9","10","10","9","9","7","7","7","5","9","9","8","8","Yes"
"2019/12/08 6:41:50 PM GMT+1","9","7","8","9","10","10","9","9","7","7","8","","9","10","8","5","Yes"
"2019/12/08 6:43:16 PM GMT+1","8","5","7","6","10","10","10","10","8","9","8","6","9","10","8","6","Yes"
"2019/12/08 6:43:30 PM GMT+1","10","8","8","9","10","10","10","10","8","9","9","","10","8","10","7",""
"2019/12/08 6:43:34 PM GMT+1","6","7","8","9","9","9","8","9","8","7","9","5","9","10","10","3","Yes"
"2019/12/08 6:44:14 PM GMT+1","9","7","7","8","9","8","9","9","7","8","8","4","9","9","8","1","Yes"
"2019/12/08 6:44:31 PM GMT+1","8","7","7","7","9","8","8","8","7","8","7","5","9","9","6","5","Yes"
"2019/12/08 6:45:00 PM GMT+1","8","8","8","9","10","10","10","9","8","8","9","","9","9","8","7","Yes"
"2019/12/08 6:45:25 PM GMT+1","9","8","8","8","10","9","8","10","9","9","8","7","9","8","10","7","Yes"
"2019/12/08 6:48:49 PM GMT+1","8","8","8","8","8","9","8","8","7","9","8","6","10","10","10","5","Yes"
"2019/12/08 6:49:28 PM GMT+1","9","7","8","8","10","9","8","8","7","8","7","10","8","10","10","1","Yes"
"2019/12/08 6:50:20 PM GMT+1","9","8","8","8","9","9","9","9","7","8","9","6","10","10","10","4","Yes"
"2019/12/08 6:52:14 PM GMT+1","8","7","9","8","10","10","9","9","8","9","10","","8","8","9","7","Yes"
"2019/12/08 6:52:59 PM GMT+1","8","6","7","7","9","10","9","9","7","8","8","6","9","9","9","5","Yes"
"2019/12/08 6:54:09 PM GMT+1","8","8","8","8","10","9","8","8","8","8","9","8","10","8","8","5","Yes"
"2019/12/08 6:55:43 PM GMT+1","7","5","8","8","8","8","8","8","8","9","7","6","8","10","8","6","Yes"
"2019/12/08 6:57:12 PM GMT+1","9","9","9","10","10","9","9","10","8","8","9","","10","10","10","7",""
"2019/12/08 6:58:00 PM GMT+1","8","7","8","8","9","9","9","9","8","8","9","7","9","9","9","7","Yes"
"2019/12/08 6:59:34 PM GMT+1","8","6","6","7","9","7","7","8","7","8","7","6","9","10","9","7","Yes"
"2019/12/08 6:59:55 PM GMT+1","8","7","8","9","10","10","8","9","8","8","8","6","8","9","10","1","Yes"
"2019/12/08 7:00:56 PM GMT+1","8","7","7","7","9","9","8","8","7","8","7","6","8","10","9","6","Yes"
"2019/12/08 7:01:12 PM GMT+1","9","8","8","9","10","9","8","8","7","7","8","","8","10","8","3","Yes"
"2019/12/08 7:03:35 PM GMT+1","8","7","8","8","10","8","8","9","7","8","9","6","10","10","10","8","Yes"
"2019/12/08 7:03:36 PM GMT+1","8","5","7","5","10","9","8","7","6","8","7","10","9","10","8","1","Yes"
"2019/12/08 7:04:13 PM GMT+1","8","9","7","9","9","8","9","9","7","8","8","6","8","9","9","6","Yes"
"2019/12/08 7:04:18 PM GMT+1","6","5","7","9","9","7","7","8","7","7","8","","8","10","8","1","Yes"
"2019/12/08 7:04:46 PM GMT+1","7","6","7","7","9","8","7","9","7","8","8","","8","7","7","4","Yes"
"2019/12/08 7:05:22 PM GMT+1","9","7","7","9","10","10","10","10","10","9","10","5","10","10","7","3","Yes"
"2019/12/08 7:05:31 PM GMT+1","8","8","7","7","10","9","8","9","8","8","8","","10","10","8","7","Yes"
"2019/12/08 7:06:55 PM GMT+1","8","8","8","9","9","9","8","8","7","10","8","1","9","10","10","7","Yes"
"2019/12/08 7:07:19 PM GMT+1","8","7","7","8","9","8","8","8","7","7","8","1","8","8","8","7","No"
"2019/12/08 7:09:40 PM GMT+1","7","7","8","9","9","9","9","9","8","8","8","6","9","10","9","4","Yes"
"2019/12/08 7:10:24 PM GMT+1","9","7","8","7","10","9","9","10","8","8","9","6","8","8","7","4",""
"2019/12/08 7:11:17 PM GMT+1","7","7","7","9","10","10","8","10","8","9","9","","9","10","10","1","Yes"
"2019/12/08 7:11:34 PM GMT+1","7","8","8","10","10","10","9","9","9","8","8","6","10","10","10","3","Yes"
"2019/12/08 7:12:21 PM GMT+1","8","8","7","7","10","8","8","8","7","7","8","6","9","10","10","7","Yes"
"2019/12/08 7:13:09 PM GMT+1","9","9","8","10","10","9","10","10","9","9","9","8","10","10","10","1","Yes"
"2019/12/08 7:13:10 PM GMT+1","8","7","8","8","10","10","10","10","8","9","8","","9","9","10","7","Yes"
"2019/12/08 7:15:20 PM GMT+1","8","6","6","7","8","8","7","9","7","8","8","5","8","8","8","6","Yes"
"2019/12/08 7:16:51 PM GMT+1","8","7","8","10","10","9","9","10","9","8","9","6","9","10","10","7","Yes"
"2019/12/08 7:18:55 PM GMT+1","7","6","6","6","9","8","8","9","6","7","7","5","8","10","8","4","Yes"
"2019/12/08 7:20:48 PM GMT+1","8","8","7","9","9","9","9","8","9","8","8","5","9","9","7","2","Yes"
"2019/12/08 7:22:23 PM GMT+1","7","7","7","8","10","9","8","8","8","9","7","","10","10","10","8","Yes"
"2019/12/08 7:22:38 PM GMT+1","6","5","7","7","10","8","9","9","6","7","8","5","8","9","9","2","Yes"
"2019/12/08 7:25:01 PM GMT+1","7","8","7","7","9","8","8","7","7","8","8","5","7","9","8","6","No"
"2019/12/08 7:25:08 PM GMT+1","7","9","8","7","9","8","7","9","7","8","8","3","8","10","8","6",""
"2019/12/08 7:25:36 PM GMT+1","5","6","5","6","9","8","7","9","8","8","8","7","8","8","8","7","Yes"
"2019/12/08 7:26:00 PM GMT+1","8","7","8","7","9","8","8","8","6","7","7","5","8","9","8","6","Yes"
"2019/12/08 7:27:53 PM GMT+1","8","7","7","7","9","9","8","9","8","8","7","","10","10","10","4","Yes"
"2019/12/08 7:28:00 PM GMT+1","8","7","7","7","9","8","7","8","8","8","7","5","8","8","8","6","Yes"
"2019/12/08 7:28:43 PM GMT+1","7","7","7","7","9","9","8","9","7","8","8","7","8","10","9","6","Yes"
"2019/12/08 7:29:49 PM GMT+1","8","7","7","9","10","9","7","9","7","8","9","","9","9","10","4","Yes"
"2019/12/08 7:29:55 PM GMT+1","9","7","8","8","10","9","9","9","8","7","8","","9","10","8","8","Yes"
"2019/12/08 7:30:11 PM GMT+1","8","8","8","9","9","9","9","9","8","9","8","8","10","10","10","1","No"
"2019/12/08 7:30:26 PM GMT+1","8","8","8","9","10","9","9","10","8","8","9","7","10","10","10","5","Yes"
"2019/12/08 7:30:31 PM GMT+1","8","7","8","8","8","8","8","10","9","8","8","7","9","10","9","7","Yes"
"2019/12/08 7:34:24 PM GMT+1","9","6","8","8","10","9","9","10","8","10","8","","9","10","10","1","Yes"
"2019/12/08 7:34:33 PM GMT+1","8","7","7","7","10","9","9","8","7","8","7","7","8","10","10","7","Yes"
"2019/12/08 7:35:12 PM GMT+1","7","5","6","5","9","8","9","7","7","8","7","6","8","10","8","4","Yes"
"2019/12/08 7:35:23 PM GMT+1","8","8","8","9","10","9","9","9","8","8","8","7","9","9","10","3","Yes"
"2019/12/08 7:37:38 PM GMT+1","7","6","7","8","9","9","8","9","7","7","8","6","9","9","8","4","Yes"
"2019/12/08 7:38:59 PM GMT+1","6","7","7","8","10","10","9","8","8","9","9","","9","10","10","1","Yes"
"2019/12/08 7:44:40 PM GMT+1","9","9","9","8","10","9","8","8","8","10","8","8","10","9","8","7","Yes"
"2019/12/08 7:48:54 PM GMT+1","8","6","8","8","9","8","8","8","7","8","7","5","9","10","10","6","Yes"
"2019/12/08 7:50:14 PM GMT+1","7","6","6","9","9","9","8","10","7","7","7","","8","8","10","1",""
"2019/12/08 7:50:48 PM GMT+1","8","8","7","7","9","8","8","8","7","7","8","7","8","9","8","4","Yes"
"2019/12/08 7:51:21 PM GMT+1","7","7","7","8","10","8","8","9","7","8","8","6","9","10","8","7","Yes"
"2019/12/08 7:51:48 PM GMT+1","7","7","7","8","10","8","10","8","8","7","8","5","9","8","8","6","Yes"
"2019/12/08 7:51:54 PM GMT+1","9","6","6","8","9","9","8","9","7","7","7","1","9","10","8","8","Yes"
"2019/12/08 7:52:21 PM GMT+1","9","8","7","10","10","9","8","8","9","9","8","6","8","10","10","7","Yes"
"2019/12/08 7:52:24 PM GMT+1","8","7","8","7","10","10","10","9","8","8","8","6","9","9","10","7","Yes"
"2019/12/08 7:52:42 PM GMT+1","8","6","8","8","9","7","9","7","8","6","7","5","8","10","8","5","Yes"
"2019/12/08 7:53:16 PM GMT+1","9","7","7","8","9","8","8","9","8","8","8","6","9","10","9","4","Yes"
"2019/12/08 7:55:06 PM GMT+1","10","8","8","8","10","7","9","9","7","8","8","4","10","10","10","6","Yes"
"2019/12/08 7:55:35 PM GMT+1","9","7","8","8","10","9","8","10","8","8","7","6","9","9","10","3","Yes"
"2019/12/08 7:56:17 PM GMT+1","8","8","7","9","9","9","8","9","8","8","9","5","9","10","7","4",""
"2019/12/08 7:56:33 PM GMT+1","8","7","7","9","10","8","9","9","7","8","9","5","9","10","9","6","Yes"
"2019/12/08 7:57:12 PM GMT+1","7","7","7","8","10","10","8","8","7","8","8","10","8","8","8","4","Yes"
"2019/12/08 7:59:12 PM GMT+1","8","8","8","9","10","9","8","9","7","8","7","5","10","10","8","8","Yes"
"2019/12/08 7:59:41 PM GMT+1","8","7","7","9","10","9","8","9","8","8","9","6","10","10","10","6","Yes"
"2019/12/08 8:00:09 PM GMT+1","8","8","7","8","9","8","8","9","8","8","7","4","9","9","8","5","Yes"
"2019/12/08 8:04:08 PM GMT+1","8","7","8","8","10","8","8","9","7","7","7","6","9","10","10","2","Yes"
"2019/12/08 8:04:09 PM GMT+1","10","8","7","9","10","9","10","10","8","10","9","6","9","10","9","9","Yes"
"2019/12/08 8:06:32 PM GMT+1","8","10","10","10","10","10","10","10","10","10","10","10","10","10","10","1","Yes"
"2019/12/08 8:06:55 PM GMT+1","9","9","8","9","10","10","10","10","8","9","8","6","9","9","9","7",""
"2019/12/08 8:08:35 PM GMT+1","9","8","7","7","10","7","8","8","7","8","8","","9","10","10","8","Yes"
"2019/12/08 8:08:45 PM GMT+1","10","8","7","8","10","9","9","9","8","8","8","6","9","10","10","1","Yes"
"2019/12/08 8:09:40 PM GMT+1","8","7","8","8","10","9","9","9","7","8","7","5","8","10","8","5","Yes"
"2019/12/08 8:10:25 PM GMT+1","8","7","7","7","8","8","8","9","7","8","8","","8","6","7","6","Yes"
"2019/12/08 8:11:15 PM GMT+1","8","7","7","8","10","9","9","9","7","7","8","","10","10","10","5","Yes"
"2019/12/08 8:11:26 PM GMT+1","9","7","7","8","10","9","10","9","7","8","8","6","8","9","9","1","Yes"
"2019/12/08 8:11:38 PM GMT+1","8","7","7","6","9","9","8","9","6","7","7","4","8","8","8","4","Yes"
"2019/12/08 8:14:31 PM GMT+1","9","9","8","9","10","10","9","10","8","9","9","8","10","10","10","6","No"
"2019/12/08 8:18:17 PM GMT+1","6","7","7","8","9","8","8","9","7","7","8","6","9","9","9","6","Yes"
"2019/12/08 8:21:21 PM GMT+1","8","7","7","8","10","8","8","8","7","7","8","4","8","9","8","7","Yes"
"2019/12/08 8:23:08 PM GMT+1","8","7","7","9","10","9","9","9","9","8","8","7","10","10","10","2","Yes"
"2019/12/08 8:23:14 PM GMT+1","7","7","8","8","9","9","8","9","8","9","8","3","9","9","9","3","Yes"
"2019/12/08 8:23:47 PM GMT+1","8","7","7","8","10","9","9","9","8","9","9","6","10","10","8","4","Yes"
"2019/12/08 8:23:56 PM GMT+1","9","8","7","7","10","9","9","8","8","8","9","5","9","9","7","8","Yes"
"2019/12/08 8:25:49 PM GMT+1","7","7","8","7","10","9","8","9","8","8","8","5","9","8","9","5","Yes"
"2019/12/08 8:26:31 PM GMT+1","9","7","7","7","9","8","9","8","7","8","8","5","8","9","8","6","Yes"
"2019/12/08 8:26:33 PM GMT+1","9","7","7","7","9","6","8","6","2","10","8","3","7","8","6","8","Yes"
"2019/12/08 8:28:26 PM GMT+1","9","8","8","9","9","10","10","10","7","8","8","6","10","9","9","8","Yes"
"2019/12/08 8:29:57 PM GMT+1","8","7","7","8","9","9","10","9","7","8","8","7","9","9","9","6","Yes"
"2019/12/08 8:32:37 PM GMT+1","9","7","7","7","8","9","8","9","7","7","8","","10","10","10","6","Yes"
"2019/12/08 8:33:39 PM GMT+1","8","7","7","7","9","8","8","8","7","7","8","6","9","10","9","4","Yes"
"2019/12/08 8:34:12 PM GMT+1","8","7","6","7","9","8","8","9","8","7","8","5","9","9","8","6","Yes"
"2019/12/08 8:36:21 PM GMT+1","8","6","7","7","10","9","9","8","9","7","7","3","9","10","10","5","Yes"
"2019/12/08 8:37:29 PM GMT+1","8","8","8","9","9","8","7","9","7","8","7","","10","9","10","5","Yes"
"2019/12/08 8:39:20 PM GMT+1","9","7","7","7","10","7","7","8","6","6","7","4","9","9","10","7","Yes"
"2019/12/08 8:40:49 PM GMT+1","8","7","8","8","10","10","10","9","8","9","9","7","10","10","10","6","Yes"
"2019/12/08 8:42:48 PM GMT+1","9","8","8","9","10","9","9","9","9","9","9","8","9","9","9","8","Yes"
"2019/12/08 8:43:17 PM GMT+1","7","9","8","9","10","9","10","9","8","8","9","5","8","9","9","5","Yes"
"2019/12/08 8:43:30 PM GMT+1","8","9","8","9","10","10","9","9","8","8","9","6","10","10","10","5","No"
"2019/12/08 8:45:46 PM GMT+1","8","6","7","6","8","7","6","8","7","7","7","5","8","9","8","8","Yes"
"2019/12/08 8:51:43 PM GMT+1","7","8","7","8","10","9","8","10","8","8","8","3","10","10","10","6","Yes"
"2019/12/08 8:52:01 PM GMT+1","8","7","7","8","9","8","8","8","7","8","8","6","9","9","9","6","Yes"
"2019/12/08 8:52:07 PM GMT+1","8","7","8","7","10","9","9","10","7","8","8","","9","8","7","4","No"
"2019/12/08 8:54:32 PM GMT+1","8","6","7","8","10","9","8","9","7","8","7","4","9","10","9","5","Yes"
"2019/12/08 8:55:20 PM GMT+1","8","8","8","9","10","9","9","9","7","8","7","6","10","10","10","4","Yes"
"2019/12/08 8:56:07 PM GMT+1","8","7","7","8","9","9","9","9","8","8","9","","9","10","9","6","Yes"
"2019/12/08 9:05:14 PM GMT+1","10","8","8","10","10","10","10","10","9","10","10","10","10","10","10","1","Yes"
"2019/12/08 9:05:31 PM GMT+1","8","8","8","9","9","9","9","9","8","8","8","","10","10","10","6","Yes"
"2019/12/08 9:07:25 PM GMT+1","9","8","8","8","10","10","9","9","9","8","9","","10","8","10","7","Yes"
"2019/12/08 9:09:58 PM GMT+1","10","9","9","9","10","9","9","9","9","9","9","","9","10","9","9","Yes"
"2019/12/08 9:11:41 PM GMT+1","7","6","6","7","8","8","7","8","7","8","7","","8","9","8","7","Yes"
"2019/12/08 9:16:49 PM GMT+1","8","8","8","8","9","9","9","9","8","9","9","7","10","9","10","4","Yes"
"2019/12/08 9:19:25 PM GMT+1","6","6","6","7","9","8","8","9","8","8","8","6","8","8","9","5","Yes"
"2019/12/08 9:19:45 PM GMT+1","8","7","7","7","9","9","9","9","8","10","9","7","8","10","10","7","Yes"
"2019/12/08 9:20:53 PM GMT+1","8","9","8","9","10","9","9","10","9","10","10","8","8","8","8","6","Yes"
"2019/12/08 9:21:12 PM GMT+1","8","7","7","6","10","9","8","9","8","6","8","4","10","10","10","5","Yes"
"2019/12/08 9:23:40 PM GMT+1","9","9","9","9","10","10","9","9","9","9","9","7","10","9","10","7","Yes"
"2019/12/08 9:27:42 PM GMT+1","9","7","8","8","10","9","9","10","8","9","8","5","9","10","9","7","Yes"
"2019/12/08 9:28:29 PM GMT+1","8","7","7","9","10","10","10","10","8","9","8","7","10","10","10","7","Yes"
"2019/12/08 9:29:14 PM GMT+1","8","6","7","8","9","9","8","9","7","7","8","4","9","10","9","6","Yes"
"2019/12/08 9:32:43 PM GMT+1","9","7","7","8","10","9","9","9","7","8","8","6","9","10","9","3","Yes"
"2019/12/08 9:38:42 PM GMT+1","10","10","10","10","10","10","10","10","10","10","10","10","10","10","10","6","Yes"
"2019/12/08 9:45:39 PM GMT+1","9","7","7","8","10","9","8","8","8","8","8","5","9","10","9","7","Yes"
"2019/12/08 9:46:20 PM GMT+1","7","6","6","7","8","8","8","9","7","8","8","5","8","9","8","7","Yes"
"2019/12/08 9:52:48 PM GMT+1","7","7","7","8","9","8","9","9","7","9","7","","10","10","9","4",""
"2019/12/08 9:57:20 PM GMT+1","8","8","7","8","9","9","8","9","7","7","8","6","8","8","9","5","Yes"
"2019/12/08 9:57:56 PM GMT+1","9","8","8","9","10","9","9","10","9","9","9","","9","9","9","6","Yes"
"2019/12/08 9:58:24 PM GMT+1","9","8","9","9","10","9","9","8","9","9","9","5","8","10","9","6","Yes"
"2019/12/08 9:59:17 PM GMT+1","8","5","7","8","10","9","9","9","8","8","10","4","9","10","10","4","Yes"
"2019/12/08 10:00:20 PM GMT+1","7","8","7","8","10","9","8","8","8","8","7","6","9","10","10","1","Yes"
"2019/12/08 10:00:23 PM GMT+1","8","7","8","8","9","9","9","9","8","8","8","6","9","10","9","6","Yes"
"2019/12/08 10:02:40 PM GMT+1","6","7","8","8","9","9","8","9","7","8","8","5","9","10","10","5","Yes"
"2019/12/08 10:03:45 PM GMT+1","10","8","8","10","10","8","8","9","8","8","8","6","9","9","9","8","Yes"
"2019/12/08 10:06:42 PM GMT+1","9","7","7","8","8","8","8","9","9","9","8","","9","10","9","7","Yes"
"2019/12/08 10:07:23 PM GMT+1","8","8","9","10","10","10","10","10","8","8","8","7","10","10","9","6","No"
"2019/12/08 10:07:39 PM GMT+1","8","7","8","7","10","8","9","9","7","8","7","","9","9","10","5","Yes"
"2019/12/08 10:13:43 PM GMT+1","9","7","8","9","10","8","8","9","8","8","9","6","9","10","10","9","Yes"
"2019/12/08 10:18:05 PM GMT+1","9","8","8","8","10","10","10","10","9","10","10","8","10","10","10","6","Yes"
"2019/12/08 10:19:03 PM GMT+1","8","7","7","8","10","8","8","9","8","8","9","6","8","9","9","5","Yes"
"2019/12/08 10:22:40 PM GMT+1","9","8","7","8","10","9","9","10","8","9","9","7","8","9","10","6","Yes"
"2019/12/08 10:22:52 PM GMT+1","7","7","6","7","9","8","8","7","6","7","7","4","9","7","9","2","No"
"2019/12/08 10:23:06 PM GMT+1","10","10","10","10","10","10","10","10","10","10","10","10","10","10","10","10","Yes"
"2019/12/08 10:27:40 PM GMT+1","8","9","7","10","10","10","10","10","7","9","9","7","10","10","10","5","Yes"
"2019/12/08 10:32:34 PM GMT+1","8","8","8","8","10","9","9","9","8","8","9","10","8","7","7","5","Yes"
"2019/12/08 10:40:47 PM GMT+1","7","7","8","9","10","9","9","10","8","9","9","6","10","10","10","4","Yes"
"2019/12/08 10:41:51 PM GMT+1","9","8","8","10","10","10","10","10","8","9","9","8","9","10","9","6","Yes"
"2019/12/08 10:45:30 PM GMT+1","10","9","10","9","10","9","9","10","9","10","9","8","10","10","10","1","Yes"
"2019/12/08 10:50:21 PM GMT+1","9","6","8","7","9","8","8","8","7","8","7","6","8","10","7","4","Yes"
"2019/12/08 10:51:05 PM GMT+1","6","6","7","8","10","8","8","10","7","8","8","6","8","10","9","6","Yes"
"2019/12/08 10:51:27 PM GMT+1","8","7","7","7","10","9","9","8","8","8","7","4","9","10","8","7","Yes"
"2019/12/08 10:52:03 PM GMT+1","9","8","10","9","10","9","9","9","8","8","9","7","10","8","10","6","Yes"
"2019/12/08 10:54:58 PM GMT+1","8","7","7","8","8","8","8","8","7","8","7","6","8","9","8","7","Yes"
"2019/12/08 10:57:14 PM GMT+1","7","8","8","8","10","9","9","9","7","8","8","","9","10","10","6","Yes"
"2019/12/08 11:00:24 PM GMT+1","8","8","8","9","9","9","9","9","7","8","8","7","10","10","10","6","Yes"
"2019/12/08 11:00:44 PM GMT+1","8","7","7","8","9","9","9","9","7","7","8","5","9","10","10","7","Yes"
"2019/12/08 11:02:05 PM GMT+1","9","7","8","8","10","9","8","8","7","7","8","","10","10","9","5",""
"2019/12/08 11:03:18 PM GMT+1","8","8","8","9","10","9","9","8","8","8","7","4","9","10","8","7",""
"2019/12/08 11:07:03 PM GMT+1","8","9","9","8","10","10","10","10","8","9","10","","10","10","10","2","Yes"
"2019/12/08 11:10:54 PM GMT+1","1","1","1","1","1","1","1","1","1","1","1","1","1","1","1","10","No"
"2019/12/08 11:11:39 PM GMT+1","8","8","9","9","10","10","10","9","8","9","9","8","9","9","10","1","Yes"
"2019/12/08 11:12:18 PM GMT+1","7","7","8","8","10","7","8","9","7","8","8","4","8","7","10","6","Yes"
"2019/12/08 11:14:19 PM GMT+1","8","7","8","8","9","8","8","8","8","7","7","6","8","9","8","5","Yes"
"2019/12/08 11:18:56 PM GMT+1","10","8","9","9","10","9","9","9","8","10","9","","10","10","10","7","Yes"
"2019/12/08 11:20:03 PM GMT+1","9","8","7","8","10","9","9","10","8","8","8","6","9","10","10","6","Yes"
"2019/12/08 11:21:19 PM GMT+1","8","8","9","9","10","9","9","8","8","8","9","","9","9","10","5","Yes"
"2019/12/08 11:22:11 PM GMT+1","8","7","8","8","9","9","8","8","7","8","9","6","9","9","8","7","No"
"2019/12/08 11:23:03 PM GMT+1","7","6","6","9","10","10","10","10","8","9","8","4","10","7","7","5","Yes"
"2019/12/08 11:24:17 PM GMT+1","7","7","8","7","9","8","8","8","6","7","8","6","9","8","9","6","Yes"
"2019/12/08 11:25:31 PM GMT+1","8","7","8","8","10","8","8","8","7","8","7","4","10","10","9","7","Yes"
"2019/12/08 11:25:52 PM GMT+1","9","8","7","7","10","10","8","8","8","7","9","","8","9","10","7","Yes"
"2019/12/08 11:25:57 PM GMT+1","9","8","8","8","8","10","10","10","7","8","9","8","9","9","10","7","Yes"
"2019/12/08 11:25:57 PM GMT+1","7","7","8","8","10","9","9","10","8","8","9","","10","10","10","7","Yes"
"2019/12/08 11:29:00 PM GMT+1","9","7","6","9","10","8","9","8","9","7","7","6","9","10","10","5","Yes"
"2019/12/08 11:29:41 PM GMT+1","8","7","8","8","10","8","8","8","7","8","8","7","10","10","10","4","Yes"
"2019/12/08 11:30:04 PM GMT+1","9","7","8","9","10","9","8","9","7","7","8","6","10","10","10","3","Yes"
"2019/12/08 11:30:28 PM GMT+1","8","8","9","10","10","10","10","10","8","9","9","7","9","10","10","7","Yes"
"2019/12/08 11:39:04 PM GMT+1","9","7","8","8","10","9","8","9","8","9","8","7","10","10","10","4","Yes"
"2019/12/08 11:42:38 PM GMT+1","10","7","8","8","10","10","9","10","9","9","10","","9","10","10","7","Yes"
"2019/12/08 11:47:44 PM GMT+1","8","7","7","8","9","9","9","9","7","9","6","6","8","8","8","8","Yes"
"2019/12/08 11:49:42 PM GMT+1","9","7","8","7","9","9","7","8","8","7","8","6","8","10","10","4","Yes"
"2019/12/08 11:52:57 PM GMT+1","9","9","8","8","10","9","9","10","9","9","10","","9","10","10","7","Yes"
"2019/12/09 12:02:57 AM GMT+1","10","10","10","10","10","10","10","10","10","10","10","6","10","10","10","8","Yes"
"2019/12/09 12:19:45 AM GMT+1","8","8","7","7","9","9","7","9","8","8","8","","10","10","10","4","Yes"
"2019/12/09 12:25:08 AM GMT+1","8","8","7","8","9","9","9","10","7","8","8","6","9","10","10","5","Yes"
"2019/12/09 12:27:08 AM GMT+1","6","6","6","7","9","8","8","7","6","7","6","","8","9","8","4","Yes"
"2019/12/09 12:27:44 AM GMT+1","8","7","6","8","10","8","8","9","7","9","8","","10","10","10","5","Yes"
"2019/12/09 12:28:44 AM GMT+1","9","8","7","7","9","9","9","10","8","8","8","","9","10","9","5",""
"2019/12/09 12:29:05 AM GMT+1","8","7","7","8","10","9","8","9","8","8","7","10","8","9","9","8","Yes"
"2019/12/09 12:29:07 AM GMT+1","8","8","8","7","9","9","9","9","8","8","8","7","9","9","9","7","Yes"
"2019/12/09 12:29:38 AM GMT+1","9","8","8","8","9","9","9","8","8","8","8","7","9","10","9","7","Yes"
"2019/12/09 12:37:31 AM GMT+1","5","4","5","6","9","7","8","8","6","6","6","","8","6","8","6","Yes"
"2019/12/09 12:37:47 AM GMT+1","9","8","9","9","10","9","9","9","8","9","9","7","9","10","9","7","Yes"
"2019/12/09 12:39:32 AM GMT+1","8","8","9","10","10","10","10","9","8","8","8","8","10","9","9","7","Yes"
"2019/12/09 12:42:52 AM GMT+1","9","8","8","8","9","9","7","9","8","8","9","","8","10","9","7","Yes"
"2019/12/09 12:43:13 AM GMT+1","8","7","7","8","9","9","8","9","7","7","7","5","9","9","9","8","Yes"
"2019/12/09 12:44:21 AM GMT+1","8","9","9","10","10","10","9","9","10","9","9","8","10","10","10","3","Yes"
"2019/12/09 12:46:43 AM GMT+1","8","7","7","9","10","10","8","9","7","7","8","6","9","8","10","6","Yes"
"2019/12/09 12:47:18 AM GMT+1","9","9","8","9","9","9","9","9","9","9","9","7","10","10","10","9","Yes"
"2019/12/09 12:49:44 AM GMT+1","7","7","7","7","9","9","9","9","7","8","8","","9","10","10","6","Yes"
"2019/12/09 12:59:26 AM GMT+1","9","8","8","9","10","10","10","10","9","9","8","","10","9","9","6","Yes"
"2019/12/09 1:02:13 AM GMT+1","8","8","9","9","10","10","9","9","8","8","9","6","10","10","9","6","Yes"
"2019/12/09 1:04:50 AM GMT+1","7","7","7","8","9","9","9","9","8","7","9","","9","9","10","6","Yes"
"2019/12/09 1:09:09 AM GMT+1","7","8","8","8","10","10","10","10","9","9","10","6","10","10","10","1","Yes"
"2019/12/09 1:11:17 AM GMT+1","8","7","8","8","10","9","8","8","8","9","7","","9","10","10","2","Yes"
"2019/12/09 1:11:36 AM GMT+1","8","8","8","8","10","10","9","9","8","9","10","7","9","9","9","7","Yes"
"2019/12/09 1:14:16 AM GMT+1","8","7","8","8","9","9","7","8","7","7","8","5","9","10","10","6","Yes"
"2019/12/09 1:17:11 AM GMT+1","8","8","8","9","10","9","9","10","8","8","8","7","9","9","8","7","Yes"
"2019/12/09 1:20:41 AM GMT+1","8","7","9","9","10","8","8","7","7","8","8","6","9","10","8","5","Yes"
"2019/12/09 1:24:01 AM GMT+1","8","8","7","8","10","9","8","10","9","8","9","5","9","9","10","4","Yes"
"2019/12/09 1:24:56 AM GMT+1","8","7","8","7","10","8","8","9","8","7","6","7","8","9","9","6","Yes"
"2019/12/09 1:27:40 AM GMT+1","7","6","8","8","10","9","8","8","7","7","8","","8","10","9","5","Yes"
"2019/12/09 1:28:27 AM GMT+1","8","8","8","9","10","10","10","10","8","8","9","5","10","10","10","3","Yes"
"2019/12/09 1:31:40 AM GMT+1","7","7","7","8","10","9","9","9","8","9","9","7","9","9","9","7","Yes"
"2019/12/09 1:49:04 AM GMT+1","8","7","7","8","10","9","8","8","7","7","7","7","8","9","9","4","Yes"
"2019/12/09 1:49:39 AM GMT+1","10","9","8","6","10","9","9","10","8","9","6","4","9","9","9","4","Yes"
"2019/12/09 2:03:28 AM GMT+1","8","8","8","9","9","9","9","9","9","8","8","","10","9","9","7","Yes"
"2019/12/09 2:28:52 AM GMT+1","9","7","7","8","10","9","9","10","8","9","8","","8","10","8","6","Yes"
"2019/12/09 2:30:36 AM GMT+1","9","6","7","7","10","10","10","10","8","9","10","5","10","10","9","8","Yes"
"2019/12/09 2:33:50 AM GMT+1","7","7","8","7","10","9","9","10","8","8","8","6","10","10","10","6","Yes"
"2019/12/09 2:45:44 AM GMT+1","9","6","7","5","8","8","8","9","8","8","8","7","8","8","9","6","Yes"
"2019/12/09 2:50:51 AM GMT+1","8","7","9","9","10","10","10","10","7","8","8","7","10","10","9","4","Yes"
"2019/12/09 2:51:22 AM GMT+1","8","5","3","5","10","4","5","8","6","10","3","","8","7","1","6","No"
"2019/12/09 3:05:18 AM GMT+1","7","7","7","7","9","8","8","9","8","8","8","5","8","9","9","2","Yes"
"2019/12/09 3:06:10 AM GMT+1","8","6","8","8","10","9","8","9","7","6","9","6","9","9","10","2","No"
"2019/12/09 3:08:57 AM GMT+1","8","6","6","8","9","8","8","9","7","8","8","10","9","9","9","6","Yes"
"2019/12/09 3:16:42 AM GMT+1","9","6","7","8","8","6","6","8","5","7","4","2","7","10","5","1","No"
"2019/12/09 3:24:26 AM GMT+1","8","7","8","8","8","8","7","8","7","7","8","7","9","10","9","5","Yes"
"2019/12/09 3:39:45 AM GMT+1","9","7","8","8","9","8","8","8","7","7","8","6","9","10","8","2","Yes"
"2019/12/09 3:41:34 AM GMT+1","8","7","8","8","10","9","8","9","8","8","9","","9","9","9","6","Yes"
"2019/12/09 3:45:43 AM GMT+1","7","7","7","7","9","8","7","8","7","8","8","6","9","9","9","6","Yes"
"2019/12/09 3:53:47 AM GMT+1","8","7","8","8","10","8","9","10","8","8","7","7","10","10","10","1","Yes"
"2019/12/09 3:57:05 AM GMT+1","1","1","1","1","1","1","1","1","1","1","1","1","1","1","1","10","No"
"2019/12/09 4:05:44 AM GMT+1","8","7","7","8","10","8","8","9","7","9","8","","8","9","9","5","Yes"
"2019/12/09 4:11:54 AM GMT+1","9","7","8","7","10","9","6","10","9","8","10","","7","6","10","5","Yes"
"2019/12/09 4:12:07 AM GMT+1","9","9","8","9","10","10","10","10","10","10","10","5","10","10","10","8","Yes"
"2019/12/09 4:14:40 AM GMT+1","7","8","8","8","10","9","9","8","8","7","7","5","10","10","9","4","Yes"
"2019/12/09 4:27:30 AM GMT+1","9","8","8","9","10","10","10","10","9","8","9","7","9","10","10","8","Yes"
"2019/12/09 4:56:03 AM GMT+1","6","7","6","8","9","7","8","9","7","8","8","","8","10","4","4","No"
"2019/12/09 5:23:53 AM GMT+1","9","9","8","9","10","9","9","9","8","9","9","7","10","10","10","8","Yes"
"2019/12/09 5:46:19 AM GMT+1","7","6","8","7","10","9","8","10","7","8","8","6","9","10","9","8","Yes"
"2019/12/09 6:07:17 AM GMT+1","8","7","7","7","8","8","7","8","7","7","8","","9","10","9","5","Yes"
"2019/12/09 7:02:00 AM GMT+1","8","8","7","8","10","8","8","8","8","7","9","5","10","10","8","5","Yes"
"2019/12/09 7:11:20 AM GMT+1","8","7","7","8","9","8","8","9","8","7","8","6","8","10","8","5","Yes"
"2019/12/09 7:27:23 AM GMT+1","8","7","7","8","10","9","9","10","8","9","9","5","8","10","10","9","Yes"
"2019/12/09 7:35:38 AM GMT+1","7","7","6","8","9","7","7","8","7","7","7","6","8","9","7","5","Yes"
"2019/12/09 7:58:34 AM GMT+1","8","7","7","8","9","8","8","8","7","7","8","6","9","9","8","5","Yes"
"2019/12/09 8:03:48 AM GMT+1","8","7","7","7","9","8","8","9","7","7","8","5","8","8","10","6","Yes"
"2019/12/09 8:13:45 AM GMT+1","8","7","7","8","10","7","7","9","8","7","8","6","9","10","8","5","Yes"
"2019/12/09 8:15:05 AM GMT+1","9","8","8","9","10","9","9","8","8","8","8","","10","9","9","8","No"
"2019/12/09 8:16:06 AM GMT+1","8","7","7","8","9","9","8","9","7","7","8","6","9","9","9","6","Yes"
"2019/12/09 8:36:14 AM GMT+1","8","9","9","9","10","10","9","10","10","10","10","","8","9","9","4","Yes"
"2019/12/09 8:43:30 AM GMT+1","8","7","7","7","10","8","8","9","8","8","8","6","9","10","8","6","Yes"
"2019/12/09 8:59:16 AM GMT+1","8","7","8","9","10","10","9","9","8","8","9","7","9","10","8","5","Yes"
"2019/12/09 9:04:08 AM GMT+1","8","8","8","9","10","9","9","10","9","9","9","","10","10","10","6","Yes"
"2019/12/09 9:20:16 AM GMT+1","8","7","8","9","10","9","8","10","8","8","8","7","9","10","10","6","Yes"
"2019/12/09 9:38:57 AM GMT+1","8","7","9","7","10","8","9","9","7","8","8","7","9","10","8","5","Yes"
"2019/12/09 9:39:01 AM GMT+1","8","6","8","8","10","9","9","9","8","8","8","7","9","9","8","6","Yes"
"2019/12/09 9:40:01 AM GMT+1","8","7","6","7","8","7","7","8","7","7","7","6","7","9","8","6","Yes"
"2019/12/09 9:41:20 AM GMT+1","9","8","8","9","10","9","9","10","10","8","9","7","10","10","9","7","Yes"
"2019/12/09 9:45:13 AM GMT+1","8","7","7","9","10","10","9","8","7","7","8","8","10","10","10","1","Yes"
"2019/12/09 10:00:56 AM GMT+1","7","6","7","7","10","8","8","9","5","7","7","5","9","10","8","5","Yes"
"2019/12/09 10:06:27 AM GMT+1","7","6","7","7","10","10","9","10","8","9","8","4","9","10","9","5","Yes"
"2019/12/09 10:20:49 AM GMT+1","9","8","8","8","10","10","10","10","9","8","10","","10","10","10","4","Yes"
"2019/12/09 10:22:02 AM GMT+1","9","8","8","7","10","10","9","9","7","8","8","","9","10","10","5","Yes"
"2019/12/09 10:33:44 AM GMT+1","6","7","6","8","10","9","8","8","7","7","7","","8","9","10","5","Yes"
"2019/12/09 10:57:36 AM GMT+1","10","10","10","10","10","10","10","10","10","10","10","10","10","10","10","3","Yes"
"2019/12/09 11:04:01 AM GMT+1","7","7","7","7","7","7","7","7","7","7","8","6","8","8","6","3","Yes"
"2019/12/09 11:12:05 AM GMT+1","8","8","8","9","9","9","8","9","8","9","8","","9","9","10","5","Yes"
"2019/12/09 11:20:21 AM GMT+1","8","8","8","9","10","8","9","10","8","9","7","7","9","9","10","5","Yes"
"2019/12/09 11:20:55 AM GMT+1","7","7","6","7","10","8","8","8","7","8","9","6","8","8","6","8","Yes"