"Timestamp","De Gea","Williams","Maguire","Lindelof","AWB","Fred","Matic","Rashford","Pereira","Mata","Martial","James (optional)","Greenwood (optional)","Team Performance","Final Result","Ole","Norwich","Did the ref/VAR do a good job?"
"2020/01/12 6:35:57 PM GMT+1","8","8","9","9","9","8","7","10","8","9","8","7","8","8","9","9","4","Yes"
"2020/01/12 6:36:25 PM GMT+1","8","8","7","7","8","9","8","10","8","8","8","6","8","8","10","9","2","Yes"
"2020/01/12 6:37:43 PM GMT+1","7","7","6","6","7","8","8","9","7","9","7","6","7","7","9","8","4","No"
"2020/01/12 6:38:37 PM GMT+1","7","8","7","7","7","8","7","9","7","9","8","6","8","8","9","8","3","Yes"
"2020/01/12 6:38:54 PM GMT+1","7","9","8","8","8","10","9","10","8","10","9","7","8","9","10","10","2","Yes"
"2020/01/12 6:39:55 PM GMT+1","8","8","7","7","7","9","8","8","7","8","7","6","7","8","8","8","3","Yes"
"2020/01/12 6:39:56 PM GMT+1","8","8","8","8","7","8","8","10","7","8","9","","","9","10","10","1","Yes"
"2020/01/12 6:40:35 PM GMT+1","7","7","7","7","7","8","7","9","7","8","6","5","7","7","8","8","5","Yes"
"2020/01/12 6:40:43 PM GMT+1","7","8","7","7","7","8","7","8","7","8","8","6","7","8","10","7","4","Yes"
"2020/01/12 6:41:09 PM GMT+1","9","9","9","9","9","10","8","10","9","10","8","8","10","9","10","10","3","Yes"
"2020/01/12 6:41:15 PM GMT+1","8","8","8","7","7","7","8","8","8","9","8","","8","9","8","8","3","Yes"
"2020/01/12 6:42:14 PM GMT+1","7","7","6","6","7","8","7","8","8","9","7","6","7","8","8","7","3","No"
"2020/01/12 6:42:34 PM GMT+1","6","8","7","7","6","7","7","8","7","8","7","5","7","8","9","8","3","Yes"
"2020/01/12 6:42:40 PM GMT+1","7","7","7","7","7","7","8","8","6","8","7","6","7","8","8","7","5","Yes"
"2020/01/12 6:42:41 PM GMT+1","8","8","7","7","8","8","8","9","8","10","8","7","8","8","8","6","2","Yes"
"2020/01/12 6:42:43 PM GMT+1","7","7","7","7","7","7","7","8","6","8","7","7","8","7","8","7","3","Yes"
"2020/01/12 6:43:04 PM GMT+1","9","9","8","8","7","8","8","10","8","8","7","","9","9","9","9","2","Yes"
"2020/01/12 6:43:16 PM GMT+1","7","8","7","7","8","7","8","10","7","10","9","7","8","9","10","9","2","Yes"
"2020/01/12 6:43:22 PM GMT+1","8","9","9","9","8","9","9","10","8","10","9","7","9","10","10","10","5","Yes"
"2020/01/12 6:43:29 PM GMT+1","9","7","8","9","7","8","9","10","7","9","5","","7","9","10","9","3","Yes"
"2020/01/12 6:43:31 PM GMT+1","7","7","8","7","7","7","8","9","2","9","8","","8","9","9","8","3","Yes"
"2020/01/12 6:43:45 PM GMT+1","9","9","9","9","9","9","9","10","9","10","9","8","9","10","10","10","3","Yes"
"2020/01/12 6:44:10 PM GMT+1","8","8","7","7","7","8","7","9","8","9","9","7","9","9","10","8","5","Yes"
"2020/01/12 6:44:21 PM GMT+1","8","9","7","7","7","7","7","9","6","9","8","6","8","9","10","9","1","Yes"
"2020/01/12 6:44:32 PM GMT+1","7","8","8","8","8","7","7","7","7","7","6","5","7","8","9","9","3","Yes"
"2020/01/12 6:44:39 PM GMT+1","9","9","9","9","9","9","9","10","8","9","8","7","9","8","8","10","6","Yes"
"2020/01/12 6:44:42 PM GMT+1","7","8","7","7","7","7","7","8","6","9","7","6","8","6","9","8","4","Yes"
"2020/01/12 6:44:51 PM GMT+1","7","7","6","6","6","6","7","8","6","8","7","4","7","7","9","6","1","No"
"2020/01/12 6:44:59 PM GMT+1","9","9","9","8","8","8","8","9","7","10","9","7","8","9","10","10","5","Yes"
"2020/01/12 6:45:09 PM GMT+1","8","10","10","7","9","8","8","10","7","9","8","","8","9","8","9","4","Yes"
"2020/01/12 6:45:34 PM GMT+1","7","9","7","7","7","8","7","7","7","10","7","6","7","8","10","7","5","Yes"
"2020/01/12 6:46:05 PM GMT+1","10","10","8","8","8","8","8","9","8","10","8","","","9","10","8","4","Yes"
"2020/01/12 6:46:06 PM GMT+1","8","8","7","7","7","8","8","9","7","10","9","","9","9","9","8","2",""
"2020/01/12 6:46:14 PM GMT+1","7","8","7","7","7","8","8","9","7","9","8","7","8","8","9","8","3",""
"2020/01/12 6:46:22 PM GMT+1","7","9","7","7","7","9","8","10","8","10","9","7","8","9","10","10","2","No"
"2020/01/12 6:46:32 PM GMT+1","8","7","7","7","8","8","8","9","7","10","8","6","8","9","10","8","3","Yes"
"2020/01/12 6:46:53 PM GMT+1","8","10","7","8","8","9","8","10","7","9","8","8","9","9","10","8","8","Yes"
"2020/01/12 6:46:58 PM GMT+1","7","7","7","7","7","7","7","8","7","8","8","7","8","9","10","8","5","No"
"2020/01/12 6:47:07 PM GMT+1","7","7","6","7","7","7","7","7","6","8","7","6","9","8","9","8","4","No"
"2020/01/12 6:47:13 PM GMT+1","9","10","8","8","8","9","8","10","8","10","9","7","9","10","9","9","2","Yes"
"2020/01/12 6:47:18 PM GMT+1","9","7","7","7","7","8","9","9","7","9","8","","9","7","10","9","3","Yes"
"2020/01/12 6:47:29 PM GMT+1","7","8","7","7","7","7","8","9","7","8","7","","8","9","9","8","5","Yes"
"2020/01/12 6:47:39 PM GMT+1","8","8","7","7","7","7","7","9","7","8","8","","8","9","10","8","3","Yes"
"2020/01/12 6:48:09 PM GMT+1","7","8","6","7","7","7","7","8","7","8","8","7","9","9","9","8","3","Yes"
"2020/01/12 6:48:24 PM GMT+1","7","8","7","7","7","7","7","9","7","9","8","6","7","7","8","8","3","Yes"
"2020/01/12 6:48:35 PM GMT+1","7","8","7","7","6","7","7","8","7","9","7","","7","8","8","8","5",""
"2020/01/12 6:49:03 PM GMT+1","6","8","7","7","6","7","7","8","7","8","6","","6","8","8","8","2","Yes"
"2020/01/12 6:50:11 PM GMT+1","6","7","6","6","6","7","7","8","6","6","7","6","7","6","7","2","2","Yes"
"2020/01/12 6:50:41 PM GMT+1","7","9","8","8","8","8","8","9","8","10","8","","","9","9","9","3","Yes"
"2020/01/12 6:51:02 PM GMT+1","7","8","7","7","7","8","7","8","6","9","7","7","7","8","10","8","1","Yes"
"2020/01/12 6:51:25 PM GMT+1","8","9","8","9","6","8","9","10","7","9","8","","","9","10","8","2","Yes"
"2020/01/12 6:51:39 PM GMT+1","7","8","7","7","7","8","8","9","7","9","8","7","7","8","10","8","4","Yes"
"2020/01/12 6:51:52 PM GMT+1","9","9","9","8","7","9","8","10","7","8","8","7","10","10","10","8","2","Yes"
"2020/01/12 6:52:51 PM GMT+1","8","9","8","8","7","9","8","9","8","9","8","6","7","10","10","8","3","Yes"
"2020/01/12 6:53:01 PM GMT+1","7","8","7","7","7","7","7","9","7","9","8","7","8","8","8","8","2","Yes"
"2020/01/12 6:53:37 PM GMT+1","8","8","7","8","7","7","7","9","5","9","8","7","8","9","9","9","3","Yes"
"2020/01/12 6:54:09 PM GMT+1","8","9","7","7","7","8","6","10","8","9","9","","","9","9","8","4","Yes"
"2020/01/12 6:54:33 PM GMT+1","6","6","7","7","6","7","7","9","8","10","9","","10","9","9","8","2","Yes"
"2020/01/12 6:55:10 PM GMT+1","7","6","8","7","7","7","7","9","7","8","7","6","7","8","9","8","3","Yes"
"2020/01/12 6:55:38 PM GMT+1","9","9","8","8","8","9","8","9","9","9","8","8","9","9","9","9","6","Yes"
"2020/01/12 6:56:31 PM GMT+1","5","7","5","5","5","7","6","7","5","7","6","5","6","6","6","6","3","Yes"
"2020/01/12 6:56:46 PM GMT+1","8","9","8","8","8","9","8","10","8","10","8","7","8","8","10","9","3","Yes"
"2020/01/12 6:56:55 PM GMT+1","7","8","7","8","7","8","8","8","6","9","7","6","7","8","8","8","3","No"
"2020/01/12 6:57:31 PM GMT+1","9","8","9","9","9","10","9","10","8","10","9","7","10","9","9","10","2","Yes"
"2020/01/12 6:57:48 PM GMT+1","5","6","3","10","8","6","5","10","6","5","8","10","8","7","7","10","4","Yes"
"2020/01/12 6:58:11 PM GMT+1","9","9","8","9","8","8","7","9","7","8","8","6","8","9","10","10","2","Yes"
"2020/01/12 6:59:06 PM GMT+1","8","8","7","7","7","7","8","9","6","10","8","5","8","9","9","8","2","Yes"
"2020/01/12 6:59:23 PM GMT+1","7","8","7","7","6","6","6","8","6","8","6","","7","7","8","7","4","Yes"
"2020/01/12 6:59:26 PM GMT+1","7","8","7","7","7","7","7","8","7","8","8","7","8","8","8","8","5","Yes"
"2020/01/12 6:59:33 PM GMT+1","7","7","7","6","6","7","7","8","7","7","6","6","7","8","10","8","2","Yes"
"2020/01/12 6:59:37 PM GMT+1","6","6","7","7","6","7","8","7","7","8","7","6","7","7","7","6","3","Yes"
"2020/01/12 6:59:43 PM GMT+1","8","7","7","7","8","7","7","9","7","8","8","","8","9","10","7","4","Yes"
"2020/01/12 7:00:10 PM GMT+1","8","8","7","7","7","8","7","9","7","7","7","","","8","9","7","5","Yes"
"2020/01/12 7:00:33 PM GMT+1","6","8","7","7","7","7","9","9","7","8","8","7","8","8","9","9","3","Yes"
"2020/01/12 7:00:51 PM GMT+1","8","9","8","8","8","9","8","10","9","10","8","8","9","9","9","8","5","Yes"
"2020/01/12 7:01:17 PM GMT+1","7","7","8","8","8","7","8","9","7","9","9","7","8","9","10","8","4","Yes"
"2020/01/12 7:01:24 PM GMT+1","7","8","7","8","7","9","9","9","7","9","8","","","9","9","8","2",""
"2020/01/12 7:01:50 PM GMT+1","7","9","7","7","7","8","8","10","7","9","8","7","8","8","10","9","3","Yes"
"2020/01/12 7:02:00 PM GMT+1","8","9","8","7","7","8","7","9","7","10","8","6","7","10","10","10","3","Yes"
"2020/01/12 7:02:15 PM GMT+1","8","9","8","8","7","8","8","9","7","9","7","6","7","9","10","9","2","Yes"
"2020/01/12 7:02:16 PM GMT+1","8","9","8","7","7","8","9","9","7","9","8","","","8","9","8","5","Yes"
"2020/01/12 7:02:24 PM GMT+1","7","10","7","7","7","7","5","8","6","9","7","5","9","8","10","10","1","Yes"
"2020/01/12 7:03:03 PM GMT+1","6","8","7","7","7","7","6","9","5","8","7","","","8","10","8","4","Yes"
"2020/01/12 7:03:46 PM GMT+1","7","7","7","6","8","8","7","9","6","10","8","5","8","9","9","8","4","Yes"
"2020/01/12 7:04:16 PM GMT+1","7","8","7","7","7","8","8","9","8","8","8","6","7","8","9","10","6","Yes"
"2020/01/12 7:04:20 PM GMT+1","7","8","7","7","7","8","8","9","6","10","8","6","8","9","10","7","3","Yes"
"2020/01/12 7:04:31 PM GMT+1","7","9","7","7","9","7","7","9","7","9","7","4","7","9","10","9","2","Yes"
"2020/01/12 7:04:41 PM GMT+1","8","7","8","8","7","8","8","9","7","10","8","7","8","8","9","10","4","Yes"
"2020/01/12 7:05:10 PM GMT+1","7","8","6","6","7","7","8","9","7","9","8","6","8","9","9","7","2",""
"2020/01/12 7:05:12 PM GMT+1","8","9","8","8","8","9","8","10","7","10","8","","8","9","10","8","1","Yes"
"2020/01/12 7:05:41 PM GMT+1","8","8","7","8","8","8","8","9","5","9","8","6","9","9","10","8","5","Yes"
"2020/01/12 7:06:05 PM GMT+1","8","8","7","7","7","8","7","9","8","9","8","8","10","9","10","10","6","Yes"
"2020/01/12 7:06:46 PM GMT+1","7","8","7","9","7","7","5","9","6","7","7","5","8","8","9","6","3","No"
"2020/01/12 7:06:54 PM GMT+1","8","8","7","7","7","8","7","9","6","8","8","5","7","8","10","7","3","Yes"
"2020/01/12 7:07:12 PM GMT+1","8","8","7","7","7","7","7","8","7","8","8","","","9","9","7","5","Yes"
"2020/01/12 7:07:13 PM GMT+1","7","9","7","7","8","8","7","9","8","9","8","5","7","9","9","8","3","Yes"
"2020/01/12 7:07:29 PM GMT+1","7","7","9","7","7","7","8","8","5","8","7","6","8","8","7","7","2","Yes"
"2020/01/12 7:07:36 PM GMT+1","10","10","9","9","7","8","4","10","10","7","9","8","9","9","10","9","4","Yes"
"2020/01/12 7:08:34 PM GMT+1","8","8","7","7","7","7","7","9","7","9","8","6","8","8","10","10","2","Yes"
"2020/01/12 7:08:58 PM GMT+1","7","7","7","7","7","7","8","8","7","9","7","6","7","8","8","7","3","Yes"
"2020/01/12 7:09:12 PM GMT+1","8","9","8","8","8","8","8","9","8","9","8","6","8","9","9","8","3","Yes"
"2020/01/12 7:09:37 PM GMT+1","8","7","7","7","7","7","5","7","5","8","7","5","8","7","8","6","4","Yes"
"2020/01/12 7:10:13 PM GMT+1","7","8","6","7","7","9","8","9","8","9","8","6","8","9","10","8","7","Yes"
"2020/01/12 7:10:38 PM GMT+1","6","6","6","6","6","6","6","8","6","8","7","6","7","7","7","6","2","Yes"
"2020/01/12 7:10:41 PM GMT+1","6","7","6","6","6","7","6","10","6","7","7","5","7","9","10","7","4","Yes"
"2020/01/12 7:11:09 PM GMT+1","6","8","7","7","7","7","8","9","6","9","6","","7","8","9","8","4","Yes"
"2020/01/12 7:12:31 PM GMT+1","8","9","8","8","8","9","8","9","8","10","10","8","9","9","10","8","3","Yes"
"2020/01/12 7:13:28 PM GMT+1","8","9","8","8","6","8","8","9","7","9","8","6","8","9","9","9","3","No"
"2020/01/12 7:13:56 PM GMT+1","8","8","8","8","8","8","8","9","7","9","8","","","9","9","9","4","Yes"
"2020/01/12 7:14:23 PM GMT+1","6","8","7","7","7","7","6","9","6","8","8","5","7","8","9","9","2","Yes"
"2020/01/12 7:14:27 PM GMT+1","7","8","7","7","7","8","7","9","7","8","7","5","7","8","9","8","2","Yes"
"2020/01/12 7:14:55 PM GMT+1","6","8","7","7","7","7","7","8","6","8","7","","","7","8","7","3","Yes"
"2020/01/12 7:15:08 PM GMT+1","9","9","9","9","9","10","8","10","7","8","9","7","7","10","10","9","4",""
"2020/01/12 7:15:16 PM GMT+1","8","8","7","7","7","7","7","8","7","9","7","7","8","8","10","8","1","No"
"2020/01/12 7:15:49 PM GMT+1","8","7","7","7","7","6","7","9","7","8","7","6","8","8","10","10","4","Yes"
"2020/01/12 7:16:08 PM GMT+1","7","10","7","8","7","8","7","10","8","10","8","6","8","9","10","8","5","Yes"
"2020/01/12 7:16:19 PM GMT+1","8","8","7","7","7","9","8","9","7","9","8","6","9","10","10","9","1","Yes"
"2020/01/12 7:18:09 PM GMT+1","7","8","6","6","6","7","7","9","7","8","8","","8","8","8","8","1",""
"2020/01/12 7:18:11 PM GMT+1","7","7","7","7","7","7","7","9","7","8","7","6","8","9","9","8","5","Yes"
"2020/01/12 7:18:40 PM GMT+1","7","7","8","7","7","8","7","9","8","9","8","","","9","10","8","3","Yes"
"2020/01/12 7:18:55 PM GMT+1","6","9","7","7","7","8","7","9","7","9","8","5","7","8","9","7","3","Yes"
"2020/01/12 7:19:18 PM GMT+1","9","9","8","8","7","8","8","9","7","9","8","","8","9","9","8","3","Yes"
"2020/01/12 7:20:08 PM GMT+1","7","8","7","7","7","7","7","8","6","8","7","6","7","8","9","8","4","Yes"
"2020/01/12 7:20:51 PM GMT+1","10","6","7","7","7","7","8","10","6","10","8","6","8","10","10","7","1","Yes"
"2020/01/12 7:21:02 PM GMT+1","7","9","8","8","8","7","7","10","7","10","9","7","9","10","8","8","4","Yes"
"2020/01/12 7:21:08 PM GMT+1","6","7","6","6","6","7","6","8","7","8","7","6","8","7","8","6","2","Yes"
"2020/01/12 7:21:22 PM GMT+1","6","7","7","7","6","7","7","8","7","8","8","6","7","7","9","8","3","Yes"
"2020/01/12 7:21:46 PM GMT+1","8","8","7","7","7","7","7","9","7","9","8","7","8","8","10","7","1","Yes"
"2020/01/12 7:22:01 PM GMT+1","7","7","7","7","7","7","7","9","6","9","8","7","8","8","8","7","4","Yes"
"2020/01/12 7:22:22 PM GMT+1","7","9","7","8","7","9","8","9","7","7","7","7","8","8","9","8","8","Yes"
"2020/01/12 7:22:26 PM GMT+1","7","8","7","7","7","7","7","9","7","9","8","6","7","9","10","8","3",""
"2020/01/12 7:22:30 PM GMT+1","7","7","6","6","6","7","7","9","5","9","7","6","8","8","9","7","4","Yes"
"2020/01/12 7:22:52 PM GMT+1","10","8","8","9","9","9","9","10","7","10","8","7","8","10","9","8","3","Yes"
"2020/01/12 7:23:27 PM GMT+1","7","8","7","4","7","7","7","9","6","9","7","7","8","8","8","8","2","Yes"
"2020/01/12 7:23:56 PM GMT+1","7","8","8","7","6","6","7","9","7","10","7","","7","9","10","8","4","Yes"
"2020/01/12 7:24:00 PM GMT+1","6","7","6","6","6","7","7","9","7","8","8","6","7","8","9","9","3","Yes"
"2020/01/12 7:24:10 PM GMT+1","7","8","8","7","8","6","9","10","6","10","9","6","7","10","10","7","4","Yes"
"2020/01/12 7:24:49 PM GMT+1","7","8","6","7","7","7","8","9","8","9","9","7","8","8","8","8","4","Yes"
"2020/01/12 7:25:09 PM GMT+1","7","9","7","8","7","8","8","8","8","10","8","","","8","8","9","2","Yes"
"2020/01/12 7:25:09 PM GMT+1","7","8","6","7","7","6","8","9","7","10","7","6","8","8","10","9","3",""
"2020/01/12 7:25:11 PM GMT+1","7","8","7","7","7","8","7","8","6","8","7","","","8","10","8","4","Yes"
"2020/01/12 7:26:24 PM GMT+1","7","8","7","7","7","7","7","7","6","7","8","6","9","7","8","6","2","Yes"
"2020/01/12 7:26:47 PM GMT+1","7","9","7","8","8","8","8","10","7","9","8","6","10","10","10","8","4","Yes"
"2020/01/12 7:27:12 PM GMT+1","6","8","7","7","7","9","8","9","7","8","8","5","7","7","8","7","2","Yes"
"2020/01/12 7:27:55 PM GMT+1","8","7","7","7","8","7","6","8","7","8","7","","","7","7","7","2","Yes"
"2020/01/12 7:28:03 PM GMT+1","8","8","7","7","7","8","8","9","7","8","8","6","8","8","9","9","6","Yes"
"2020/01/12 7:28:05 PM GMT+1","7","9","6","6","8","7","9","9","7","9","8","6","8","8","8","7","4","Yes"
"2020/01/12 7:28:50 PM GMT+1","7","8","8","8","7","8","7","9","6","9","8","","","7","8","8","4","Yes"
"2020/01/12 7:28:53 PM GMT+1","7","9","8","7","7","9","7","10","8","8","8","6","8","8","8","7","4","Yes"
"2020/01/12 7:29:30 PM GMT+1","7","8","7","8","7","8","7","9","8","9","8","6","7","9","9","9","2","Yes"
"2020/01/12 7:29:33 PM GMT+1","9","8","8","8","7","9","8","9","8","8","8","8","8","8","9","7","5","Yes"
"2020/01/12 7:30:10 PM GMT+1","8","7","7","8","7","8","8","9","7","8","8","6","7","9","9","9","3","No"
"2020/01/12 7:30:24 PM GMT+1","7","9","8","9","7","9","8","9","7","10","8","7","8","9","9","8","2","Yes"
"2020/01/12 7:30:44 PM GMT+1","7","8","7","7","7","7","7","9","6","9","8","","8","9","9","9","2","Yes"
"2020/01/12 7:31:16 PM GMT+1","7","8","8","8","6","7","7","8","6","8","7","","","8","9","8","2","Yes"
"2020/01/12 7:31:50 PM GMT+1","8","8","6","6","6","6","8","9","6","8","7","6","7","7","7","6","3","Yes"
"2020/01/12 7:32:27 PM GMT+1","8","9","7","8","7","8","8","9","7","8","7","6","7","8","8","8","4","Yes"
"2020/01/12 7:33:10 PM GMT+1","8","8","8","8","9","9","8","9","7","10","9","","8","9","10","8","4","Yes"
"2020/01/12 7:33:20 PM GMT+1","6","9","6","7","8","9","7","9","8","9","7","7","8","9","10","8","3","No"
"2020/01/12 7:35:10 PM GMT+1","8","8","8","8","8","9","8","9","8","9","9","8","8","8","10","10","3",""
"2020/01/12 7:35:25 PM GMT+1","7","6","4","4","8","8","2","8","6","9","7","7","7","9","7","1","1","No"
"2020/01/12 7:35:32 PM GMT+1","7","8","7","7","7","7","7","9","7","9","8","","7","8","9","8","2","Yes"
"2020/01/12 7:36:56 PM GMT+1","7","7","7","7","7","8","7","8","8","8","7","7","8","8","8","8","1","Yes"
"2020/01/12 7:37:13 PM GMT+1","7","8","7","7","7","7","7","9","7","9","8","7","8","8","8","8","2","Yes"
"2020/01/12 7:38:00 PM GMT+1","8","8","7","7","7","8","8","9","7","9","8","6","8","8","9","9","3","Yes"
"2020/01/12 7:38:21 PM GMT+1","8","8","7","8","8","9","8","10","7","9","9","7","10","9","10","10","2","Yes"
"2020/01/12 7:39:24 PM GMT+1","7","9","7","7","8","8","8","8","7","8","7","7","8","9","10","8","1","Yes"
"2020/01/12 7:43:02 PM GMT+1","9","9","8","8","8","8","8","9","7","9","8","8","9","10","10","9","5","Yes"
"2020/01/12 7:43:05 PM GMT+1","8","9","7","8","8","8","8","10","8","10","9","","","9","10","9","3",""
"2020/01/12 7:43:20 PM GMT+1","7","8","6","7","7","8","8","9","8","9","8","6","7","9","10","8","3","Yes"
"2020/01/12 7:43:34 PM GMT+1","7","7","7","7","6","8","8","9","7","9","8","6","8","8","8","8","4","Yes"
"2020/01/12 7:45:05 PM GMT+1","7","9","8","8","7","8","7","9","8","8","7","6","8","8","8","9","3","Yes"
"2020/01/12 7:46:36 PM GMT+1","7","8","7","7","7","8","9","8","7","10","8","","","8","10","8","3","Yes"
"2020/01/12 7:46:58 PM GMT+1","7","9","5","7","7","8","10","8","1","10","8","","9","10","10","6","2","Yes"
"2020/01/12 7:47:54 PM GMT+1","8","8","9","7","8","9","10","10","7","10","9","7","8","9","9","10","3","No"
"2020/01/12 7:48:36 PM GMT+1","8","9","8","8","7","9","8","9","8","9","9","8","9","10","10","10","3","Yes"
"2020/01/12 7:48:50 PM GMT+1","8","8","7","7","8","8","7","9","7","8","7","","","8","8","8","6","Yes"
"2020/01/12 7:49:59 PM GMT+1","7","9","8","8","8","8","8","9","7","8","6","5","7","8","8","8","3","Yes"
"2020/01/12 7:50:17 PM GMT+1","6","9","7","7","7","8","8","9","7","8","7","","7","8","8","9","5","Yes"
"2020/01/12 7:51:32 PM GMT+1","8","9","7","7","7","8","8","8","7","9","7","6","8","9","9","8","3","Yes"
"2020/01/12 7:51:52 PM GMT+1","8","8","6","8","7","9","9","9","7","9","6","5","8","8","10","8","3","Yes"
"2020/01/12 7:52:27 PM GMT+1","6","8","6","7","7","7","7","8","6","8","7","6","7","9","9","8","2",""
"2020/01/12 7:54:07 PM GMT+1","7","8","7","7","7","9","8","10","7","9","8","6","8","10","10","7","2","Yes"
"2020/01/12 7:56:00 PM GMT+1","8","9","8","7","7","9","8","9","7","8","8","8","9","9","9","8","6","Yes"
"2020/01/12 7:56:19 PM GMT+1","7","8","6","6","7","7","7","9","6","9","7","8","9","9","10","5","1","Yes"
"2020/01/12 7:56:19 PM GMT+1","8","8","6","7","7","9","8","8","7","9","7","6","7","10","10","8","2","Yes"
"2020/01/12 7:56:22 PM GMT+1","8","9","8","8","8","8","9","9","7","10","8","6","8","9","10","10","3","Yes"
"2020/01/12 7:56:23 PM GMT+1","7","9","7","8","8","8","8","9","8","9","9","7","8","8","8","8","6","Yes"
"2020/01/12 7:58:36 PM GMT+1","7","7","6","6","6","7","6","8","6","8","7","","","7","8","7","2","Yes"
"2020/01/12 7:59:04 PM GMT+1","7","9","7","8","6","9","8","8","7","9","7","7","8","8","10","8","5","Yes"
"2020/01/12 7:59:48 PM GMT+1","7","8","6","6","6","8","7","8","6","8","7","5","7","7","9","7","4","Yes"
"2020/01/12 8:00:23 PM GMT+1","6","8","6","6","6","7","6","9","7","8","8","","","8","8","7","3","Yes"
"2020/01/12 8:01:23 PM GMT+1","7","9","7","7","7","8","8","9","7","9","9","7","9","8","8","8","3","Yes"
"2020/01/12 8:01:33 PM GMT+1","8","9","7","7","8","10","7","9","7","9","7","6","8","10","9","9","3","Yes"
"2020/01/12 8:02:21 PM GMT+1","7","8","7","7","7","8","7","9","7","9","8","7","7","9","9","7","4","Yes"
"2020/01/12 8:03:46 PM GMT+1","8","7","8","8","8","9","8","10","8","9","7","","8","8","9","8","5","No"
"2020/01/12 8:04:21 PM GMT+1","8","8","7","7","6","7","7","10","5","9","8","5","8","9","7","6","3","Yes"
"2020/01/12 8:04:34 PM GMT+1","8","8","7","6","7","7","7","9","7","8","8","7","8","7","9","7","5","Yes"
"2020/01/12 8:04:48 PM GMT+1","7","8","7","7","7","8","8","9","7","9","7","6","7","8","9","8","2","Yes"
"2020/01/12 8:06:21 PM GMT+1","8","8","7","7","7","7","7","9","7","9","8","","8","9","9","8","2","Yes"
"2020/01/12 8:06:47 PM GMT+1","10","10","10","10","10","10","10","10","7","10","9","8","10","10","10","10","1","Yes"
"2020/01/12 8:07:06 PM GMT+1","7","8","7","6","6","7","7","8","6","9","7","6","8","8","9","6","1","Yes"
"2020/01/12 8:07:11 PM GMT+1","8","9","8","8","8","9","8","9","8","9","8","","","9","10","10","1","Yes"
"2020/01/12 8:07:31 PM GMT+1","8","8","7","7","6","7","7","9","7","9","8","","9","9","10","8","3","Yes"
"2020/01/12 8:09:02 PM GMT+1","8","9","9","9","8","10","9","10","9","9","8","7","8","10","10","9","1","No"
"2020/01/12 8:09:43 PM GMT+1","6","8","6","6","7","7","6","8","5","9","7","6","9","8","10","7","1","Yes"
"2020/01/12 8:09:58 PM GMT+1","7","8","6","6","7","7","7","7","4","8","8","6","7","7","8","7","3","Yes"
"2020/01/12 8:10:07 PM GMT+1","6","8","7","7","6","7","6","10","6","8","9","","8","9","10","8","4","Yes"
"2020/01/12 8:10:12 PM GMT+1","8","7","7","7","8","8","7","10","7","9","7","","8","7","10","7","1","Yes"
"2020/01/12 8:10:29 PM GMT+1","8","9","7","7","7","8","8","10","9","10","8","6","9","9","10","9","3","Yes"
"2020/01/12 8:10:58 PM GMT+1","8","9","7","7","7","8","8","10","8","9","8","6","9","8","8","8","3","Yes"
"2020/01/12 8:11:39 PM GMT+1","7","8","6","7","7","7","7","8","8","9","7","6","8","8","8","7","2","Yes"
"2020/01/12 8:12:15 PM GMT+1","8","9","8","8","8","9","8","10","8","9","9","7","9","9","10","9","3","Yes"
"2020/01/12 8:14:56 PM GMT+1","8","9","8","8","9","9","8","10","8","9","9","","","9","10","9","3","Yes"
"2020/01/12 8:15:05 PM GMT+1","8","9","8","8","7","7","8","9","7","9","8","6","8","9","10","9","1","Yes"
"2020/01/12 8:16:28 PM GMT+1","6","8","6","7","7","8","6","9","7","8","8","6","7","7","9","7","2","Yes"
"2020/01/12 8:17:25 PM GMT+1","7","7","7","7","7","7","10","8","6","9","8","6","8","9","10","9","2","Yes"
"2020/01/12 8:17:26 PM GMT+1","8","7","8","8","8","8","7","9","7","8","8","","9","9","9","9","2","Yes"
"2020/01/12 8:17:30 PM GMT+1","6","8","7","5","4","5","6","8","5","8","6","5","6","8","8","6","1","Yes"
"2020/01/12 8:17:53 PM GMT+1","8","8","7","7","7","8","8","9","8","8","7","7","8","9","8","8","2",""
"2020/01/12 8:19:29 PM GMT+1","7","8","7","8","6","9","7","9","7","9","8","6","7","8","9","7","3","Yes"
"2020/01/12 8:19:51 PM GMT+1","7","9","7","7","6","8","8","10","6","8","8","7","9","10","10","8","2","Yes"
"2020/01/12 8:21:07 PM GMT+1","8","8","7","7","7","9","8","10","7","9","8","7","8","8","10","8","3","Yes"
"2020/01/12 8:21:58 PM GMT+1","7","7","7","7","7","8","7","9","8","10","8","7","8","8","8","8","5",""
"2020/01/12 8:22:18 PM GMT+1","6","7","7","6","6","7","8","8","7","9","7","5","7","9","10","7","2","Yes"
"2020/01/12 8:22:55 PM GMT+1","7","8","6","6","6","6","7","8","6","8","7","5","7","8","9","7","4","Yes"
"2020/01/12 8:24:26 PM GMT+1","8","7","7","7","7","7","7","9","7","9","8","7","7","9","9","9","6","Yes"
"2020/01/12 8:26:41 PM GMT+1","9","8","7","7","8","8","8","10","7","10","10","","","9","10","10","3","Yes"
"2020/01/12 8:26:44 PM GMT+1","8","8","8","9","8","8","7","9","7","9","8","7","8","8","10","8","3","Yes"
"2020/01/12 8:27:45 PM GMT+1","7","8","7","7","8","7","7","9","7","8","8","6","7","8","8","9","4","Yes"
"2020/01/12 8:29:18 PM GMT+1","8","9","7","7","7","8","8","10","7","9","9","7","8","9","10","9","5","Yes"
"2020/01/12 8:32:59 PM GMT+1","6","8","6","7","7","10","8","1","7","7","8","1","1","1","1","1","1","No"
"2020/01/12 8:34:56 PM GMT+1","7","7","7","7","8","7","6","9","6","7","8","6","8","8","10","7","1","Yes"
"2020/01/12 8:36:52 PM GMT+1","7","8","6","7","8","8","8","9","6","8","7","6","9","8","10","6","3","Yes"
"2020/01/12 8:38:07 PM GMT+1","9","9","8","8","9","9","9","10","8","9","9","","9","9","10","9","3","Yes"
"2020/01/12 8:40:15 PM GMT+1","7","7","6","7","6","6","8","8","7","8","8","5","8","7","9","7","3","Yes"
"2020/01/12 8:43:32 PM GMT+1","7","9","8","7","7","10","8","9","8","10","8","8","9","8","8","8","7","Yes"
"2020/01/12 8:45:26 PM GMT+1","8","9","8","8","8","8","8","9","8","10","9","","8","10","10","10","3","Yes"
"2020/01/12 8:48:22 PM GMT+1","7","8","7","7","6","7","7","9","6","9","7","6","8","8","10","10","3","Yes"
"2020/01/12 8:48:46 PM GMT+1","10","8","8","9","10","8","9","10","8","10","9","8","10","9","10","10","4","Yes"
"2020/01/12 8:50:55 PM GMT+1","9","8","8","8","7","7","6","10","6","8","9","7","8","8","10","7","2","Yes"
"2020/01/12 8:51:50 PM GMT+1","8","8","6","7","7","7","7","9","7","9","8","6","7","8","8","9","2","Yes"
"2020/01/12 8:52:20 PM GMT+1","8","7","9","9","8","8","8","10","7","10","9","6","9","8","8","7","2","Yes"
"2020/01/12 8:54:16 PM GMT+1","6","7","6","6","6","7","7","8","6","8","7","6","7","8","8","7","2","Yes"
"2020/01/12 8:54:36 PM GMT+1","7","8","7","7","7","7","8","10","7","9","10","6","8","9","10","6","1","Yes"
"2020/01/12 8:56:00 PM GMT+1","8","8","8","8","7","9","8","10","7","9","9","6","9","10","10","9","2","Yes"
"2020/01/12 8:58:50 PM GMT+1","7","7","6","6","7","8","6","9","6","8","7","6","7","7","8","8","3","Yes"
"2020/01/12 8:59:38 PM GMT+1","5","8","6","6","8","9","7","9","7","9","8","","","8","9","9","5","Yes"
"2020/01/12 9:00:57 PM GMT+1","6","7","6","6","7","8","6","7","6","7","6","6","7","7","8","7","5","Yes"
"2020/01/12 9:01:43 PM GMT+1","7","9","9","8","8","8","8","9","8","8","8","7","9","9","9","10","3","Yes"
"2020/01/12 9:04:13 PM GMT+1","7","8","7","7","7","8","7","9","7","8","8","7","8","9","10","8","5","Yes"
"2020/01/12 9:04:46 PM GMT+1","8","7","8","9","8","7","8","10","8","9","9","","","9","10","9","4","Yes"
"2020/01/12 9:05:10 PM GMT+1","7","7","7","7","7","8","8","9","7","9","8","7","8","8","10","8","1","Yes"
"2020/01/12 9:05:18 PM GMT+1","8","9","8","7","7","8","7","8","7","9","7","","9","9","9","8","5","Yes"
"2020/01/12 9:06:50 PM GMT+1","8","8","8","8","8","9","7","9","7","8","8","7","8","10","10","10","4","Yes"
"2020/01/12 9:10:39 PM GMT+1","7","8","7","7","7","7","7","8","6","7","7","6","7","7","10","7","1","Yes"
"2020/01/12 9:11:10 PM GMT+1","7","7","8","8","7","7","7","8","6","9","7","6","7","8","9","8","2","Yes"
"2020/01/12 9:11:40 PM GMT+1","7","8","7","7","7","7","7","8","7","8","8","6","7","9","10","4","2","Yes"
"2020/01/12 9:11:47 PM GMT+1","7","7","7","7","7","7","7","9","6","9","7","","8","10","10","9","5","Yes"
"2020/01/12 9:12:01 PM GMT+1","7","7","7","7","7","8","8","9","7","8","8","6","7","8","9","7","4","Yes"
"2020/01/12 9:12:31 PM GMT+1","7","8","7","7","7","8","8","9","7","9","7","7","8","8","8","8","5","Yes"
"2020/01/12 9:12:37 PM GMT+1","7","8","7","7","7","8","7","9","7","8","7","6","7","8","10","8","3","Yes"
"2020/01/12 9:15:05 PM GMT+1","7","7","7","7","7","8","8","9","7","9","7","7","8","8","9","8","2","Yes"
"2020/01/12 9:15:17 PM GMT+1","7","9","8","8","8","9","9","9","8","9","8","6","7","9","10","10","6","No"
"2020/01/12 9:15:33 PM GMT+1","6","8","6","6","7","6","7","8","7","9","8","6","8","8","8","7","2","Yes"
"2020/01/12 9:16:31 PM GMT+1","8","7","7","8","9","8","8","9","8","9","7","7","8","9","10","9","1","Yes"
"2020/01/12 9:19:02 PM GMT+1","9","7","6","6","6","6","6","8","8","9","8","8","8","7","10","7","4","Yes"
"2020/01/12 9:20:28 PM GMT+1","6","8","7","7","7","7","7","8","7","8","6","6","6","7","10","7","2","Yes"
"2020/01/12 9:23:09 PM GMT+1","8","9","7","8","8","8","7","9","6","9","8","","","8","8","8","5","Yes"
"2020/01/12 9:24:17 PM GMT+1","7","7","7","8","7","9","7","8","7","9","8","7","9","8","7","7","4","Yes"
"2020/01/12 9:25:07 PM GMT+1","7","8","7","7","7","7","8","9","7","8","8","6","7","7","8","7","5","Yes"
"2020/01/12 9:26:44 PM GMT+1","6","7","7","6","7","7","7","9","7","9","8","","8","9","9","8","2","Yes"
"2020/01/12 9:27:16 PM GMT+1","8","7","7","7","7","7","7","9","7","8","8","8","8","9","10","8","3","Yes"
"2020/01/12 9:28:35 PM GMT+1","7","8","8","7","7","8","8","9","8","9","9","7","9","8","9","8","6","Yes"
"2020/01/12 9:30:27 PM GMT+1","8","9","8","8","8","9","8","9","8","9","8","","","9","9","9","3","Yes"
"2020/01/12 9:31:22 PM GMT+1","7","8","7","6","7","8","8","9","7","9","7","6","7","9","10","9","3","Yes"
"2020/01/12 9:31:51 PM GMT+1","8","7","7","8","9","8","6","9","7","8","7","6","8","7","10","8","3","Yes"
"2020/01/12 9:33:22 PM GMT+1","6","8","8","6","6","6","6","8","7","9","8","","8","7","8","8","5","Yes"
"2020/01/12 9:36:24 PM GMT+1","7","8","8","9","6","7","8","10","8","10","7","4","8","8","10","10","2","Yes"
"2020/01/12 9:37:41 PM GMT+1","7","8","7","7","7","7","7","9","8","9","8","6","8","9","9","9","4","Yes"
"2020/01/12 9:39:32 PM GMT+1","7","8","8","8","7","9","7","9","7","8","9","7","8","8","8","8","2","Yes"
"2020/01/12 9:43:46 PM GMT+1","8","8","8","7","8","8","8","9","7","8","8","7","9","8","9","9","3","Yes"
"2020/01/12 9:43:50 PM GMT+1","8","9","8","7","7","9","7","10","7","9","8","6","7","10","10","9","4","Yes"
"2020/01/12 9:45:51 PM GMT+1","8","8","7","7","9","9","8","10","9","10","9","5","10","9","10","9","1","No"
"2020/01/12 9:46:49 PM GMT+1","7","8","7","7","7","8","7","9","8","8","9","7","8","9","9","8","4","Yes"
"2020/01/12 9:46:59 PM GMT+1","9","9","7","8","7","8","7","9","9","9","9","8","9","9","10","10","1","No"
"2020/01/12 9:49:21 PM GMT+1","7","8","7","8","7","8","8","9","7","9","9","7","8","9","9","9","6","Yes"
"2020/01/12 9:52:23 PM GMT+1","6","7","6","6","8","8","8","10","6","9","8","6","8","9","10","8","2","Yes"
"2020/01/12 9:53:10 PM GMT+1","8","8","8","8","7","9","8","10","8","9","9","","","8","9","8","5","Yes"
"2020/01/12 9:53:13 PM GMT+1","7","6","5","5","5","6","5","8","5","8","7","","","7","9","7","2","Yes"
"2020/01/12 9:53:20 PM GMT+1","10","7","8","8","6","9","8","9","7","8","7","6","7","8","10","8","2","Yes"
"2020/01/12 9:53:38 PM GMT+1","7","8","6","6","7","8","7","9","6","8","8","","","9","10","6","2","Yes"
"2020/01/12 9:54:37 PM GMT+1","9","8","8","9","9","10","9","10","8","9","9","6","9","10","10","10","4","Yes"
"2020/01/12 9:56:31 PM GMT+1","9","8","8","8","8","9","8","10","7","8","9","","8","9","9","8","1","Yes"
"2020/01/12 9:57:16 PM GMT+1","7","8","7","8","7","9","8","9","7","9","8","7","8","7","10","8","6","Yes"
"2020/01/12 9:57:36 PM GMT+1","8","8","7","7","7","8","7","9","7","8","7","6","8","8","10","7","4","Yes"
"2020/01/12 9:58:06 PM GMT+1","8","10","8","7","8","7","7","10","5","10","8","7","9","8","10","8","5","Yes"
"2020/01/12 9:59:20 PM GMT+1","7","7","8","8","7","8","8","9","8","9","8","7","7","10","10","9","3","Yes"
"2020/01/12 10:01:34 PM GMT+1","8","8","7","7","7","8","7","9","7","9","7","7","8","9","9","9","3","Yes"
"2020/01/12 10:02:05 PM GMT+1","8","9","7","7","7","8","8","10","8","10","8","7","8","8","10","8","3","Yes"
"2020/01/12 10:02:15 PM GMT+1","8","9","8","8","7","7","7","9","5","10","8","6","8","9","10","8","3","Yes"
"2020/01/12 10:04:03 PM GMT+1","7","8","7","6","9","8","6","9","8","9","7","6","8","8","10","9","4","Yes"
"2020/01/12 10:05:40 PM GMT+1","7","8","7","7","7","6","6","9","6","6","7","5","8","9","10","9","3","Yes"
"2020/01/12 10:08:35 PM GMT+1","9","8","8","9","9","8","8","9","7","9","8","7","10","9","9","8","4","Yes"
"2020/01/12 10:09:24 PM GMT+1","7","8","8","8","7","7","7","9","7","8","8","","","9","10","10","5","Yes"
"2020/01/12 10:09:56 PM GMT+1","7","8","7","7","7","9","7","9","8","9","7","6","7","9","10","7","2","Yes"
"2020/01/12 10:11:00 PM GMT+1","8","7","8","7","9","8","7","9","7","8","8","8","9","8","9","9","5","Yes"
"2020/01/12 10:11:09 PM GMT+1","8","8","8","8","7","7","7","8","6","9","7","6","8","8","8","8","4","Yes"
"2020/01/12 10:11:15 PM GMT+1","7","8","7","7","7","8","7","9","7","9","7","5","7","9","9","9","3","Yes"
"2020/01/12 10:11:19 PM GMT+1","7","7","6","6","7","7","7","9","6","8","8","","","9","9","9","4","Yes"
"2020/01/12 10:11:29 PM GMT+1","10","7","7","8","8","8","10","10","7","10","7","","","9","10","10","4","Yes"
"2020/01/12 10:14:02 PM GMT+1","7","8","7","7","7","7","7","8","6","7","7","6","7","8","9","9","3","Yes"
"2020/01/12 10:14:32 PM GMT+1","7","9","8","8","9","10","8","9","9","9","9","7","8","9","10","10","5","Yes"
"2020/01/12 10:17:14 PM GMT+1","7","8","8","8","8","6","7","9","7","8","8","","","8","10","7","1","Yes"
"2020/01/12 10:18:46 PM GMT+1","9","8","8","8","8","8","8","9","7","9","7","7","8","8","9","8","4","Yes"
"2020/01/12 10:28:18 PM GMT+1","7","8","6","9","9","5","7","10","8","9","9","5","8","7","10","8","4","Yes"
"2020/01/12 10:29:38 PM GMT+1","8","7","7","7","6","8","8","10","8","9","6","","9","9","10","7","2","Yes"
"2020/01/12 10:31:06 PM GMT+1","7","8","7","7","6","7","6","9","6","8","7","10","10","8","10","8","5","Yes"
"2020/01/12 10:32:49 PM GMT+1","7","7","7","7","8","8","7","9","7","10","7","6","8","10","10","9","4","Yes"
"2020/01/12 10:38:39 PM GMT+1","7","8","7","7","8","7","7","9","8","9","8","6","8","10","10","9","5","Yes"
"2020/01/12 10:40:04 PM GMT+1","8","8","8","9","8","9","9","9","9","9","8","8","8","8","7","8","5","Yes"
"2020/01/12 10:45:39 PM GMT+1","7","7","6","7","7","8","7","8","6","9","7","6","7","8","8","7","4","Yes"
"2020/01/12 10:49:16 PM GMT+1","8","8","8","8","8","8","8","10","7","8","8","6","8","9","9","8","1","Yes"
"2020/01/12 10:51:14 PM GMT+1","8","8","8","8","8","8","8","9","7","9","7","6","8","8","10","8","3","Yes"
"2020/01/12 10:52:02 PM GMT+1","7","8","7","7","8","7","7","9","7","8","8","6","7","8","9","8","3","Yes"
"2020/01/12 10:54:00 PM GMT+1","10","9","8","8","9","8","7","9","7","10","6","8","9","9","10","9","3","Yes"
"2020/01/12 10:54:22 PM GMT+1","7","7","8","8","7","8","7","9","7","9","8","6","8","9","10","9","5","Yes"
"2020/01/12 11:01:55 PM GMT+1","10","7","8","8","8","8","8","10","7","10","9","7","9","9","9","10","3","Yes"
"2020/01/12 11:03:47 PM GMT+1","7","8","7","7","7","8","6","9","7","8","8","7","8","10","10","10","2","Yes"
"2020/01/12 11:06:35 PM GMT+1","6","7","6","7","6","6","7","9","7","6","7","","","8","9","8","5","Yes"
"2020/01/12 11:10:05 PM GMT+1","7","7","7","7","7","8","10","8","7","10","8","6","7","8","10","7","2","No"
"2020/01/12 11:10:13 PM GMT+1","7","6","6","6","6","6","6","8","6","8","8","","8","9","10","8","2","Yes"
"2020/01/12 11:10:26 PM GMT+1","6","8","7","6","6","5","6","9","5","9","7","","8","10","10","9","2","Yes"
"2020/01/12 11:11:54 PM GMT+1","8","9","8","7","8","7","8","10","7","9","7","7","8","9","10","9","1","No"
"2020/01/12 11:12:48 PM GMT+1","7","8","8","7","8","9","8","10","8","8","8","7","8","9","9","8","3","Yes"
"2020/01/12 11:13:16 PM GMT+1","8","8","7","7","7","7","7","9","7","9","8","6","7","9","10","9","2","Yes"
"2020/01/12 11:15:18 PM GMT+1","7","8","7","7","7","8","10","9","7","9","8","","7","8","8","8","3","Yes"
"2020/01/12 11:15:30 PM GMT+1","6","7","6","6","6","7","7","9","7","8","8","6","7","8","9","8","4","Yes"
"2020/01/12 11:15:33 PM GMT+1","7","8","7","7","7","7","7","9","7","9","8","7","8","8","10","9","4","Yes"
"2020/01/12 11:17:05 PM GMT+1","8","9","8","8","8","9","8","10","7","10","9","6","8","10","8","9","5","Yes"
"2020/01/12 11:17:13 PM GMT+1","7","8","8","7","8","8","8","9","8","8","9","8","8","9","10","10","7","Yes"
"2020/01/12 11:17:24 PM GMT+1","8","9","8","6","8","8","8","9","8","10","9","8","8","8","9","8","3","No"
"2020/01/12 11:18:01 PM GMT+1","7","8","7","7","7","7","7","9","6","9","9","6","7","8","9","8","2","Yes"
"2020/01/12 11:23:18 PM GMT+1","3","4","4","4","6","6","4","8","6","9","8","7","7","8","10","9","1","Yes"
"2020/01/12 11:24:25 PM GMT+1","7","9","8","8","8","8","9","9","7","9","8","","8","9","9","9","2","Yes"
"2020/01/12 11:24:58 PM GMT+1","6","7","6","6","6","8","7","8","6","9","7","","7","7","10","7","5","Yes"
"2020/01/12 11:25:03 PM GMT+1","8","8","7","7","7","8","8","9","8","8","7","","9","9","10","10","3","Yes"
"2020/01/12 11:25:06 PM GMT+1","7","7","7","6","7","8","6","9","7","9","8","","","9","9","7","1","Yes"
"2020/01/12 11:25:58 PM GMT+1","8","9","7","7","7","8","7","9","8","9","9","6","7","9","10","10","2","Yes"
"2020/01/12 11:27:54 PM GMT+1","8","8","8","8","8","9","8","10","8","10","8","8","9","9","9","9","5","Yes"
"2020/01/12 11:28:47 PM GMT+1","8","8","7","8","8","9","7","9","8","8","9","7","9","9","10","8","6","Yes"
"2020/01/12 11:30:03 PM GMT+1","7","8","7","6","7","7","7","8","6","8","7","6","7","7","8","7","3","Yes"
"2020/01/12 11:30:45 PM GMT+1","9","10","9","8","8","9","9","10","7","10","8","8","10","10","10","10","6","Yes"
"2020/01/12 11:31:19 PM GMT+1","10","10","9","8","9","10","8","10","8","9","9","7","10","9","10","10","2","Yes"
"2020/01/12 11:32:41 PM GMT+1","6","8","7","7","7","7","7","10","7","8","8","6","7","9","9","10","1","Yes"
"2020/01/12 11:32:48 PM GMT+1","8","8","9","9","8","9","9","9","7","9","9","6","9","9","10","9","5","Yes"
"2020/01/12 11:33:08 PM GMT+1","8","8","7","7","6","8","9","9","8","9","8","","7","8","10","8","1","Yes"
"2020/01/12 11:34:25 PM GMT+1","7","8","7","8","8","8","7","10","6","8","7","","","8","10","10","3","Yes"
"2020/01/12 11:36:04 PM GMT+1","8","6","8","8","7","8","8","9","7","10","9","7","9","9","10","10","4","Yes"
"2020/01/12 11:39:15 PM GMT+1","7","8","7","7","7","9","7","10","8","9","9","6","9","9","10","10","5","No"
"2020/01/12 11:39:45 PM GMT+1","7","9","7","7","7","8","7","9","7","9","8","6","7","9","9","9","2","No"
"2020/01/12 11:40:04 PM GMT+1","9","7","7","7","6","7","6","9","6","9","7","7","9","8","9","9","4","Yes"
"2020/01/12 11:40:09 PM GMT+1","7","8","7","7","8","6","5","9","7","8","8","7","8","10","10","7","5","Yes"
"2020/01/12 11:42:23 PM GMT+1","7","8","7","7","7","8","7","9","7","8","8","5","7","8","9","8","1","Yes"
"2020/01/12 11:42:43 PM GMT+1","8","7","7","7","6","8","6","9","6","9","8","6","8","8","9","7","4","Yes"
"2020/01/12 11:43:55 PM GMT+1","6","7","7","7","7","8","8","9","7","9","8","6","7","8","9","9","3","Yes"
"2020/01/12 11:47:49 PM GMT+1","7","8","5","5","6","8","8","8","6","7","7","5","6","7","7","5","1","No"
"2020/01/12 11:54:33 PM GMT+1","7","8","7","7","7","7","7","8","6","8","7","6","7","8","9","7","3","Yes"
"2020/01/12 11:54:49 PM GMT+1","9","8","8","8","9","10","9","10","8","10","9","7","10","10","10","8","3","Yes"
"2020/01/12 11:58:05 PM GMT+1","7","7","7","7","7","8","8","9","7","8","8","6","8","8","9","10","2","Yes"
"2020/01/12 11:58:11 PM GMT+1","8","9","7","7","8","8","7","9","8","8","8","7","9","9","10","10","4","Yes"
"2020/01/12 11:59:31 PM GMT+1","8","9","7","8","7","8","8","10","7","9","9","6","9","9","10","8","2","Yes"
"2020/01/13 12:01:14 AM GMT+1","6","7","6","7","6","7","6","9","7","9","7","9","6","8","9","7","3","Yes"
"2020/01/13 12:07:00 AM GMT+1","8","9","7","7","7","8","7","9","8","10","9","6","9","9","10","10","4","Yes"
"2020/01/13 12:07:13 AM GMT+1","7","8","7","7","7","7","7","8","7","8","8","6","7","9","9","8","2","Yes"
"2020/01/13 12:11:00 AM GMT+1","6","7","6","7","6","7","6","8","6","7","7","","","8","8","8","4","Yes"
"2020/01/13 12:13:08 AM GMT+1","7","9","7","7","7","8","8","9","7","10","7","5","8","9","10","8","2","Yes"
"2020/01/13 12:18:52 AM GMT+1","7","8","7","7","7","7","7","8","7","9","7","6","7","9","10","9","4","Yes"
"2020/01/13 12:20:52 AM GMT+1","8","8","8","8","8","8","8","10","8","9","9","6","9","9","10","10","3","Yes"
"2020/01/13 12:27:22 AM GMT+1","8","9","7","7","7","6","7","9","7","9","7","","","8","9","7","4","Yes"
"2020/01/13 12:35:40 AM GMT+1","8","8","7","7","6","7","7","9","8","8","7","6","7","8","8","8","1","Yes"
"2020/01/13 12:38:08 AM GMT+1","7","8","7","7","7","8","8","9","8","8","8","6","7","8","10","8","3","Yes"
"2020/01/13 12:39:17 AM GMT+1","8","8","8","8","9","8","8","10","8","9","9","7","9","9","9","9","7","Yes"
"2020/01/13 12:43:33 AM GMT+1","5","7","5","5","5","6","5","9","4","8","7","","8","7","8","7","3","Yes"
"2020/01/13 12:46:35 AM GMT+1","6","7","7","7","6","7","6","8","7","9","7","6","8","8","9","7","2","Yes"
"2020/01/13 12:52:49 AM GMT+1","8","8","7","9","7","8","8","9","7","9","8","6","8","9","10","9","5","Yes"
"2020/01/13 12:55:52 AM GMT+1","8","9","8","7","7","9","9","9","7","9","8","","","8","10","8","3","Yes"
"2020/01/13 1:02:29 AM GMT+1","7","8","7","7","8","7","7","9","7","9","8","7","9","9","9","9","3","Yes"
"2020/01/13 1:03:27 AM GMT+1","7","9","7","7","7","7","8","8","7","9","7","5","7","9","9","8","2","Yes"
"2020/01/13 1:05:51 AM GMT+1","6","7","6","6","6","6","7","8","7","8","7","","","8","9","8","4","Yes"
"2020/01/13 1:08:40 AM GMT+1","8","9","8","8","8","9","8","9","7","10","9","7","9","10","10","10","3","Yes"
"2020/01/13 1:10:51 AM GMT+1","8","8","8","7","7","5","6","9","7","9","7","","8","9","10","9","2","Yes"
"2020/01/13 1:11:11 AM GMT+1","6","7","6","7","6","7","7","8","6","8","7","","","8","7","7","4","Yes"
"2020/01/13 1:11:13 AM GMT+1","8","8","7","7","7","8","7","10","6","8","9","6","8","8","10","8","7","Yes"
"2020/01/13 1:13:58 AM GMT+1","7","8","6","6","7","7","8","8","6","9","7","","8","8","10","7","2","Yes"
"2020/01/13 1:16:16 AM GMT+1","7","8","8","7","6","9","8","10","7","9","8","7","7","9","10","10","3","Yes"
"2020/01/13 1:17:38 AM GMT+1","7","8","8","7","7","7","7","8","6","9","8","6","8","9","10","9","4","Yes"
"2020/01/13 1:22:55 AM GMT+1","7","8","7","7","6","7","7","9","6","7","8","6","8","9","10","9","3","Yes"
"2020/01/13 1:25:19 AM GMT+1","7","8","6","6","6","7","7","10","6","8","7","5","10","9","9","10","4","Yes"
"2020/01/13 1:26:24 AM GMT+1","7","8","7","7","7","7","7","9","8","8","8","","7","8","10","8","3","Yes"
"2020/01/13 1:29:33 AM GMT+1","7","8","7","7","8","8","8","9","7","9","7","7","7","8","10","9","4","Yes"
"2020/01/13 1:30:16 AM GMT+1","8","9","7","8","7","8","8","10","7","10","8","5","8","9","9","10","2","Yes"
"2020/01/13 1:31:56 AM GMT+1","7","8","6","6","7","9","6","8","6","8","7","5","7","7","8","5","2","Yes"
"2020/01/13 1:33:40 AM GMT+1","7","8","7","6","8","8","7","8","7","9","6","6","7","8","8","8","5","Yes"
"2020/01/13 1:34:12 AM GMT+1","8","8","8","8","8","8","7","9","8","9","9","7","8","9","10","9","6","Yes"
"2020/01/13 1:34:54 AM GMT+1","7","8","7","7","7","8","7","9","6","9","7","6","7","8","9","9","6","Yes"
"2020/01/13 1:36:34 AM GMT+1","7","8","8","8","8","8","8","9","7","9","8","","","7","8","8","4",""
"2020/01/13 1:38:32 AM GMT+1","7","8","7","7","7","7","7","9","7","9","7","6","8","9","8","8","3","Yes"
"2020/01/13 1:39:20 AM GMT+1","8","9","8","8","7","8","7","9","7","10","8","8","9","9","10","9","6","Yes"
"2020/01/13 1:40:34 AM GMT+1","6","8","7","7","7","7","7","8","6","8","7","","","7","7","7","4","Yes"
"2020/01/13 1:42:44 AM GMT+1","6","7","7","7","7","8","6","8","7","8","7","6","7","8","8","10","2","No"
"2020/01/13 1:43:23 AM GMT+1","6","8","7","7","7","8","8","9","7","8","7","6","7","8","10","10","2","Yes"
"2020/01/13 1:45:54 AM GMT+1","9","9","8","8","8","8","8","10","7","8","7","","8","10","10","8","3","Yes"
"2020/01/13 1:49:24 AM GMT+1","8","4","6","6","7","7","7","9","7","8","8","6","8","8","8","8","4","Yes"
"2020/01/13 1:52:29 AM GMT+1","8","9","8","8","9","9","7","9","6","9","8","","9","8","9","8","5","Yes"
"2020/01/13 1:53:15 AM GMT+1","8","9","7","7","7","8","8","9","7","9","9","7","8","10","10","8","2","Yes"
"2020/01/13 1:57:26 AM GMT+1","8","8","7","7","7","8","7","9","7","9","8","6","8","8","10","8","3","Yes"
"2020/01/13 2:19:33 AM GMT+1","7","9","5","5","5","7","4","9","4","10","8","5","8","10","10","10","1","Yes"
"2020/01/13 2:22:06 AM GMT+1","8","7","8","8","8","7","8","9","8","10","8","7","7","9","10","10","4","Yes"
"2020/01/13 2:27:01 AM GMT+1","7","9","7","8","7","8","8","8","6","9","8","","10","9","9","7","3","Yes"
"2020/01/13 2:44:57 AM GMT+1","7","8","8","8","8","9","8","10","9","9","8","","","9","10","8","6","Yes"
"2020/01/13 2:46:19 AM GMT+1","7","8","7","7","7","7","8","9","7","8","8","7","8","8","8","8","6","Yes"
"2020/01/13 2:47:08 AM GMT+1","7","7","7","7","7","7","7","9","7","8","7","6","8","8","9","8","2","Yes"
"2020/01/13 2:54:01 AM GMT+1","7","6","7","7","7","7","6","7","6","8","7","6","7","7","8","6","3","Yes"
"2020/01/13 2:59:05 AM GMT+1","8","8","7","7","7","8","8","9","8","9","7","","8","9","10","8","3","Yes"
"2020/01/13 3:02:30 AM GMT+1","10","7","7","6","7","7","6","8","7","8","7","7","8","8","8","10","2","Yes"
"2020/01/13 3:02:51 AM GMT+1","9","6","7","6","6","7","6","8","7","9","5","10","10","9","10","10","7","No"
"2020/01/13 3:03:42 AM GMT+1","9","9","7","7","7","8","7","9","7","8","8","6","7","8","9","8","4","Yes"
"2020/01/13 3:08:02 AM GMT+1","7","6","8","7","8","7","6","8","4","8","7","","7","8","9","7","3","Yes"
"2020/01/13 3:13:51 AM GMT+1","7","7","7","7","7","8","7","9","7","8","8","7","7","8","9","8","5","Yes"
"2020/01/13 3:18:09 AM GMT+1","7","7","6","6","7","8","7","9","6","9","8","6","7","9","8","10","4","Yes"
"2020/01/13 3:21:44 AM GMT+1","8","9","8","8","8","9","7","9","8","10","8","","","8","8","8","3","Yes"
"2020/01/13 3:31:29 AM GMT+1","4","6","6","6","5","6","5","9","6","9","7","","9","8","10","8","3","Yes"
"2020/01/13 3:33:40 AM GMT+1","7","8","7","7","7","7","8","9","7","9","8","6","7","8","10","7","2","Yes"
"2020/01/13 3:34:55 AM GMT+1","7","6","7","7","6","8","6","8","7","9","6","7","7","7","8","8","5","Yes"
"2020/01/13 3:35:34 AM GMT+1","8","8","7","8","9","8","7","9","7","8","8","","8","8","10","9","6","Yes"
"2020/01/13 3:36:23 AM GMT+1","7","8","7","7","7","7","7","9","7","9","8","","8","9","10","8","3","Yes"
"2020/01/13 3:40:21 AM GMT+1","10","8","8","7","9","9","7","10","7","9","9","8","10","10","10","9","3","Yes"
"2020/01/13 3:40:44 AM GMT+1","8","8","7","7","7","8","7","9","7","9","8","6","8","9","9","8","5","No"
"2020/01/13 3:42:25 AM GMT+1","7","9","8","8","7","8","9","10","7","10","8","7","10","9","10","8","2","Yes"
"2020/01/13 3:42:34 AM GMT+1","8","8","8","8","8","8","8","8","7","9","8","7","8","9","10","8","3","Yes"
"2020/01/13 3:43:17 AM GMT+1","7","8","8","6","7","8","8","9","7","9","6","6","8","9","9","8","3","Yes"
"2020/01/13 3:49:13 AM GMT+1","7","7","7","8","7","7","7","9","8","10","7","6","7","9","9","8","4","Yes"
"2020/01/13 3:51:52 AM GMT+1","7","7","7","7","8","9","7","9","7","8","8","","","9","10","9","5","Yes"
"2020/01/13 3:52:42 AM GMT+1","7","8","7","6","6","7","6","8","6","8","7","5","5","8","9","7","3","Yes"
"2020/01/13 3:55:05 AM GMT+1","7","7","7","6","6","7","6","8","6","7","7","6","8","7","8","7","5","Yes"
"2020/01/13 3:58:43 AM GMT+1","7","8","7","8","8","8","7","9","6","9","7","8","9","10","10","9","5","Yes"
"2020/01/13 4:01:32 AM GMT+1","8","8","8","8","8","8","7","9","7","9","7","7","8","8","8","7","4","Yes"
"2020/01/13 4:04:03 AM GMT+1","8","8","8","8","7","9","8","9","7","10","8","7","7","8","8","9","6","Yes"
"2020/01/13 4:12:03 AM GMT+1","8","8","7","7","9","9","9","10","7","8","7","5","8","9","10","10","3","No"
"2020/01/13 4:20:20 AM GMT+1","8","8","8","8","8","8","8","9","8","9","8","","","8","9","9","3","Yes"
"2020/01/13 4:20:26 AM GMT+1","7","8","7","7","7","8","7","8","7","8","8","6","7","8","8","7","4","Yes"
"2020/01/13 4:25:40 AM GMT+1","8","8","8","8","9","8","7","9","8","9","8","","","9","10","10","3","Yes"
"2020/01/13 4:27:37 AM GMT+1","8","7","7","6","8","7","6","9","7","8","7","","","7","8","7","4","No"
"2020/01/13 4:28:23 AM GMT+1","8","9","7","7","7","7","8","8","5","9","8","5","8","8","8","7","1","Yes"
"2020/01/13 4:42:54 AM GMT+1","8","8","8","8","7","7","7","9","7","8","8","7","9","8","9","9","5","Yes"
"2020/01/13 4:43:17 AM GMT+1","6","8","7","7","7","8","7","8","5","9","8","","","7","7","7","4","Yes"
"2020/01/13 4:55:09 AM GMT+1","7","9","6","8","7","8","9","9","10","10","7","6","10","9","10","10","3","Yes"
"2020/01/13 5:02:39 AM GMT+1","7","8","7","7","8","7","7","9","8","9","8","6","8","8","9","7","1","Yes"
"2020/01/13 5:04:55 AM GMT+1","8","8","8","8","8","8","7","9","7","8","7","","","9","10","8","4","Yes"
"2020/01/13 5:15:16 AM GMT+1","10","8","10","10","10","10","9","10","8","10","10","8","10","10","10","10","4","Yes"
"2020/01/13 5:26:26 AM GMT+1","7","8","6","6","7","9","8","8","6","8","8","","8","8","9","9","4","Yes"
"2020/01/13 5:41:54 AM GMT+1","7","2","2","4","7","9","6","3","6","4","5","4","2","4","3","3","2","Yes"
"2020/01/13 5:44:31 AM GMT+1","7","8","8","7","7","8","8","9","7","9","8","7","9","9","9","9","5","Yes"
"2020/01/13 5:46:44 AM GMT+1","7","8","7","7","7","7","7","9","7","9","7","6","7","9","9","8","1","Yes"
"2020/01/13 5:48:33 AM GMT+1","8","9","7","7","7","8","7","8","7","8","7","","8","9","10","8","4","Yes"
"2020/01/13 5:49:23 AM GMT+1","8","7","6","7","7","8","9","9","9","9","8","7","9","8","9","7","3","Yes"
"2020/01/13 5:56:59 AM GMT+1","7","7","7","7","7","8","7","9","7","9","8","7","8","8","9","9","1","Yes"
"2020/01/13 5:57:33 AM GMT+1","7","8","7","8","6","9","8","10","7","10","8","6","7","9","10","8","1","Yes"
"2020/01/13 5:59:57 AM GMT+1","7","7","6","7","7","7","7","9","6","9","8","","8","9","9","8","3","Yes"
"2020/01/13 6:06:20 AM GMT+1","7","8","7","7","8","7","7","8","7","9","8","6","8","9","9","8","2","Yes"
"2020/01/13 6:08:50 AM GMT+1","7","8","7","7","7","8","7","9","7","9","8","","8","8","8","7","3","No"
"2020/01/13 6:11:06 AM GMT+1","9","9","8","9","7","8","9","10","8","9","9","7","8","9","10","8","4","Yes"
"2020/01/13 6:11:34 AM GMT+1","7","8","7","7","7","7","8","8","7","9","7","6","8","8","9","9","3","Yes"
"2020/01/13 6:18:31 AM GMT+1","7","8","7","7","7","10","7","9","7","9","7","6","7","9","10","10","2","Yes"
"2020/01/13 6:32:50 AM GMT+1","7","8","7","8","7","8","6","9","7","8","8","6","7","7","7","7","5","Yes"
"2020/01/13 7:01:26 AM GMT+1","7","8","7","7","6","8","8","8","7","8","6","","","8","8","7","5","Yes"
"2020/01/13 7:02:51 AM GMT+1","8","7","8","8","8","8","8","9","8","9","8","","8","9","10","9","4","Yes"
"2020/01/13 7:41:16 AM GMT+1","7","8","7","8","7","8","8","9","7","9","8","","","8","9","9","6","Yes"
"2020/01/13 7:44:38 AM GMT+1","6","8","7","7","6","7","7","8","6","9","7","","","8","8","9","2","Yes"
"2020/01/13 7:50:06 AM GMT+1","8","8","9","8","7","8","9","9","7","9","8","6","9","9","9","9","1","Yes"
"2020/01/13 7:56:40 AM GMT+1","7","8","7","7","6","7","6","8","7","9","7","5","7","10","10","10","6","Yes"
"2020/01/13 8:01:44 AM GMT+1","9","9","9","8","8","8","8","10","8","10","8","7","8","9","9","8","6","Yes"
"2020/01/13 8:11:01 AM GMT+1","8","9","7","6","6","8","7","9","7","8","8","6","8","8","8","8","3","Yes"
"2020/01/13 8:22:23 AM GMT+1","6","8","7","7","7","8","7","9","7","8","7","","7","9","10","8","3","Yes"
"2020/01/13 8:27:11 AM GMT+1","7","9","7","7","7","8","7","9","6","8","8","7","8","9","9","10","6","Yes"
"2020/01/13 8:29:01 AM GMT+1","7","7","8","8","8","9","9","10","7","10","7","7","8","9","8","7","3","Yes"
"2020/01/13 8:35:05 AM GMT+1","7","8","7","6","7","7","7","9","7","8","9","6","8","8","8","8","4","Yes"
"2020/01/13 8:38:54 AM GMT+1","8","6","8","8","8","9","8","9","7","10","9","8","9","10","10","10","4","Yes"
"2020/01/13 8:39:07 AM GMT+1","9","8","8","9","8","8","7","9","8","9","8","7","8","8","8","8","2","Yes"
"2020/01/13 8:39:29 AM GMT+1","7","7","6","6","6","7","6","9","6","8","8","","","7","8","6","4","Yes"
"2020/01/13 8:58:22 AM GMT+1","7","8","7","7","6","6","6","9","7","10","8","","8","9","9","9","4","Yes"
"2020/01/13 9:04:15 AM GMT+1","6","6","7","6","7","7","7","7","7","7","6","5","7","6","8","1","1",""
"2020/01/13 9:06:05 AM GMT+1","7","5","6","6","6","8","7","9","5","8","7","","","7","9","7","4","Yes"
"2020/01/13 9:09:03 AM GMT+1","5","8","6","7","8","7","8","8","8","10","9","","","8","10","8","2",""
"2020/01/13 9:11:04 AM GMT+1","7","7","6","7","6","7","6","8","6","8","6","","","7","7","8","3","Yes"
"2020/01/13 9:20:48 AM GMT+1","7","8","8","8","6","7","7","9","6","9","8","6","8","9","10","9","2","Yes"
"2020/01/13 9:37:26 AM GMT+1","9","8","7","8","7","8","8","9","8","9","8","","9","9","9","9","5","Yes"
"2020/01/13 10:07:18 AM GMT+1","7","8","7","7","7","8","7","9","6","9","8","7","8","9","10","9","3","Yes"
"2020/01/13 10:08:29 AM GMT+1","7","8","8","8","7","9","8","10","7","10","9","","8","10","10","9","3","Yes"
"2020/01/13 10:17:31 AM GMT+1","7","8","7","8","7","8","8","9","8","9","8","7","8","9","9","8","2","Yes"
"2020/01/13 10:28:28 AM GMT+1","8","8","8","9","8","10","8","10","8","10","9","8","9","8","9","8","6","Yes"
"2020/01/13 10:31:18 AM GMT+1","7","7","7","7","6","6","7","9","6","8","6","6","7","7","10","6","3","Yes"
"2020/01/13 10:33:31 AM GMT+1","8","10","7","8","8","6","8","10","7","10","8","6","7","8","10","7","4","Yes"
"2020/01/13 10:38:33 AM GMT+1","8","9","8","8","8","8","8","9","8","9","9","5","9","10","10","10","1","Yes"
"2020/01/13 11:11:58 AM GMT+1","9","10","9","9","8","9","8","9","7","10","7","7","9","9","10","9","6","Yes"
"2020/01/13 11:12:57 AM GMT+1","7","9","8","8","8","9","7","10","7","9","9","8","8","9","10","10","5","Yes"
"2020/01/13 11:47:11 AM GMT+1","8","9","8","8","8","9","9","10","7","9","9","6","7","10","10","10","2","No"
"2020/01/13 11:52:12 AM GMT+1","6","9","7","6","6","8","8","9","7","10","6","","","8","10","10","3","Yes"
"2020/01/13 11:53:42 AM GMT+1","8","8","8","7","8","8","6","9","7","9","9","7","8","9","10","10","3","Yes"
"2020/01/13 1:03:33 PM GMT+1","8","8","7","7","8","9","7","9","7","9","7","7","8","8","8","8","3","Yes"
"2020/01/13 1:09:18 PM GMT+1","6","6","6","6","6","6","6","7","5","7","6","5","7","7","7","6","3","Yes"
"2020/01/13 1:11:41 PM GMT+1","7","8","7","7","7","8","8","8","7","9","8","7","8","8","8","8","5",""
"2020/01/13 1:22:32 PM GMT+1","8","8","7","8","7","8","7","9","7","10","9","7","9","9","9","9","3","Yes"
"2020/01/13 1:36:07 PM GMT+1","8","9","8","9","7","8","8","9","7","10","8","7","7","8","10","6","2","Yes"
"2020/01/13 1:49:47 PM GMT+1","7","7","6","7","6","6","7","9","7","8","7","7","8","8","8","7","3","Yes"
"2020/01/13 2:39:56 PM GMT+1","8","8","6","7","6","8","8","10","8","9","7","","9","9","10","9","4","Yes"
"2020/01/13 2:53:55 PM GMT+1","7","6","6","6","6","7","6","8","7","8","8","6","6","6","7","7","5","Yes"
"2020/01/13 3:53:53 PM GMT+1","7","8","7","7","7","7","7","8","6","8","8","","","8","8","7","3","Yes"
"2020/01/13 5:53:54 PM GMT+1","7","8","7","6","7","8","8","9","8","9","8","7","8","8","8","8","3","Yes"
"2020/01/13 6:38:38 PM GMT+1","7","8","7","8","7","5","7","9","8","8","8","8","9","9","10","9","1","Yes"