"Timestamp","De Gea","Shaw","Maguire","Lindelof","Wan-Bissaka","Matic","Pogba","Rashford","Bruno","Greenwood","Martial","Team Performance","Final Result","Ole","Sheffield Utd","Did the ref do a good job?"
"2020/06/25 6:47:15 PM GMT+2","6","6","7","7","7","10","8","8","8","7","10","10","10","10","5","Yes"
"2020/06/25 6:47:28 PM GMT+2","5","6","6","6","7","8","8","7","8","6","10","8","8","7","2","Yes"
"2020/06/25 6:47:34 PM GMT+2","6","6","7","6","7","9","8","7","8","6","9","8","7","7","3","Yes"
"2020/06/25 6:48:40 PM GMT+2","8","7","8","8","9","9","8","7","8","8","10","9","10","9","5","Yes"
"2020/06/25 6:48:46 PM GMT+2","7","7","8","7","8","9","8","7","8","6","10","9","9","9","3","Yes"
"2020/06/25 6:48:58 PM GMT+2","10","10","10","10","10","10","10","10","10","10","10","10","10","10","1","Yes"
"2020/06/25 6:49:02 PM GMT+2","6","6","7","7","8","7","8","8","8","6","10","9","9","9","4","Yes"
"2020/06/25 6:49:09 PM GMT+2","6","5","7","7","8","10","9","8","8","8","10","10","10","10","3","Yes"
"2020/06/25 6:49:25 PM GMT+2","6","6","7","7","7","8","8","8","8","7","10","8","8","8","4","Yes"
"2020/06/25 6:49:41 PM GMT+2","5","9","7","8","10","10","10","7","8","6","10","10","8","10","4","Yes"
"2020/06/25 6:49:47 PM GMT+2","7","8","8","7","9","10","10","8","8","7","10","8","10","10","4","Yes"
"2020/06/25 6:50:42 PM GMT+2","7","7","7","7","8","8","9","8","7","7","10","10","10","10","5","Yes"
"2020/06/25 6:51:10 PM GMT+2","7","7","8","7","9","10","9","8","8","8","10","10","10","10","4","Yes"
"2020/06/25 6:51:14 PM GMT+2","7","8","8","7","8","10","8","7","8","7","10","9","7","8","5","Yes"
"2020/06/25 6:51:18 PM GMT+2","8","7","8","8","9","10","8","6","7","7","10","10","10","10","3","Yes"
"2020/06/25 6:51:35 PM GMT+2","7","8","8","8","9","10","9","9","9","8","10","9","10","10","3","Yes"
"2020/06/25 6:52:06 PM GMT+2","6","5","7","7","7","9","8","6","8","7","10","10","10","10","5","Yes"
"2020/06/25 6:52:12 PM GMT+2","6","7","7","7","8","9","9","8","8","7","10","9","9","8","4","Yes"
"2020/06/25 6:52:15 PM GMT+2","6","5","7","7","8","9","8","8","9","8","10","8","9","9","4","Yes"
"2020/06/25 6:52:17 PM GMT+2","6","6","7","7","8","9","8","6","7","6","10","10","10","10","4","Yes"
"2020/06/25 6:52:20 PM GMT+2","7","6","7","7","8","9","8","6","7","7","9","9","7","8","6","Yes"
"2020/06/25 6:52:40 PM GMT+2","5","8","10","6","10","7","1","9","7","6","10","8","8","8","1","Yes"
"2020/06/25 6:52:52 PM GMT+2","6","8","7","7","8","8","9","7","9","7","10","9","9","9","5","Yes"
"2020/06/25 6:52:55 PM GMT+2","7","7","7","7","8","9","8","8","8","7","9","9","9","8","4","Yes"
"2020/06/25 6:53:18 PM GMT+2","8","8","8","7","8","10","8","7","8","8","10","10","10","10","4","Yes"
"2020/06/25 6:53:55 PM GMT+2","6","7","7","7","8","9","8","7","9","7","10","7","10","8","5","Yes"
"2020/06/25 6:54:00 PM GMT+2","7","7","8","8","9","10","9","8","9","8","10","9","9","9","3","Yes"
"2020/06/25 6:54:46 PM GMT+2","6","7","8","7","8","10","8","7","8","7","10","8","7","8","2","Yes"
"2020/06/25 6:54:56 PM GMT+2","6","6","7","7","7","8","8","8","8","7","9","9","9","9","5","Yes"
"2020/06/25 6:55:35 PM GMT+2","6","6","6","7","6","7","7","9","8","7","10","8","8","8","2","Yes"
"2020/06/25 6:55:47 PM GMT+2","7","6","9","8","9","10","9","7","7","6","10","10","10","10","4","Yes"
"2020/06/25 6:55:52 PM GMT+2","7","6","8","8","8","9","8","8","7","7","9","8","8","8","3","Yes"
"2020/06/25 6:56:22 PM GMT+2","7","7","8","8","9","9","9","8","9","8","10","8","9","9","5","Yes"
"2020/06/25 6:56:35 PM GMT+2","6","7","7","7","8","9","8","8","8","7","10","9","10","10","4","Yes"
"2020/06/25 6:57:08 PM GMT+2","7","8","8","8","9","10","9","7","10","8","10","10","10","10","6","Yes"
"2020/06/25 6:57:18 PM GMT+2","6","7","8","7","8","9","8","8","7","6","10","9","9","8","3","Yes"
"2020/06/25 6:57:21 PM GMT+2","6","6","9","8","9","10","9","7","8","7","10","9","10","8","3","Yes"
"2020/06/25 6:57:25 PM GMT+2","10","7","9","9","9","10","9","9","9","8","10","10","10","9","3","Yes"
"2020/06/25 6:58:29 PM GMT+2","7","6","8","7","8","9","8","8","8","7","10","9","10","9","4","Yes"
"2020/06/25 6:58:30 PM GMT+2","7","7","7","7","7","9","9","8","8","7","10","9","10","8","4","Yes"
"2020/06/25 6:58:38 PM GMT+2","8","8","7","8","9","8","9","8","9","7","10","10","10","9","4","Yes"
"2020/06/25 6:58:45 PM GMT+2","7","7","8","7","9","10","10","9","9","7","10","9","9","10","5","Yes"
"2020/06/25 6:58:47 PM GMT+2","6","8","7","7","8","10","8","7","7","7","10","10","10","10","5","Yes"
"2020/06/25 6:59:13 PM GMT+2","7","7","8","7","8","9","8","7","9","8","10","10","8","7","3","Yes"
"2020/06/25 6:59:34 PM GMT+2","9","8","10","10","10","10","10","8","10","8","10","10","10","7","7","Yes"
"2020/06/25 6:59:47 PM GMT+2","8","8","8","8","8","10","9","8","9","8","10","9","8","10","3","Yes"
"2020/06/25 7:00:02 PM GMT+2","7","7","7","7","8","8","9","7","8","7","10","8","9","8","4","Yes"
"2020/06/25 7:01:05 PM GMT+2","7","8","8","8","9","10","9","9","9","8","10","10","9","9","4","Yes"
"2020/06/25 7:01:43 PM GMT+2","7","7","7","8","7","9","8","7","7","6","9","9","8","9","5","Yes"
"2020/06/25 7:03:37 PM GMT+2","6","6","7","7","7","8","7","7","8","6","9","8","8","7","4","Yes"
"2020/06/25 7:03:53 PM GMT+2","7","7","7","8","7","9","9","8","8","7","9","9","10","8","3","Yes"
"2020/06/25 7:03:55 PM GMT+2","7","7","7","7","8","9","8","7","8","7","10","10","10","10","5","Yes"
"2020/06/25 7:04:04 PM GMT+2","7","8","8","8","8","9","9","7","9","7","10","9","10","9","5","Yes"
"2020/06/25 7:04:36 PM GMT+2","6","7","6","6","8","9","8","8","8","7","10","8","9","10","4","Yes"
"2020/06/25 7:05:40 PM GMT+2","6","7","8","7","9","8","9","7","7","8","10","10","9","9","2","Yes"
"2020/06/25 7:06:11 PM GMT+2","6","6","5","10","10","8","8","10","10","10","9","7","6","10","6","Yes"
"2020/06/25 7:06:22 PM GMT+2","6","7","6","6","8","9","10","7","9","8","8","9","10","10","3","Yes"
"2020/06/25 7:07:05 PM GMT+2","7","7","8","8","9","10","9","8","9","8","10","9","10","10","5","Yes"
"2020/06/25 7:07:15 PM GMT+2","8","9","9","9","9","9","10","9","8","8","10","9","9","9","7","Yes"
"2020/06/25 7:08:04 PM GMT+2","7","7","8","7","8","9","9","8","9","8","10","10","9","9","3","Yes"
"2020/06/25 7:08:29 PM GMT+2","6","7","7","7","8","9","7","8","8","7","10","8","9","8","4","Yes"
"2020/06/25 7:08:36 PM GMT+2","6","8","8","7","9","8","9","8","7","6","10","9","10","10","3","Yes"
"2020/06/25 7:08:41 PM GMT+2","7","7","8","8","9","9","9","9","9","8","10","10","10","10","5","Yes"
"2020/06/25 7:08:48 PM GMT+2","7","8","8","7","8","10","8","9","8","7","10","9","8","9","3","Yes"
"2020/06/25 7:09:23 PM GMT+2","7","7","7","7","8","9","8","9","8","7","10","9","10","10","4","Yes"
"2020/06/25 7:09:38 PM GMT+2","7","8","8","8","9","10","10","8","9","8","10","9","9","9","6","Yes"
"2020/06/25 7:09:44 PM GMT+2","5","5","6","7","8","9","7","7","8","6","10","9","9","9","1","Yes"
"2020/06/25 7:10:33 PM GMT+2","7","8","8","8","8","10","9","9","10","9","10","10","10","10","2","Yes"
"2020/06/25 7:10:41 PM GMT+2","6","7","7","7","8","10","9","8","9","7","10","10","10","9","5","Yes"
"2020/06/25 7:10:48 PM GMT+2","7","7","7","7","8","9","8","8","8","7","10","9","9","9","6","Yes"
"2020/06/25 7:12:11 PM GMT+2","10","8","10","9","9","10","10","8","10","9","10","9","10","10","1","Yes"
"2020/06/25 7:12:18 PM GMT+2","7","7","8","7","8","8","8","7","8","7","9","9","9","8","4","Yes"
"2020/06/25 7:13:39 PM GMT+2","6","7","7","7","8","8","8","7","8","6","10","9","9","9","3","Yes"
"2020/06/25 7:13:49 PM GMT+2","7","8","8","8","9","9","9","9","9","8","10","10","9","10","4","Yes"
"2020/06/25 7:14:06 PM GMT+2","8","8","8","8","9","9","9","9","9","8","10","10","10","10","5","Yes"
"2020/06/25 7:14:37 PM GMT+2","5","5","6","6","8","9","8","7","7","6","10","10","10","9","3","Yes"
"2020/06/25 7:14:39 PM GMT+2","6","8","8","8","9","10","9","9","10","8","10","10","10","10","1","Yes"
"2020/06/25 7:14:40 PM GMT+2","6","5","6","6","7","8","8","5","7","6","9","8","9","7","2","Yes"
"2020/06/25 7:15:01 PM GMT+2","7","7","8","8","9","9","9","9","9","8","10","8","8","8","3","Yes"
"2020/06/25 7:15:19 PM GMT+2","6","5","7","7","8","8","8","8","8","6","10","9","8","9","2","Yes"
"2020/06/25 7:15:53 PM GMT+2","6","8","9","8","8","10","8","7","8","7","10","9","7","10","3","Yes"
"2020/06/25 7:16:37 PM GMT+2","8","8","8","8","9","9","9","7","8","8","10","9","9","9","3","Yes"
"2020/06/25 7:17:41 PM GMT+2","6","7","8","7","7","9","8","8","8","8","10","9","9","8","5",""
"2020/06/25 7:17:51 PM GMT+2","5","6","7","8","8","9","8","7","8","6","10","8","7","7","3","Yes"
"2020/06/25 7:18:20 PM GMT+2","7","8","7","9","8","9","8","7","7","7","10","8","7","10","3","Yes"
"2020/06/25 7:19:29 PM GMT+2","6","6","6","7","6","9","9","8","8","7","10","8","8","10","4","Yes"
"2020/06/25 7:19:51 PM GMT+2","7","8","8","8","8","9","9","8","8","7","10","10","10","10","6","Yes"
"2020/06/25 7:20:35 PM GMT+2","9","7","7","7","8","8","8","8","8","8","10","9","9","9","3","Yes"
"2020/06/25 7:21:19 PM GMT+2","7","8","8","8","8","9","9","8","9","7","10","9","9","9","3","Yes"
"2020/06/25 7:22:59 PM GMT+2","5","6","6","6","7","8","9","7","9","7","10","8","8","9","5","Yes"
"2020/06/25 7:23:04 PM GMT+2","7","7","8","8","8","10","9","9","9","8","10","9","9","10","3","Yes"
"2020/06/25 7:23:49 PM GMT+2","6","7","7","7","8","9","8","7","8","6","10","9","7","8","4","Yes"
"2020/06/25 7:23:51 PM GMT+2","7","6","7","7","8","9","8","8","8","7","10","9","10","9","3","Yes"
"2020/06/25 7:25:33 PM GMT+2","6","7","7","7","8","9","8","8","8","6","10","9","9","9","2","Yes"
"2020/06/25 7:25:43 PM GMT+2","6","7","7","7","8","9","9","8","9","7","10","9","10","10","4","Yes"
"2020/06/25 7:25:47 PM GMT+2","7","6","9","8","8","9","7","6","8","7","10","8","9","10","3","Yes"
"2020/06/25 7:26:01 PM GMT+2","6","8","6","7","8","9","9","8","8","5","10","10","10","10","1","Yes"
"2020/06/25 7:26:02 PM GMT+2","6","7","7","7","8","9","9","7","7","7","10","9","9","9","5","Yes"
"2020/06/25 7:26:08 PM GMT+2","6","8","9","9","9","10","9","8","8","7","10","10","10","9","7","Yes"
"2020/06/25 7:26:14 PM GMT+2","8","9","9","9","10","10","9","9","8","8","10","10","10","10","6",""
"2020/06/25 7:26:54 PM GMT+2","7","7","8","8","9","9","9","8","8","7","10","10","9","10","4","Yes"
"2020/06/25 7:27:04 PM GMT+2","6","5","7","6","8","9","8","7","7","7","10","10","10","10","6","Yes"
"2020/06/25 7:28:37 PM GMT+2","8","6","9","8","9","10","8","8","8","7","10","10","10","10","3","Yes"
"2020/06/25 7:28:53 PM GMT+2","7","6","7","7","8","8","9","8","8","8","10","9","8","8","4","Yes"
"2020/06/25 7:29:04 PM GMT+2","7","7","7","7","8","9","8","8","8","7","10","10","10","10","3","Yes"
"2020/06/25 7:31:06 PM GMT+2","6","6","8","8","9","9","9","9","9","8","10","10","10","10","4","Yes"
"2020/06/25 7:31:42 PM GMT+2","7","8","7","7","9","9","9","8","8","7","10","8","9","9","4","Yes"
"2020/06/25 7:31:51 PM GMT+2","5","6","8","7","8","8","8","2","8","6","10","9","10","9","10","Yes"
"2020/06/25 7:32:41 PM GMT+2","8","6","8","8","9","10","9","7","9","8","10","9","10","8","6","Yes"
"2020/06/25 7:32:48 PM GMT+2","7","8","8","7","8","9","8","8","8","6","10","9","10","9","5","Yes"
"2020/06/25 7:33:06 PM GMT+2","5","6","6","6","7","8","8","6","7","5","9","8","7","10","2","Yes"
"2020/06/25 7:33:46 PM GMT+2","7","8","9","9","9","9","9","8","9","8","10","10","9","9","3","Yes"
"2020/06/25 7:34:44 PM GMT+2","7","5","8","8","8","10","8","6","9","8","10","9","9","10","6","Yes"
"2020/06/25 7:35:41 PM GMT+2","6","6","7","8","7","9","9","8","9","8","10","9","9","8","4","Yes"
"2020/06/25 7:36:56 PM GMT+2","8","8","8","8","8","9","9","8","9","8","10","9","10","10","8","Yes"
"2020/06/25 7:37:15 PM GMT+2","7","7","7","7","8","8","8","9","8","7","10","10","8","8","3","Yes"
"2020/06/25 7:37:39 PM GMT+2","7","7","7","7","8","9","8","8","8","7","10","9","9","10","4","Yes"
"2020/06/25 7:37:50 PM GMT+2","6","8","8","7","8","9","9","8","7","6","10","10","7","9","5","Yes"
"2020/06/25 7:38:07 PM GMT+2","5","6","7","7","6","9","9","7","9","7","10","9","10","9","3","Yes"
"2020/06/25 7:38:33 PM GMT+2","6","7","6","6","7","8","7","6","6","6","8","10","9","8","1","Yes"
"2020/06/25 7:39:17 PM GMT+2","7","8","8","8","7","7","8","8","7","8","10","10","10","8","1","Yes"
"2020/06/25 7:40:56 PM GMT+2","7","8","8","8","8","10","8","7","8","8","10","9","9","10","3","Yes"
"2020/06/25 7:41:32 PM GMT+2","7","7","7","7","7","9","9","8","9","8","10","9","9","10","2","Yes"
"2020/06/25 7:43:05 PM GMT+2","7","7","8","7","9","9","8","6","10","7","10","8","10","8","5","Yes"
"2020/06/25 7:44:11 PM GMT+2","5","7","9","9","9","8","8","7","7","6","10","10","10","10","4","Yes"
"2020/06/25 7:44:22 PM GMT+2","7","6","6","6","7","9","8","7","8","7","10","9","10","8","5","Yes"
"2020/06/25 7:45:34 PM GMT+2","6","6","6","6","6","8","7","7","7","6","9","9","9","8","5","Yes"
"2020/06/25 7:45:56 PM GMT+2","10","6","7","7","8","9","8","6","7","7","10","8","10","10","3","Yes"
"2020/06/25 7:46:49 PM GMT+2","6","7","8","8","8","9","8","8","9","8","10","9","10","9","6","Yes"
"2020/06/25 7:47:54 PM GMT+2","6","7","6","6","8","9","8","8","8","7","10","9","9","10","4","Yes"
"2020/06/25 7:48:03 PM GMT+2","6","7","8","7","8","9","8","7","8","6","10","9","10","8","3","Yes"
"2020/06/25 7:48:09 PM GMT+2","7","7","7","7","8","9","8","8","8","7","10","8","9","9","5","Yes"
"2020/06/25 7:48:33 PM GMT+2","9","8","9","9","9","10","10","7","9","7","10","10","9","10","4","Yes"
"2020/06/25 7:48:49 PM GMT+2","7","7","7","7","8","9","8","8","7","7","10","9","9","9","4","Yes"
"2020/06/25 7:51:22 PM GMT+2","6","6","6","6","7","8","8","8","8","6","10","8","8","7","4","Yes"
"2020/06/25 7:51:33 PM GMT+2","6","7","6","6","8","9","7","6","8","7","10","7","8","8","2","Yes"
"2020/06/25 7:51:45 PM GMT+2","7","8","7","7","8","9","9","7","7","7","10","9","9","9","4","Yes"
"2020/06/25 7:51:46 PM GMT+2","6","7","7","7","8","9","8","8","8","7","10","10","10","9","4","Yes"
"2020/06/25 7:54:35 PM GMT+2","6","6","6","7","6","9","8","7","6","8","9","8","10","7","4","Yes"
"2020/06/25 7:55:06 PM GMT+2","7","8","8","8","9","10","10","9","9","8","9","10","8","10","5","Yes"
"2020/06/25 7:55:08 PM GMT+2","9","9","8","9","8","8","8","8","8","8","10","9","10","10","10","Yes"
"2020/06/25 7:57:46 PM GMT+2","8","8","9","8","10","9","9","9","9","8","10","10","10","10","8","Yes"
"2020/06/25 7:59:08 PM GMT+2","6","7","8","8","8","10","8","7","8","7","10","9","8","9","2","Yes"
"2020/06/25 7:59:45 PM GMT+2","8","8","8","8","9","9","9","8","9","8","10","9","9","9","4","Yes"
"2020/06/25 8:00:20 PM GMT+2","8","8","8","8","8","10","9","8","8","8","10","10","10","9","8","Yes"
"2020/06/25 8:00:28 PM GMT+2","7","6","8","8","8","9","9","7","9","7","10","8","7","8","4","No"
"2020/06/25 8:00:30 PM GMT+2","8","7","8","8","9","10","8","8","8","7","10","10","10","10","4","Yes"
"2020/06/25 8:00:34 PM GMT+2","7","7","7","7","7","9","7","8","7","6","10","9","9","10","6","Yes"
"2020/06/25 8:02:12 PM GMT+2","6","7","7","7","8","8","8","7","8","7","9","9","8","8","3","Yes"
"2020/06/25 8:02:18 PM GMT+2","7","8","8","7","8","9","8","8","8","7","10","9","9","10","4","Yes"
"2020/06/25 8:02:19 PM GMT+2","7","8","8","7","8","10","9","8","9","7","10","10","8","9","3","Yes"
"2020/06/25 8:05:36 PM GMT+2","7","7","8","8","8","10","8","7","8","7","10","10","10","8","1","Yes"
"2020/06/25 8:06:15 PM GMT+2","8","8","8","8","9","10","10","9","10","9","10","10","10","10","4","Yes"
"2020/06/25 8:06:47 PM GMT+2","8","5","7","7","8","9","8","7","7","6","10","8","9","9","3","Yes"
"2020/06/25 8:07:03 PM GMT+2","7","8","8","8","8","9","8","8","8","8","10","10","9","9","3","Yes"
"2020/06/25 8:07:20 PM GMT+2","6","6","7","7","7","9","8","5","6","6","9","8","9","8","3","Yes"
"2020/06/25 8:07:41 PM GMT+2","7","7","8","7","7","9","8","7","7","6","10","8","10","10","4","Yes"
"2020/06/25 8:08:37 PM GMT+2","7","8","8","9","9","10","9","9","8","7","10","9","10","8","2","Yes"
"2020/06/25 8:09:47 PM GMT+2","7","8","8","8","8","9","8","7","8","7","10","9","9","10","5","Yes"
"2020/06/25 8:10:48 PM GMT+2","7","7","8","8","9","10","8","7","8","7","10","9","10","8","2","Yes"
"2020/06/25 8:10:55 PM GMT+2","6","7","7","6","8","9","7","8","8","6","10","10","10","10","4","Yes"
"2020/06/25 8:10:58 PM GMT+2","7","7","7","7","8","9","9","8","8","7","10","10","10","10","6","Yes"
"2020/06/25 8:12:11 PM GMT+2","8","8","8","8","9","10","9","9","9","8","10","10","10","10","5","Yes"
"2020/06/25 8:13:13 PM GMT+2","6","7","7","7","8","9","8","8","7","7","10","10","10","10","5","Yes"
"2020/06/25 8:13:32 PM GMT+2","8","7","8","7","8","8","8","8","8","7","10","9","10","10","1","Yes"
"2020/06/25 8:14:58 PM GMT+2","6","8","7","7","8","8","8","7","8","7","10","9","10","10","3","Yes"
"2020/06/25 8:18:18 PM GMT+2","7","8","9","8","9","10","9","9","9","8","10","9","9","9","7","Yes"
"2020/06/25 8:19:56 PM GMT+2","5","5","5","5","6","8","7","6","7","5","10","8","8","7","4","Yes"
"2020/06/25 8:22:09 PM GMT+2","7","7","8","8","9","10","10","8","8","8","10","10","10","10","3","Yes"
"2020/06/25 8:23:53 PM GMT+2","6","7","8","7","8","9","9","8","9","7","10","9","10","7","3","Yes"
"2020/06/25 8:26:38 PM GMT+2","6","6","7","7","8","8","8","7","8","7","10","9","9","9","3","Yes"
"2020/06/25 8:27:26 PM GMT+2","6","7","6","6","7","9","7","8","8","7","9","9","9","9","3","Yes"
"2020/06/25 8:27:46 PM GMT+2","6","7","7","6","6","8","7","6","7","5","9","8","8","8","3","Yes"
"2020/06/25 8:28:10 PM GMT+2","5","5","6","5","7","9","8","4","7","6","10","10","10","10","2","Yes"
"2020/06/25 8:28:26 PM GMT+2","6","4","6","6","8","9","8","6","7","5","10","8","8","8","2","Yes"
"2020/06/25 8:30:08 PM GMT+2","7","9","9","9","9","10","10","9","9","9","10","10","10","10","5","Yes"
"2020/06/25 8:31:58 PM GMT+2","7","7","8","8","9","7","8","7","8","7","10","9","10","10","6","Yes"
"2020/06/25 8:34:22 PM GMT+2","6","7","7","7","7","9","9","7","9","7","10","9","10","10","5","No"
"2020/06/25 8:34:31 PM GMT+2","5","4","8","7","9","8","8","9","9","9","10","10","9","10","4","Yes"
"2020/06/25 8:35:33 PM GMT+2","7","8","9","9","9","10","9","9","10","8","10","8","8","9","6","Yes"
"2020/06/25 8:38:01 PM GMT+2","8","9","9","9","9","10","9","8","8","8","10","10","8","10","3","Yes"
"2020/06/25 8:42:06 PM GMT+2","8","8","8","8","9","10","9","8","9","7","10","10","10","9","2","Yes"
"2020/06/25 8:42:47 PM GMT+2","6","6","7","7","8","9","8","8","8","7","10","10","10","9","3","Yes"
"2020/06/25 8:43:00 PM GMT+2","6","7","7","7","8","9","8","8","8","7","10","10","9","8","2","Yes"
"2020/06/25 8:43:15 PM GMT+2","6","7","7","8","8","9","8","8","7","7","10","9","10","8","3","Yes"
"2020/06/25 8:44:02 PM GMT+2","7","7","8","8","9","10","9","8","8","7","10","9","9","9","4","Yes"
"2020/06/25 8:44:45 PM GMT+2","7","7","8","7","9","9","8","9","9","7","10","9","10","10","7","Yes"
"2020/06/25 8:50:42 PM GMT+2","5","6","8","7","7","8","8","6","8","7","9","9","9","9","3","Yes"
"2020/06/25 8:51:26 PM GMT+2","6","7","7","7","7","8","8","7","8","8","10","9","9","9","4",""
"2020/06/25 8:52:51 PM GMT+2","8","4","7","6","7","9","8","6","7","6","10","9","10","10","7","Yes"
"2020/06/25 8:53:37 PM GMT+2","5","6","6","6","7","8","7","6","7","6","9","8","8","7","5","Yes"
"2020/06/25 8:54:40 PM GMT+2","7","7","8","9","8","10","9","7","10","9","10","10","10","10","3","Yes"
"2020/06/25 8:57:51 PM GMT+2","7","7","7","7","8","8","8","7","8","7","10","9","10","9","4","Yes"
"2020/06/25 9:00:07 PM GMT+2","9","7","8","7","8","10","9","6","8","7","10","8","7","8","3","Yes"
"2020/06/25 9:00:30 PM GMT+2","10","8","9","9","10","10","10","9","10","8","10","10","10","10","3","Yes"
"2020/06/25 9:00:39 PM GMT+2","7","7","7","7","8","9","8","7","7","8","10","9","10","9","4","Yes"
"2020/06/25 9:01:01 PM GMT+2","7","7","7","7","7","8","8","7","7","7","9","9","7","8","4","Yes"
"2020/06/25 9:01:05 PM GMT+2","6","7","7","7","7","8","9","7","8","7","9","9","10","10","6","Yes"
"2020/06/25 9:01:10 PM GMT+2","6","7","7","7","8","9","8","8","7","6","10","9","9","10","2","Yes"
"2020/06/25 9:07:54 PM GMT+2","7","8","7","7","8","9","8","7","8","7","10","9","9","9","3","Yes"
"2020/06/25 9:11:02 PM GMT+2","6","5","7","7","8","10","9","7","8","7","10","9","10","10","5","Yes"
"2020/06/25 9:12:39 PM GMT+2","6","7","7","7","7","9","8","8","8","7","10","9","7","7","3","Yes"
"2020/06/25 9:13:54 PM GMT+2","5","2","6","6","7","7","8","7","7","6","9","7","7","7","4","Yes"
"2020/06/25 9:16:29 PM GMT+2","7","8","8","8","8","9","8","7","8","6","10","10","10","9","2","Yes"
"2020/06/25 9:17:24 PM GMT+2","6","7","6","5","8","9","7","7","8","6","10","8","8","7","4","Yes"
"2020/06/25 9:19:34 PM GMT+2","6","7","7","5","7","8","8","5","8","7","9","8","9","9","3","Yes"
"2020/06/25 9:21:12 PM GMT+2","5","5","6","5","6","7","6","6","6","5","8","9","9","9","3","Yes"
"2020/06/25 9:22:44 PM GMT+2","6","7","7","6","6","8","7","6","7","6","9","8","8","7","3","Yes"
"2020/06/25 9:23:39 PM GMT+2","7","7","8","7","8","9","9","7","9","7","10","9","10","10","4","Yes"
"2020/06/25 9:23:49 PM GMT+2","7","7","8","7","8","9","8","8","8","7","10","9","9","9","4","Yes"
"2020/06/25 9:26:19 PM GMT+2","7","7","8","7","8","8","8","7","7","6","10","8","9","10","4","Yes"
"2020/06/25 9:29:01 PM GMT+2","7","5","7","7","7","9","7","7","8","7","10","8","9","8","4","Yes"
"2020/06/25 9:34:59 PM GMT+2","6","8","7","7","8","10","9","7","8","7","10","10","7","10","5","Yes"
"2020/06/25 9:35:24 PM GMT+2","6","6","7","6","8","7","7","8","8","6","9","9","10","8","5","Yes"
"2020/06/25 9:37:55 PM GMT+2","6","7","7","6","7","9","8","8","8","7","10","9","9","9","4","Yes"
"2020/06/25 9:42:45 PM GMT+2","6","5","7","6","8","8","8","7","7","6","8","8","9","8","4","Yes"
"2020/06/25 9:47:34 PM GMT+2","6","7","7","7","9","10","8","7","8","6","10","9","8","9","5","Yes"
"2020/06/25 9:49:00 PM GMT+2","7","7","7","7","7","8","8","7","7","6","10","9","10","8","4","Yes"
"2020/06/25 9:53:09 PM GMT+2","10","8","8","7","8","10","9","7","9","8","9","10","10","9","6","Yes"
"2020/06/25 9:53:47 PM GMT+2","7","4","8","8","8","9","7","7","9","6","10","10","10","10","3","Yes"
"2020/06/25 9:53:57 PM GMT+2","7","8","8","8","9","8","9","8","9","8","10","8","10","8","2","Yes"
"2020/06/25 9:57:42 PM GMT+2","8","9","8","8","9","9","9","8","9","7","10","10","10","10","1","Yes"
"2020/06/25 9:58:20 PM GMT+2","7","8","7","7","8","9","9","8","7","6","10","10","10","10","1","No"
"2020/06/25 10:01:06 PM GMT+2","7","7","7","7","7","9","10","8","8","7","10","9","9","9","6","Yes"
"2020/06/25 10:04:42 PM GMT+2","5","6","6","6","7","8","7","8","7","6","10","10","10","10","2","No"
"2020/06/25 10:05:01 PM GMT+2","6","7","8","7","6","8","8","7","6","6","8","8","9","8","4","Yes"
"2020/06/25 10:05:12 PM GMT+2","6","7","8","7","8","10","9","8","7","6","10","9","10","9","5","Yes"
"2020/06/25 10:05:41 PM GMT+2","6","8","8","7","8","9","9","7","6","7","10","9","9","8","6","Yes"
"2020/06/25 10:06:20 PM GMT+2","6","8","7","7","7","9","8","6","9","7","10","9","10","9","4","Yes"
"2020/06/25 10:06:45 PM GMT+2","7","5","8","7","8","9","9","8","8","7","10","9","7","8","3","Yes"
"2020/06/25 10:06:58 PM GMT+2","7","8","8","8","9","9","8","8","8","7","9","8","7","8","5","Yes"
"2020/06/25 10:08:05 PM GMT+2","7","7","10","10","8","10","9","8","9","8","10","9","10","10","4","Yes"
"2020/06/25 10:08:53 PM GMT+2","8","7","7","7","8","10","9","9","8","8","10","10","9","9","3","Yes"
"2020/06/25 10:08:58 PM GMT+2","5","6","7","7","8","9","8","7","7","6","10","8","10","8","4","Yes"
"2020/06/25 10:10:05 PM GMT+2","6","7","7","7","8","9","9","8","7","6","10","9","10","9","4","Yes"
"2020/06/25 10:10:12 PM GMT+2","5","7","7","6","7","7","8","7","7","6","9","8","8","7","3","Yes"
"2020/06/25 10:11:50 PM GMT+2","6","6","7","7","7","9","7","7","7","6","10","10","8","10","3","Yes"
"2020/06/25 10:13:08 PM GMT+2","6","7","7","7","8","8","9","7","8","7","10","10","10","8","6","Yes"
"2020/06/25 10:13:55 PM GMT+2","6","7","8","8","9","9","8","8","7","8","10","9","9","10","5","Yes"
"2020/06/25 10:14:14 PM GMT+2","7","7","8","7","9","9","9","8","8","7","10","9","9","8","3","Yes"
"2020/06/25 10:15:19 PM GMT+2","7","7","7","7","7","9","7","7","7","6","9","9","10","10","3","Yes"
"2020/06/25 10:17:16 PM GMT+2","7","8","8","8","8","9","8","8","9","8","10","8","10","9","3","Yes"
"2020/06/25 10:17:28 PM GMT+2","9","8","9","8","9","9","9","8","8","8","10","9","9","10","4","Yes"
"2020/06/25 10:17:43 PM GMT+2","6","8","9","10","8","10","9","7","9","7","10","10","10","10","6","Yes"
"2020/06/25 10:21:04 PM GMT+2","6","7","7","7","7","9","8","8","8","7","9","7","10","8","4","Yes"
"2020/06/25 10:21:12 PM GMT+2","6","8","8","7","8","9","8","8","8","7","10","10","10","10","5","Yes"
"2020/06/25 10:21:13 PM GMT+2","6","6","7","7","7","8","8","7","7","7","9","8","10","8","6","Yes"
"2020/06/25 10:23:41 PM GMT+2","6","6","7","7","8","9","8","8","7","7","10","9","9","9","5","Yes"
"2020/06/25 10:25:36 PM GMT+2","7","7","7","7","8","9","10","7","9","8","10","10","10","10","3","Yes"
"2020/06/25 10:26:01 PM GMT+2","7","7","7","7","9","9","7","8","8","6","10","9","8","10","2",""
"2020/06/25 10:27:04 PM GMT+2","7","8","8","8","9","9","9","7","8","8","10","10","10","10","2","Yes"
"2020/06/25 10:31:00 PM GMT+2","7","7","9","7","9","8","9","8","8","6","10","8","10","10","3","Yes"
"2020/06/25 10:31:01 PM GMT+2","7","7","8","8","8","10","9","7","9","8","10","9","8","8","5","Yes"
"2020/06/25 10:32:01 PM GMT+2","6","7","7","7","8","8","8","8","8","8","9","8","8","9","7","Yes"
"2020/06/25 10:33:12 PM GMT+2","7","8","8","7","9","9","9","8","8","7","10","9","10","10","3","Yes"
"2020/06/25 10:35:10 PM GMT+2","5","6","6","6","7","8","8","7","8","7","9","8","9","8","4","Yes"
"2020/06/25 10:35:40 PM GMT+2","6","7","7","7","7","10","10","8","8","6","10","10","10","10","4","Yes"
"2020/06/25 10:45:15 PM GMT+2","6","7","8","7","8","8","8","7","8","6","9","8","9","8","5","Yes"
"2020/06/25 10:49:26 PM GMT+2","7","7","7","7","9","10","9","8","8","7","10","9","9","9","4","Yes"
"2020/06/25 10:55:02 PM GMT+2","5","7","6","6","7","6","7","8","6","6","10","9","10","7","2","Yes"
"2020/06/25 10:55:43 PM GMT+2","6","7","8","7","8","9","8","7","8","7","10","8","8","7","6","Yes"
"2020/06/25 10:58:48 PM GMT+2","7","8","8","8","8","10","9","8","9","8","10","9","8","10","3","Yes"
"2020/06/25 10:59:05 PM GMT+2","7","7","8","8","8","9","8","7","8","7","9","10","10","10","3","Yes"
"2020/06/25 11:01:48 PM GMT+2","8","8","9","8","9","10","10","10","10","8","10","10","10","10","10","Yes"
"2020/06/25 11:03:02 PM GMT+2","6","6","6","6","7","8","8","7","7","6","9","8","7","8","3","Yes"
"2020/06/25 11:03:27 PM GMT+2","5","6","8","7","6","9","7","8","7","6","9","9","8","8","3","Yes"
"2020/06/25 11:03:47 PM GMT+2","6","8","9","8","9","10","9","8","9","7","10","10","10","10","10","Yes"
"2020/06/25 11:04:32 PM GMT+2","8","7","8","8","8","9","8","6","8","6","10","9","10","10","2","Yes"
"2020/06/25 11:05:59 PM GMT+2","7","6","7","8","8","9","8","6","7","6","10","8","9","8","3","Yes"
"2020/06/25 11:09:59 PM GMT+2","5","7","7","7","7","9","9","8","8","7","10","8","10","8","3","Yes"
"2020/06/25 11:13:06 PM GMT+2","9","8","8","8","9","10","10","8","9","7","10","9","9","10","6","Yes"
"2020/06/25 11:13:17 PM GMT+2","7","8","8","8","8","9","9","9","8","7","10","9","9","10","3","Yes"
"2020/06/25 11:13:29 PM GMT+2","6","5","6","6","7","9","7","8","8","7","10","9","8","8","3","Yes"
"2020/06/25 11:13:45 PM GMT+2","6","6","6","6","8","9","8","8","8","7","10","9","9","9","5",""
"2020/06/25 11:13:55 PM GMT+2","6","6","7","6","7","8","7","8","8","6","10","8","8","8","4","Yes"
"2020/06/25 11:15:33 PM GMT+2","7","7","7","7","8","9","8","8","8","7","10","9","10","9","5","Yes"
"2020/06/25 11:16:33 PM GMT+2","8","9","8","8","9","9","8","7","9","7","10","10","10","10","4","Yes"
"2020/06/25 11:18:40 PM GMT+2","6","6","7","7","7","9","7","8","8","7","10","8","8","9","5","Yes"
"2020/06/25 11:19:34 PM GMT+2","7","6","7","8","8","10","7","7","9","6","10","10","10","10","7","Yes"
"2020/06/25 11:19:43 PM GMT+2","7","7","8","7","8","9","8","7","8","6","9","8","8","8","5","Yes"
"2020/06/25 11:20:09 PM GMT+2","6","7","6","6","8","9","8","7","8","6","10","10","10","10","4","Yes"
"2020/06/25 11:20:52 PM GMT+2","7","7","8","8","8","9","9","8","8","8","10","9","9","10","3","Yes"
"2020/06/25 11:22:47 PM GMT+2","6","8","7","7","8","9","8","8","8","7","10","8","9","9","4","Yes"
"2020/06/25 11:22:50 PM GMT+2","7","9","8","8","9","10","9","8","9","8","10","10","10","10","3","Yes"
"2020/06/25 11:25:19 PM GMT+2","7","8","8","8","8","9","9","7","8","7","10","9","9","8","3","Yes"
"2020/06/25 11:25:36 PM GMT+2","7","6","8","8","9","10","8","8","7","6","10","9","10","8","2","Yes"
"2020/06/25 11:26:01 PM GMT+2","8","8","8","8","8","9","9","8","8","8","10","10","9","10","5","Yes"
"2020/06/25 11:27:03 PM GMT+2","9","6","6","7","7","8","7","4","7","6","9","7","8","7","4","Yes"
"2020/06/25 11:28:29 PM GMT+2","5","5","6","8","6","10","8","5","6","6","10","9","8","9","2","Yes"
"2020/06/25 11:31:29 PM GMT+2","8","7","8","8","9","8","8","7","8","7","10","10","10","10","6","Yes"
"2020/06/25 11:31:36 PM GMT+2","7","8","8","10","9","9","7","8","8","6","10","8","10","9","3","Yes"
"2020/06/25 11:32:27 PM GMT+2","7","7","9","8","9","10","9","8","9","8","10","10","10","10","5","Yes"
"2020/06/25 11:34:12 PM GMT+2","7","7","7","8","9","8","8","6","7","6","10","9","10","9","5","Yes"
"2020/06/25 11:35:25 PM GMT+2","6","7","8","7","7","9","9","8","9","7","9","10","9","9","4","Yes"
"2020/06/25 11:37:09 PM GMT+2","6","8","7","8","8","9","8","8","8","8","10","9","10","9","3","Yes"
"2020/06/25 11:37:54 PM GMT+2","6","6","7","7","8","9","8","8","9","7","10","9","9","9","3","Yes"
"2020/06/25 11:38:09 PM GMT+2","6","6","6","6","8","9","7","8","8","7","10","9","10","9","4","Yes"
"2020/06/25 11:43:40 PM GMT+2","7","6","7","6","7","9","8","7","8","6","10","8","7","10","4","Yes"
"2020/06/25 11:44:19 PM GMT+2","6","7","7","7","8","8","8","7","7","6","9","8","10","8","4","Yes"
"2020/06/25 11:47:15 PM GMT+2","6","7","7","7","7","8","8","8","8","7","8","8","9","8","3","Yes"
"2020/06/25 11:50:03 PM GMT+2","7","7","8","8","8","10","9","8","9","7","10","9","10","10","4","Yes"
"2020/06/25 11:50:28 PM GMT+2","7","7","8","8","9","9","8","8","8","8","10","10","10","10","2",""
"2020/06/25 11:51:42 PM GMT+2","7","7","7","7","8","9","8","6","6","6","10","9","10","9","4","Yes"
"2020/06/25 11:52:40 PM GMT+2","6","8","7","7","8","10","8","8","8","7","10","9","10","10","1","Yes"
"2020/06/25 11:56:27 PM GMT+2","6","7","7","7","9","8","9","9","8","8","10","9","10","10","2","Yes"
"2020/06/26 12:00:05 AM GMT+2","6","7","8","7","8","10","8","8","7","7","10","9","10","9","3","Yes"
"2020/06/26 12:00:10 AM GMT+2","7","8","8","8","9","10","9","8","8","8","10","9","10","10","3","Yes"
"2020/06/26 12:02:54 AM GMT+2","6","6","6","6","7","10","9","7","8","7","10","8","9","10","5","Yes"
"2020/06/26 12:05:18 AM GMT+2","7","7","7","7","8","9","9","8","9","8","10","8","9","8","5","Yes"
"2020/06/26 12:07:22 AM GMT+2","6","6","6","7","8","8","7","7","8","7","10","9","9","9","3","Yes"
"2020/06/26 12:07:36 AM GMT+2","6","5","7","7","7","8","8","5","7","6","9","9","10","10","4","Yes"
"2020/06/26 12:07:36 AM GMT+2","7","8","8","7","9","10","9","8","9","9","10","9","9","9","3","Yes"
"2020/06/26 12:09:10 AM GMT+2","7","7","8","8","8","10","9","8","7","8","10","9","8","10","4","Yes"
"2020/06/26 12:12:23 AM GMT+2","7","5","7","7","8","8","9","7","9","6","10","9","9","9","5","Yes"
"2020/06/26 12:12:24 AM GMT+2","7","8","8","8","9","9","8","9","8","7","10","10","9","9","5","Yes"
"2020/06/26 12:19:05 AM GMT+2","6","6","6","6","7","8","7","7","6","6","9","9","10","9","2","Yes"
"2020/06/26 12:20:32 AM GMT+2","7","9","10","10","10","10","10","10","10","10","10","10","10","10","5","Yes"
"2020/06/26 12:20:35 AM GMT+2","6","7","8","7","8","8","9","8","6","7","10","10","9","9","3","Yes"
"2020/06/26 12:20:44 AM GMT+2","6","5","6","6","7","8","8","7","8","7","10","9","10","8","4","Yes"
"2020/06/26 12:22:13 AM GMT+2","7","6","8","7","7","8","8","7","8","7","10","8","9","7","4","Yes"
"2020/06/26 12:22:59 AM GMT+2","7","8","8","8","9","9","9","8","8","8","10","9","10","9","5","Yes"
"2020/06/26 12:23:01 AM GMT+2","6","6","7","7","8","10","7","7","7","6","10","10","10","10","5","Yes"
"2020/06/26 12:25:01 AM GMT+2","7","8","7","7","9","9","8","9","8","7","10","10","10","10","7","Yes"
"2020/06/26 12:25:20 AM GMT+2","7","5","6","6","7","8","8","8","8","6","10","8","9","9","3","Yes"
"2020/06/26 12:25:26 AM GMT+2","6","7","7","7","8","8","8","8","8","7","9","9","9","9","3","Yes"
"2020/06/26 12:27:37 AM GMT+2","7","7","7","7","8","9","9","8","9","7","10","10","10","10","2","Yes"
"2020/06/26 12:28:12 AM GMT+2","6","8","8","8","8","9","8","7","7","7","10","9","9","9","3","Yes"
"2020/06/26 12:29:53 AM GMT+2","7","8","8","8","9","10","9","8","9","8","10","9","10","9","5","Yes"
"2020/06/26 12:31:51 AM GMT+2","7","8","7","7","9","10","10","8","10","7","10","9","10","10","6","Yes"
"2020/06/26 12:35:37 AM GMT+2","7","5","6","6","7","9","6","5","8","6","10","9","10","10","2","No"
"2020/06/26 12:37:23 AM GMT+2","7","7","7","8","8","9","8","6","7","7","10","9","7","9","3","Yes"
"2020/06/26 12:42:24 AM GMT+2","6","7","8","8","9","10","9","9","8","7","10","9","10","9","5","Yes"
"2020/06/26 12:44:29 AM GMT+2","7","7","7","7","8","9","8","8","8","7","10","9","9","8","3","Yes"
"2020/06/26 12:45:36 AM GMT+2","7","7","8","8","9","9","9","7","7","7","10","9","10","10","2","Yes"
"2020/06/26 12:51:30 AM GMT+2","7","8","7","8","7","10","9","8","8","7","10","9","10","10","4","Yes"
"2020/06/26 12:55:08 AM GMT+2","7","7","7","6","7","9","8","8","8","6","10","9","10","9","4","Yes"
"2020/06/26 12:56:21 AM GMT+2","7","7","7","7","8","9","9","7","9","7","10","9","9","9","3","Yes"
"2020/06/26 12:59:44 AM GMT+2","6","8","7","7","7","8","8","7","8","7","10","8","8","7","3","Yes"
"2020/06/26 1:07:20 AM GMT+2","5","6","5","7","6","8","7","7","8","5","9","8","8","8","1","No"
"2020/06/26 1:11:42 AM GMT+2","6","5","7","7","7","7","7","8","7","8","10","9","9","9","2","Yes"
"2020/06/26 1:15:11 AM GMT+2","6","6","7","7","8","10","10","7","8","6","10","9","10","9","7","Yes"
"2020/06/26 1:19:23 AM GMT+2","7","8","8","7","8","9","8","8","9","8","10","9","10","9","4","Yes"
"2020/06/26 1:23:13 AM GMT+2","6","7","6","6","8","9","9","8","8","7","10","10","10","10","4","Yes"
"2020/06/26 1:24:17 AM GMT+2","5","7","7","7","8","8","8","8","8","7","10","8","8","8","5","Yes"
"2020/06/26 1:26:39 AM GMT+2","8","8","8","8","8","10","9","9","9","8","10","9","10","9","6","Yes"
"2020/06/26 1:28:43 AM GMT+2","6","4","5","8","8","8","10","9","5","7","9","7","9","3","2","No"
"2020/06/26 1:34:16 AM GMT+2","6","7","8","7","8","9","8","8","7","7","10","9","10","10","4","Yes"
"2020/06/26 1:34:36 AM GMT+2","6","7","7","7","8","9","9","8","9","7","10","9","8","9","5","Yes"
"2020/06/26 1:38:13 AM GMT+2","6","5","8","7","8","10","8","7","8","7","10","9","8","9","5","Yes"
"2020/06/26 1:42:29 AM GMT+2","6","7","8","6","8","9","9","6","8","7","10","9","10","8","5","Yes"
"2020/06/26 1:43:18 AM GMT+2","7","7","8","7","8","10","9","9","9","8","10","9","10","10","4","Yes"
"2020/06/26 1:45:43 AM GMT+2","6","6","6","6","8","9","9","8","8","7","10","10","10","9","3","Yes"
"2020/06/26 1:51:20 AM GMT+2","7","5","7","7","8","9","8","9","7","7","10","8","10","9","2","Yes"
"2020/06/26 1:51:53 AM GMT+2","7","6","8","8","8","9","8","8","9","7","10","9","9","9","2","Yes"
"2020/06/26 1:58:06 AM GMT+2","7","7","7","7","7","8","8","7","7","7","10","9","10","9","6","No"
"2020/06/26 2:01:44 AM GMT+2","6","7","7","7","8","9","8","8","8","7","9","9","8","9","3","Yes"
"2020/06/26 2:02:02 AM GMT+2","7","7","8","8","7","8","9","6","9","8","10","10","10","8","5","Yes"
"2020/06/26 2:05:06 AM GMT+2","9","8","8","8","8","10","8","7","8","7","10","9","10","9","5","Yes"
"2020/06/26 2:11:17 AM GMT+2","6","6","7","6","7","9","8","8","7","6","10","9","8","9","2","Yes"
"2020/06/26 2:11:45 AM GMT+2","7","8","8","8","9","10","9","8","9","8","10","10","8","10","5","Yes"
"2020/06/26 2:16:25 AM GMT+2","10","9","5","10","10","10","10","10","10","10","10","9","10","10","1","Yes"
"2020/06/26 2:22:03 AM GMT+2","7","8","7","7","9","10","9","7","9","8","10","10","10","10","3","Yes"
"2020/06/26 2:28:19 AM GMT+2","6","6","7","6","7","10","8","7","7","6","10","9","10","9","2","Yes"
"2020/06/26 2:34:24 AM GMT+2","7","7","7","7","8","8","7","7","8","6","10","9","7","8","5","Yes"
"2020/06/26 2:34:32 AM GMT+2","7","7","8","7","8","9","8","6","8","6","10","10","10","10","6","Yes"
"2020/06/26 2:36:47 AM GMT+2","6","6","8","7","7","9","9","5","8","7","10","9","10","10","4","Yes"
"2020/06/26 2:37:25 AM GMT+2","10","7","7","7","8","8","8","7","8","6","10","8","10","10","2","Yes"
"2020/06/26 2:37:42 AM GMT+2","6","6","8","7","8","9","9","7","9","8","10","9","9","10","3","Yes"
"2020/06/26 2:39:06 AM GMT+2","6","7","7","5","8","10","8","6","8","8","10","9","7","8","5","Yes"
"2020/06/26 2:44:15 AM GMT+2","6","7","7","7","7","9","8","8","8","7","10","9","10","10","2","Yes"
"2020/06/26 2:49:19 AM GMT+2","7","8","8","7","8","9","8","7","8","7","10","10","10","10","6","Yes"
"2020/06/26 2:52:19 AM GMT+2","7","7","8","7","8","9","8","7","8","6","9","10","10","7","5","Yes"
"2020/06/26 2:57:40 AM GMT+2","8","6","8","8","8","8","9","7","8","6","8","8","8","8","3","Yes"
"2020/06/26 3:14:51 AM GMT+2","6","7","7","7","8","9","7","8","7","7","10","8","8","8","2","Yes"
"2020/06/26 3:22:27 AM GMT+2","7","7","8","8","9","10","10","8","9","7","10","9","10","10","4","Yes"
"2020/06/26 3:28:57 AM GMT+2","7","6","7","7","7","8","7","7","8","7","10","9","9","9","6","Yes"
"2020/06/26 3:33:00 AM GMT+2","9","7","8","8","9","9","8","8","8","6","10","9","10","9","2","Yes"
"2020/06/26 3:42:29 AM GMT+2","7","8","7","8","6","10","9","7","6","8","10","10","10","10","3","No"
"2020/06/26 3:45:14 AM GMT+2","7","8","8","7","8","10","8","7","8","7","10","10","10","10","5","Yes"
"2020/06/26 3:53:53 AM GMT+2","6","7","8","8","8","9","9","9","7","7","10","9","9","9","3","Yes"
"2020/06/26 3:54:40 AM GMT+2","7","9","9","8","8","9","8","8","8","7","10","9","10","10","6","Yes"
"2020/06/26 3:56:46 AM GMT+2","5","7","7","7","8","9","8","8","7","7","10","8","9","8","2","Yes"
"2020/06/26 4:00:27 AM GMT+2","7","8","9","9","9","9","9","8","7","7","10","10","10","10","4","Yes"
"2020/06/26 4:05:35 AM GMT+2","7","8","8","8","8","9","9","8","8","7","10","10","10","10","3","Yes"
"2020/06/26 4:10:48 AM GMT+2","7","6","7","7","7","8","8","8","6","7","10","10","10","6","3","Yes"
"2020/06/26 4:10:59 AM GMT+2","5","7","7","7","9","10","8","7","9","8","10","9","10","9","4","Yes"
"2020/06/26 4:11:43 AM GMT+2","7","7","7","7","8","8","8","7","7","6","10","9","10","10","6","Yes"
"2020/06/26 4:12:19 AM GMT+2","6","7","7","7","8","9","8","8","8","6","10","10","9","10","4","Yes"
"2020/06/26 4:13:47 AM GMT+2","7","7","8","8","8","9","9","8","8","7","10","10","10","9","4","Yes"
"2020/06/26 4:15:16 AM GMT+2","6","7","8","7","8","10","9","7","9","7","10","10","10","10","4","Yes"
"2020/06/26 4:16:04 AM GMT+2","6","6","6","7","8","7","8","7","8","7","9","8","9","9","5","Yes"
"2020/06/26 4:24:19 AM GMT+2","6","7","7","7","8","9","8","6","8","7","10","9","8","10","1","Yes"
"2020/06/26 4:34:30 AM GMT+2","6","7","7","7","7","9","9","7","8","7","10","10","10","9","1","Yes"
"2020/06/26 4:35:28 AM GMT+2","6","6","7","6","8","9","7","7","8","6","10","8","10","10","4","Yes"
"2020/06/26 4:38:10 AM GMT+2","8","6","8","8","9","9","8","8","9","8","10","9","10","10","5","Yes"
"2020/06/26 4:41:00 AM GMT+2","7","7","8","8","9","9","9","6","8","7","10","10","10","10","3","Yes"
"2020/06/26 4:45:39 AM GMT+2","6","6","7","7","8","8","8","7","7","7","9","8","8","9","5","Yes"
"2020/06/26 4:48:33 AM GMT+2","8","8","8","8","9","9","9","8","9","8","10","9","10","9","6","Yes"
"2020/06/26 4:50:10 AM GMT+2","6","8","8","7","8","9","8","8","9","7","10","9","10","10","4","Yes"
"2020/06/26 4:58:40 AM GMT+2","7","8","8","7","8","10","9","9","9","7","10","10","9","10","3","Yes"
"2020/06/26 4:59:26 AM GMT+2","6","7","7","6","7","9","8","7","8","7","10","8","9","9","3",""
"2020/06/26 5:00:56 AM GMT+2","8","9","7","7","9","9","9","6","8","7","10","9","8","9","3","Yes"
"2020/06/26 5:11:18 AM GMT+2","7","7","7","6","8","9","9","6","9","8","9","8","9","8","5","Yes"
"2020/06/26 5:14:26 AM GMT+2","7","9","7","6","8","10","9","7","7","7","10","8","10","10","5","Yes"
"2020/06/26 5:16:29 AM GMT+2","6","6","7","6","6","8","7","5","7","5","10","9","10","9","4","Yes"
"2020/06/26 5:16:57 AM GMT+2","6","6","7","7","8","9","8","7","8","7","10","9","8","10","8","Yes"
"2020/06/26 5:22:03 AM GMT+2","6","6","7","7","8","9","7","7","7","7","10","8","9","10","4","Yes"
"2020/06/26 5:24:19 AM GMT+2","6","6","7","7","8","10","8","5","8","6","10","10","10","8","3","Yes"
"2020/06/26 5:26:34 AM GMT+2","6","7","7","7","8","8","8","8","8","7","9","8","9","8","3","Yes"
"2020/06/26 5:33:39 AM GMT+2","6","5","6","6","6","7","6","6","3","5","9","6","8","6","4","Yes"
"2020/06/26 5:35:33 AM GMT+2","7","7","8","8","9","10","9","8","10","7","10","10","10","10","5","Yes"
"2020/06/26 5:36:44 AM GMT+2","6","7","8","9","8","9","8","8","7","6","10","8","10","10","3","Yes"
"2020/06/26 5:39:34 AM GMT+2","7","6","7","7","7","9","8","7","8","6","10","8","9","10","4","Yes"
"2020/06/26 5:39:40 AM GMT+2","7","7","9","7","9","10","8","8","8","7","10","10","10","10","3","Yes"
"2020/06/26 5:43:17 AM GMT+2","6","6","6","6","8","7","8","7","7","6","9","9","9","9","1","Yes"
"2020/06/26 5:46:07 AM GMT+2","7","6","8","7","9","8","8","8","8","7","10","8","8","8","3","Yes"
"2020/06/26 5:58:16 AM GMT+2","8","8","9","9","8","9","9","8","8","8","10","9","8","10","6","No"
"2020/06/26 6:07:07 AM GMT+2","7","7","7","8","7","9","8","6","8","7","10","10","10","10","5","Yes"
"2020/06/26 6:09:38 AM GMT+2","8","8","8","8","8","10","8","9","8","8","10","9","8","9","5","Yes"
"2020/06/26 6:19:07 AM GMT+2","6","6","7","7","7","7","8","7","8","8","10","9","10","10","6","Yes"
"2020/06/26 6:21:45 AM GMT+2","8","8","8","9","9","9","9","8","8","7","10","9","9","9","4","Yes"
"2020/06/26 6:28:36 AM GMT+2","7","7","7","8","9","8","9","8","8","7","10","10","10","10","4","Yes"
"2020/06/26 6:45:25 AM GMT+2","7","6","6","7","8","9","8","7","8","6","10","8","9","9","3","Yes"
"2020/06/26 6:47:19 AM GMT+2","7","8","8","8","8","10","9","7","8","8","10","9","10","9","4","Yes"
"2020/06/26 6:50:39 AM GMT+2","5","7","7","7","8","9","8","8","9","7","10","9","8","9","2",""
"2020/06/26 7:03:32 AM GMT+2","6","7","8","8","9","10","9","7","8","5","10","9","9","10","2","Yes"
"2020/06/26 7:08:21 AM GMT+2","5","8","7","6","8","9","7","8","7","6","10","9","10","9","6","Yes"
"2020/06/26 7:37:26 AM GMT+2","7","7","7","6","9","9","8","8","9","8","10","10","10","10","2","Yes"
"2020/06/26 7:40:00 AM GMT+2","6","7","7","6","8","9","8","7","8","7","10","9","8","8","5","Yes"
"2020/06/26 7:40:36 AM GMT+2","6","8","7","7","8","8","8","7","7","6","10","8","7","8","5","Yes"
"2020/06/26 7:55:51 AM GMT+2","6","6","7","7","8","9","8","7","8","7","10","8","9","8","5","Yes"
"2020/06/26 8:03:16 AM GMT+2","6","7","7","6","6","9","9","7","5","7","10","8","8","8","2","Yes"
"2020/06/26 8:06:30 AM GMT+2","7","6","7","7","7","10","8","7","8","6","10","8","10","10","1","Yes"
"2020/06/26 8:11:19 AM GMT+2","6","7","7","7","8","9","8","7","7","6","10","9","8","8","6","Yes"
"2020/06/26 8:23:32 AM GMT+2","5","6","6","6","8","9","8","8","7","8","10","10","10","10","2","Yes"
"2020/06/26 8:24:23 AM GMT+2","6","6","8","7","8","10","9","9","8","8","10","10","10","10","2","Yes"
"2020/06/26 8:37:59 AM GMT+2","6","7","7","7","8","9","8","7","7","7","10","9","9","9","2","Yes"
"2020/06/26 8:45:17 AM GMT+2","6","6","6","6","8","8","8","7","8","7","9","8","9","9","6","Yes"
"2020/06/26 8:50:32 AM GMT+2","6","6","8","7","8","10","8","6","7","7","10","9","10","10","5","Yes"
"2020/06/26 8:57:18 AM GMT+2","6","6","7","6","7","8","7","7","6","6","10","8","9","8","5","Yes"
"2020/06/26 9:06:02 AM GMT+2","7","5","7","7","7","9","8","7","8","8","10","9","9","10","3",""
"2020/06/26 9:19:41 AM GMT+2","6","7","7","7","8","9","9","8","8","7","10","10","10","9","5","Yes"
"2020/06/26 9:26:06 AM GMT+2","6","6","7","7","7","8","8","7","9","6","8","8","8","8","5","No"
"2020/06/26 9:29:04 AM GMT+2","6","8","7","6","8","9","8","8","8","6","10","9","10","8","4","Yes"
"2020/06/26 9:40:45 AM GMT+2","7","7","8","7","8","9","9","6","9","8","10","9","9","10","7","Yes"
"2020/06/26 9:41:46 AM GMT+2","8","8","8","7","9","10","8","7","8","6","10","9","9","9","6","Yes"
"2020/06/26 9:53:19 AM GMT+2","6","6","8","7","8","9","8","7","8","7","10","10","10","10","10","Yes"
"2020/06/26 10:12:10 AM GMT+2","6","9","8","8","9","10","9","7","9","7","10","10","10","10","6","Yes"
"2020/06/26 10:19:22 AM GMT+2","6","6","8","8","9","9","8","7","7","7","10","9","9","10","6","Yes"
"2020/06/26 10:20:47 AM GMT+2","7","7","8","7","8","10","9","8","9","8","10","9","9","9","5","Yes"
"2020/06/26 10:29:39 AM GMT+2","5","7","7","6","8","9","8","7","7","6","10","9","9","9","1","Yes"
"2020/06/26 10:34:28 AM GMT+2","7","8","9","9","9","10","9","8","9","8","10","9","9","9","3","Yes"
"2020/06/26 10:34:39 AM GMT+2","6","6","7","6","8","10","8","8","9","7","9","8","7","9","5","Yes"
"2020/06/26 10:42:41 AM GMT+2","7","6","8","7","9","9","8","8","8","6","10","10","10","9","2","Yes"
"2020/06/26 10:43:30 AM GMT+2","6","7","7","7","8","9","8","8","7","7","10","9","9","9","3","Yes"
"2020/06/26 10:44:29 AM GMT+2","8","7","9","8","9","9","9","8","9","9","10","10","10","10","4","Yes"
"2020/06/26 11:23:32 AM GMT+2","7","7","7","7","7","8","8","8","8","7","9","9","10","8","5","Yes"
"2020/06/26 11:24:20 AM GMT+2","6","7","8","8","8","9","8","8","9","7","10","10","10","10","3","Yes"
"2020/06/26 11:25:56 AM GMT+2","7","6","7","7","8","10","8","8","8","7","10","9","10","10","2","Yes"
"2020/06/26 11:28:41 AM GMT+2","7","7","8","8","8","9","8","6","8","7","10","8","9","9","4","Yes"
"2020/06/26 11:30:07 AM GMT+2","6","7","8","8","9","10","9","6","9","7","10","9","10","10","4","Yes"
"2020/06/26 11:41:02 AM GMT+2","6","8","7","7","8","9","8","8","8","7","10","10","10","10","4","Yes"
"2020/06/26 11:46:14 AM GMT+2","7","5","8","8","8","9","9","7","9","7","10","9","10","10","3","Yes"
"2020/06/26 11:55:31 AM GMT+2","8","8","7","7","7","8","8","8","9","7","10","8","8","7","3","No"
"2020/06/26 12:09:17 PM GMT+2","7","7","7","7","8","9","8","8","8","8","10","9","9","8","3","Yes"
"2020/06/26 12:11:36 PM GMT+2","6","7","7","7","8","10","8","8","8","7","10","10","10","10","3","Yes"
"2020/06/26 12:37:07 PM GMT+2","7","7","8","7","9","9","8","7","9","7","10","9","9","9","2","Yes"
"2020/06/26 12:37:36 PM GMT+2","10","10","10","10","10","10","10","8","10","10","10","10","10","10","8","Yes"
"2020/06/26 12:38:29 PM GMT+2","6","7","6","6","8","9","8","8","8","7","10","10","10","10","5","Yes"
"2020/06/26 12:47:59 PM GMT+2","7","7","7","9","8","10","9","7","9","7","10","9","10","10","5","Yes"
"2020/06/26 12:59:22 PM GMT+2","6","7","7","7","8","8","9","6","8","6","9","8","8","9","3","Yes"
"2020/06/26 1:08:45 PM GMT+2","6","8","7","7","9","10","8","8","8","7","10","9","9","9","5","Yes"
"2020/06/26 1:13:26 PM GMT+2","8","8","8","8","9","9","8","7","9","8","9","9","10","10","3","Yes"
"2020/06/26 1:18:54 PM GMT+2","7","8","7","7","8","10","9","7","8","6","10","9","8","10","4","Yes"
"2020/06/26 1:29:49 PM GMT+2","6","8","8","8","8","9","8","8","8","7","10","10","9","10","1","Yes"
"2020/06/26 1:41:10 PM GMT+2","7","6","6","7","8","9","8","8","7","7","10","9","9","10","3","Yes"
"2020/06/26 1:49:26 PM GMT+2","6","6","6","6","8","9","7","6","7","7","10","8","8","9","5","Yes"
"2020/06/26 1:53:07 PM GMT+2","6","7","7","8","8","10","9","8","9","8","10","8","10","9","3","Yes"
"2020/06/26 2:31:31 PM GMT+2","6","8","7","7","8","8","9","8","7","7","10","10","10","9","2","Yes"
"2020/06/26 3:09:20 PM GMT+2","6","7","7","7","7","9","8","8","8","8","10","10","10","10","2","Yes"
"2020/06/26 3:25:30 PM GMT+2","6","7","7","7","7","10","8","7","8","6","10","7","9","7","4","Yes"
"2020/06/26 4:45:16 PM GMT+2","6","6","7","6","7","8","9","7","8","7","9","8","8","8","6","Yes"
"2020/06/26 5:06:12 PM GMT+2","6","6","7","7","8","8","8","7","7","7","9","8","9","8","6","Yes"
"2020/06/26 5:59:11 PM GMT+2","5","6","7","6","7","8","8","7","6","6","10","9","10","8","5","Yes"
"2020/06/26 6:35:56 PM GMT+2","6","7","6","7","8","9","8","8","8","7","10","10","10","10","4","Yes"