"Timestamp","David De Gea","Ashley Young","Harry Maguire","Victor Lindelof","Aaron Wan-Bissaka","Scott McTominay","Nemanja Matic","Andreas Pereira","Juan Mata","Daniel James","Marcus Rashford","Jesse Lingard(optional)","Fred(optional)","Rate our performance","Rate final result","Rate Ole (only this match)","Rate West Ham (only this match)","Were you happy with the referee? (optional)"
"2019/09/23 1:26:58 PM GMT+1","6","6","6","5","6","7","6","3","4","5","2","4","6","2","2","3","5","Yes"
"2019/09/23 1:27:44 PM GMT+1","7","6","7","5","6","8","4","5","2","5","4","5","6","3","3","5","9","Yes"
"2019/09/23 1:28:02 PM GMT+1","6","6","6","5","6","6","4","4","4","7","2","5","4","4","4","5","5","Yes"
"2019/09/23 1:29:01 PM GMT+1","5","6","6","4","7","7","6","6","4","8","5","3","4","2","1","3","6","Yes"
"2019/09/23 1:29:22 PM GMT+1","6","4","5","3","7","8","2","3","3","7","5","3","2","2","1","6","8","Yes"
"2019/09/23 1:30:48 PM GMT+1","6","4","4","7","7","6","5","3","3","6","3","5","6","1","1","6","6","Yes"
"2019/09/23 1:30:55 PM GMT+1","3","3","4","6","7","5","2","3","3","7","3","2","6","2","1","4","3","Yes"
"2019/09/23 1:31:14 PM GMT+1","5","6","5","5","7","3","6","2","2","2","2","2","3","3","1","1","6","Yes"
"2019/09/23 1:31:30 PM GMT+1","6","4","5","5","5","5","2","2","2","5","3","5","5","2","1","1","5","Yes"
"2019/09/23 1:32:41 PM GMT+1","8","6","7","7","6","6","4","5","6","6","4","6","6","4","1","3","7","No"
"2019/09/23 1:33:36 PM GMT+1","6","5","6","6","7","6","5","4","4","6","5","","","1","1","5","5",""
"2019/09/23 1:33:43 PM GMT+1","5","3","6","3","5","3","1","2","1","5","1","1","4","1","1","1","6","No"
"2019/09/23 1:33:47 PM GMT+1","5","4","4","4","5","5","3","3","3","5","3","","","2","2","2","7","Yes"
"2019/09/23 1:33:56 PM GMT+1","5","4","4","3","4","5","4","5","5","5","3","4","4","3","2","3","7","Yes"
"2019/09/23 1:34:30 PM GMT+1","5","3","5","5","8","5","4","5","1","7","3","2","7","1","1","1","6","Yes"
"2019/09/23 1:35:48 PM GMT+1","6","3","6","6","6","4","3","3","2","5","3","2","5","1","1","5","6","Yes"
"2019/09/23 1:36:01 PM GMT+1","6","6","6","5","7","5","5","4","3","6","5","6","6","3","2","3","5","Yes"
"2019/09/23 1:36:54 PM GMT+1","8","8","8","8","8","7","8","6","6","5","5","5","4","3","3","6","8","Yes"
"2019/09/23 1:37:23 PM GMT+1","5","5","5","4","6","5","5","3","3","6","4","5","4","3","2","3","5","Yes"
"2019/09/23 1:37:43 PM GMT+1","7","5","6","6","7","7","6","5","5","6","3","","","2","1","4","8",""
"2019/09/23 1:37:48 PM GMT+1","4","4","5","5","6","5","5","5","4","6","4","4","6","3","1","3","6","No"
"2019/09/23 1:38:53 PM GMT+1","6","5","5","4","6","7","2","5","2","5","2","","","1","1","1","5","Yes"
"2019/09/23 1:39:08 PM GMT+1","7","3","6","5","7","8","4","4","1","4","4","4","6","3","1","8","5","Yes"
"2019/09/23 1:39:18 PM GMT+1","5","4","4","4","7","4","2","3","4","4","4","4","5","1","1","4","8","Yes"
"2019/09/23 1:39:38 PM GMT+1","5","6","4","4","6","4","3","4","4","6","3","","","3","1","3","6","Yes"
"2019/09/23 1:39:48 PM GMT+1","4","4","4","4","6","6","4","2","1","6","4","4","6","1","1","2","6","Yes"
"2019/09/23 1:40:27 PM GMT+1","7","5","3","2","8","5","4","3","2","6","4","3","3","2","2","5","8","Yes"
"2019/09/23 1:40:32 PM GMT+1","7","6","6","5","7","6","4","4","4","5","4","","","3","1","4","5","Yes"
"2019/09/23 1:41:25 PM GMT+1","6","6","5","5","7","2","3","2","2","6","4","5","5","2","1","4","7","No"
"2019/09/23 1:41:35 PM GMT+1","6","5","6","6","8","6","5","5","5","6","5","","","5","3","6","8","Yes"
"2019/09/23 1:41:50 PM GMT+1","6","5","5","4","7","4","6","3","3","6","3","3","5","4","2","4","6","Yes"
"2019/09/23 1:41:51 PM GMT+1","6","5","6","6","7","5","4","5","4","6","4","5","6","4","6","5","7","Yes"
"2019/09/23 1:41:55 PM GMT+1","6","4","4","3","4","4","4","3","2","4","3","3","5","4","3","3","6","Yes"
"2019/09/23 1:41:57 PM GMT+1","6","5","7","6","8","7","6","5","6","6","5","","","5","3","4","6","Yes"
"2019/09/23 1:42:05 PM GMT+1","3","5","5","3","6","3","2","2","2","6","5","3","3","3","1","4","7","Yes"
"2019/09/23 1:42:47 PM GMT+1","6","6","6","5","7","6","5","5","4","6","3","","","4","1","4","6","Yes"
"2019/09/23 1:43:01 PM GMT+1","6","6","5","5","6","6","2","1","2","4","3","","","4","2","6","7","Yes"
"2019/09/23 1:43:29 PM GMT+1","6","5","5","4","7","6","4","3","3","5","3","3","6","3","5","4","7","Yes"
"2019/09/23 1:43:42 PM GMT+1","6","4","5","6","6","6","3","3","3","5","5","5","7","3","2","5","4","Yes"
"2019/09/23 1:44:52 PM GMT+1","6","6","5","6","7","5","4","5","4","7","5","5","6","3","1","4","5","Yes"
"2019/09/23 1:46:30 PM GMT+1","6","6","5","5","7","4","6","6","4","6","4","4","5","4","3","3","7","Yes"
"2019/09/23 1:46:34 PM GMT+1","3","5","3","2","5","4","4","3","2","4","3","4","3","2","2","1","6","Yes"
"2019/09/23 1:46:42 PM GMT+1","4","5","5","5","6","4","3","2","2","4","2","3","3","2","1","2","8","Yes"
"2019/09/23 1:47:20 PM GMT+1","6","5","7","7","8","6","4","4","4","7","4","5","8","3","2","3","6","Yes"
"2019/09/23 1:47:32 PM GMT+1","7","7","5","5","7","5","4","4","6","6","5","","","4","1","5","6","No"
"2019/09/23 1:48:13 PM GMT+1","8","7","8","8","7","8","7","6","5","9","5","","7","6","1","8","5","Yes"
"2019/09/23 1:48:20 PM GMT+1","6","6","5","5","6","7","4","4","4","5","4","","5","3","1","4","5","Yes"
"2019/09/23 1:48:40 PM GMT+1","5","4","6","6","6","6","3","4","4","6","4","3","","3","2","5","7","Yes"
"2019/09/23 1:48:44 PM GMT+1","6","5","5","5","5","5","5","3","3","5","3","4","3","3","1","4","6","Yes"
"2019/09/23 1:49:12 PM GMT+1","5","5","5","5","5","4","4","4","4","5","3","5","6","4","4","2","7","Yes"
"2019/09/23 1:49:35 PM GMT+1","4","3","5","5","7","6","2","5","3","5","4","","6","3","3","4","5","Yes"
"2019/09/23 1:49:58 PM GMT+1","8","7","6","6","7","8","8","5","2","6","3","6","8","3","1","8","6","No"
"2019/09/23 1:50:19 PM GMT+1","3","4","3","3","6","5","3","3","3","4","2","","","2","1","2","8","No"
"2019/09/23 1:50:22 PM GMT+1","5","4","5","4","7","6","4","4","3","6","4","4","6","2","2","1","5","Yes"
"2019/09/23 1:50:59 PM GMT+1","6","6","6","6","7","7","5","4","3","7","5","5","6","3","1","2","6","Yes"
"2019/09/23 1:51:09 PM GMT+1","8","6","6","5","8","7","4","4","5","9","4","3","5","4","2","3","7","Yes"
"2019/09/23 1:52:38 PM GMT+1","6","5","5","5","5","5","4","3","4","5","4","5","5","2","1","4","7","Yes"
"2019/09/23 1:53:01 PM GMT+1","7","7","6","5","8","5","4","4","4","6","4","4","4","3","1","5","7","Yes"
"2019/09/23 1:53:06 PM GMT+1","5","5","5","5","6","6","4","4","4","5","4","","","4","1","5","5","No"
"2019/09/23 1:53:09 PM GMT+1","6","5","5","5","6","7","4","4","3","4","3","4","4","3","3","3","7","Yes"
"2019/09/23 1:53:39 PM GMT+1","5","4","5","5","6","5","5","4","4","6","3","4","5","1","1","5","7","Yes"
"2019/09/23 1:54:22 PM GMT+1","5","4","6","5","5","5","3","3","3","4","2","3","4","4","3","3","6","Yes"
"2019/09/23 1:54:57 PM GMT+1","3","2","4","3","6","4","3","2","1","3","2","1","1","1","1","1","1","No"
"2019/09/23 1:56:03 PM GMT+1","5","4","4","4","4","6","3","3","3","6","3","3","6","1","1","2","8","Yes"
"2019/09/23 1:56:29 PM GMT+1","6","6","6","4","6","5","3","3","3","3","3","4","4","4","3","2","7","Yes"
"2019/09/23 1:56:42 PM GMT+1","6","6","6","5","5","4","3","2","2","4","2","","6","2","3","2","8","Yes"
"2019/09/23 1:57:21 PM GMT+1","7","6","6","6","6","7","6","5","5","6","6","5","6","5","2","5","6","Yes"
"2019/09/23 1:57:30 PM GMT+1","5","5","4","5","9","4","6","3","1","3","1","3","7","2","1","1","9","Yes"
"2019/09/23 1:58:11 PM GMT+1","7","4","5","5","8","6","3","5","3","6","4","5","6","2","2","2","7","Yes"
"2019/09/23 1:58:27 PM GMT+1","6","6","7","6","7","7","6","5","5","6","5","5","6","5","1","5","6","No"
"2019/09/23 1:58:29 PM GMT+1","4","6","5","5","7","6","5","4","4","5","5","4","5","3","1","2","5",""
"2019/09/23 1:58:51 PM GMT+1","5","3","5","4","4","3","2","2","2","3","2","2","2","1","1","2","6","Yes"
"2019/09/23 1:59:00 PM GMT+1","6","4","7","5","8","6","4","6","5","6","5","","","5","3","4","5","Yes"
"2019/09/23 1:59:03 PM GMT+1","3","4","4","3","4","2","3","2","1","4","1","3","3","1","1","1","8","Yes"
"2019/09/23 1:59:26 PM GMT+1","3","3","5","3","7","5","2","2","2","6","2","2","5","3","1","5","7","Yes"
"2019/09/23 2:00:56 PM GMT+1","5","4","5","4","5","4","3","1","1","5","1","1","3","1","1","1","6","Yes"
"2019/09/23 2:01:02 PM GMT+1","5","5","4","3","6","6","4","2","1","6","2","1","6","1","1","1","8","Yes"
"2019/09/23 2:01:16 PM GMT+1","5","5","5","4","6","5","5","4","3","7","5","5","5","1","1","4","8","Yes"
"2019/09/23 2:01:43 PM GMT+1","7","7","7","7","8","9","7","5","4","6","2","4","8","1","1","3","8","Yes"
"2019/09/23 2:02:54 PM GMT+1","6","7","6","4","7","6","7","3","3","5","3","4","","2","1","1","5","Yes"
"2019/09/23 2:02:59 PM GMT+1","4","7","6","5","6","6","6","5","2","4","4","4","3","1","1","3","3","Yes"
"2019/09/23 2:03:22 PM GMT+1","4","4","4","4","6","5","2","2","2","7","2","4","4","2","1","2","3","Yes"
"2019/09/23 2:03:29 PM GMT+1","7","7","8","6","7","6","5","6","6","8","4","","7","4","3","5","6","Yes"
"2019/09/23 2:03:32 PM GMT+1","5","5","5","5","6","5","4","6","4","5","3","4","4","4","3","5","6","No"
"2019/09/23 2:03:51 PM GMT+1","5","6","6","6","7","6","3","6","6","6","4","6","7","4","1","5","5","Yes"
"2019/09/23 2:04:07 PM GMT+1","6","5","5","5","6","4","5","2","2","5","2","1","5","3","1","3","5","Yes"
"2019/09/23 2:04:10 PM GMT+1","4","4","4","3","7","4","3","1","1","6","3","","","2","2","2","7","Yes"
"2019/09/23 2:04:16 PM GMT+1","6","5","5","5","6","4","4","3","2","4","1","1","","3","1","1","6","Yes"
"2019/09/23 2:04:34 PM GMT+1","6","4","7","5","7","6","4","5","3","5","3","3","5","3","1","4","6","Yes"
"2019/09/23 2:04:39 PM GMT+1","5","6","6","5","7","6","6","5","3","5","4","3","5","2","1","4","8","Yes"
"2019/09/23 2:04:45 PM GMT+1","4","5","6","4","6","5","6","4","5","7","3","","","4","4","7","7",""
"2019/09/23 2:05:43 PM GMT+1","5","5","4","3","6","5","5","4","4","6","4","","","3","1","3","5","Yes"
"2019/09/23 2:06:08 PM GMT+1","6","7","6","6","6","6","4","3","5","4","5","7","6","2","1","4","7","Yes"
"2019/09/23 2:06:43 PM GMT+1","6","5","7","7","9","4","5","2","2","7","6","1","1","3","1","5","8","No"
"2019/09/23 2:06:52 PM GMT+1","7","6","6","6","6","6","5","5","5","7","5","5","5","3","1","5","7","Yes"
"2019/09/23 2:08:04 PM GMT+1","4","4","6","5","6","5","6","4","6","5","4","4","6","4","1","2","6","Yes"
"2019/09/23 2:08:09 PM GMT+1","6","6","5","5","6","5","5","4","3","4","1","1","5","1","1","1","6","Yes"
"2019/09/23 2:08:12 PM GMT+1","4","4","6","5","6","5","6","4","6","5","4","4","6","4","1","2","6","Yes"
"2019/09/23 2:08:51 PM GMT+1","6","4","5","6","8","7","5","5","5","7","5","6","6","4","2","3","5","Yes"
"2019/09/23 2:09:19 PM GMT+1","6","6","6","6","7","6","4","4","4","5","4","5","6","3","2","1","6","Yes"
"2019/09/23 2:10:43 PM GMT+1","6","4","4","5","5","5","4","4","2","5","4","5","4","3","2","5","6","Yes"
"2019/09/23 2:11:03 PM GMT+1","8","5","7","5","7","5","7","2","1","6","2","3","6","1","1","3","5","No"
"2019/09/23 2:11:20 PM GMT+1","6","5","6","5","6","6","4","5","5","6","6","5","5","5","4","5","6","Yes"
"2019/09/23 2:11:25 PM GMT+1","5","4","5","3","6","5","3","3","3","6","1","2","4","2","2","1","5","Yes"
"2019/09/23 2:12:16 PM GMT+1","6","6","5","5","7","6","5","3","4","7","4","3","4","1","1","4","8","Yes"
"2019/09/23 2:13:00 PM GMT+1","6","6","6","3","4","3","5","4","4","3","1","3","2","3","1","4","6","Yes"
"2019/09/23 2:13:16 PM GMT+1","3","2","1","1","3","1","1","1","1","5","1","1","2","1","1","1","9","Yes"
"2019/09/23 2:13:30 PM GMT+1","6","4","4","5","5","4","3","3","3","2","1","3","","2","1","2","5","Yes"
"2019/09/23 2:13:31 PM GMT+1","5","7","4","4","5","4","3","3","3","6","6","3","4","4","4","5","6","Yes"
"2019/09/23 2:13:38 PM GMT+1","5","5","4","4","5","6","3","3","3","5","3","","","1","1","1","7","No"
"2019/09/23 2:14:19 PM GMT+1","5","3","4","3","5","4","2","3","2","6","3","5","5","1","1","2","4","Yes"
"2019/09/23 2:14:21 PM GMT+1","5","4","5","6","7","5","6","6","2","5","4","6","6","4","3","2","7","Yes"
"2019/09/23 2:14:35 PM GMT+1","7","7","6","6","7","8","5","2","2","4","2","4","4","3","10","1","6","No"
"2019/09/23 2:14:49 PM GMT+1","6","7","6","6","7","6","6","5","5","6","5","","5","5","4","5","7","Yes"
"2019/09/23 2:15:15 PM GMT+1","5","4","5","5","6","6","4","5","4","6","5","5","5","4","1","5","6","Yes"
"2019/09/23 2:16:04 PM GMT+1","6","6","6","5","7","5","5","4","3","5","3","","","2","2","3","7",""
"2019/09/23 2:17:17 PM GMT+1","6","6","5","5","7","6","6","6","4","5","4","","","5","2","4","5","Yes"
"2019/09/23 2:18:13 PM GMT+1","5","6","6","5","7","5","5","5","5","6","3","","","3","4","4","6","Yes"
"2019/09/23 2:18:50 PM GMT+1","4","3","5","3","7","4","2","1","1","6","4","4","4","3","6","4","7","Yes"
"2019/09/23 2:18:53 PM GMT+1","6","4","5","5","7","6","3","4","4","6","4","3","5","2","2","4","5","Yes"
"2019/09/23 2:19:31 PM GMT+1","6","7","7","6","8","7","6","3","1","6","2","6","6","3","2","4","6","Yes"
"2019/09/23 2:19:35 PM GMT+1","6","3","4","4","5","4","3","4","3","5","4","5","5","3","3","3","8","Yes"
"2019/09/23 2:19:40 PM GMT+1","5","6","6","6","7","6","4","5","4","4","5","","","5","3","4","6","Yes"
"2019/09/23 2:20:19 PM GMT+1","5","5","4","5","7","6","5","4","4","5","3","4","5","2","1","3","7","Yes"
"2019/09/23 2:20:30 PM GMT+1","6","5","6","4","7","5","4","5","4","5","5","5","5","4","1","5","7","Yes"
"2019/09/23 2:20:52 PM GMT+1","6","7","6","7","8","5","6","4","4","7","5","","","4","4","5","7","Yes"
"2019/09/23 2:21:16 PM GMT+1","7","5","6","4","8","4","4","4","4","6","5","5","7","4","3","5","7","Yes"
"2019/09/23 2:21:26 PM GMT+1","5","6","5","4","5","7","2","1","3","4","1","2","3","1","1","1","5","Yes"
"2019/09/23 2:21:27 PM GMT+1","6","5","3","4","6","5","3","4","3","5","4","2","5","4","2","3","8","Yes"
"2019/09/23 2:22:29 PM GMT+1","6","5","3","2","6","4","2","3","2","6","3","4","4","3","5","2","5","Yes"
"2019/09/23 2:22:49 PM GMT+1","8","7","6","6","7","7","5","6","4","8","5","7","6","4","5","5","6","Yes"
"2019/09/23 2:22:58 PM GMT+1","7","5","6","6","7","6","6","6","4","6","4","","","4","1","3","5","Yes"
"2019/09/23 2:24:03 PM GMT+1","5","4","4","4","7","3","2","2","3","4","3","2","6","4","1","3","5","Yes"
"2019/09/23 2:24:35 PM GMT+1","4","2","5","4","8","4","3","5","5","7","4","3","6","4","1","4","10","Yes"
"2019/09/23 2:24:36 PM GMT+1","1","1","1","1","1","1","1","1","1","1","1","1","1","1","1","1","8",""
"2019/09/23 2:25:35 PM GMT+1","7","4","6","6","7","6","3","4","4","6","5","","","4","2","5","6",""
"2019/09/23 2:26:29 PM GMT+1","6","5","5","5","6","7","6","5","4","7","5","3","","4","3","5","5","Yes"
"2019/09/23 2:26:36 PM GMT+1","6","5","4","4","5","5","3","4","3","6","2","3","4","1","1","2","4","Yes"
"2019/09/23 2:27:56 PM GMT+1","6","6","6","6","6","5","6","6","4","7","6","","","4","5","5","7","Yes"
"2019/09/23 2:28:26 PM GMT+1","6","4","5","5","9","6","4","4","3","6","4","5","6","3","3","4","4","Yes"
"2019/09/23 2:28:51 PM GMT+1","5","4","4","4","6","5","3","2","2","3","3","4","3","1","1","5","5","Yes"
"2019/09/23 2:29:00 PM GMT+1","6","4","4","6","6","6","4","5","5","6","6","6","6","3","1","3","6","Yes"
"2019/09/23 2:29:02 PM GMT+1","5","5","4","5","4","7","6","5","3","5","4","7","5","4","3","4","5","Yes"
"2019/09/23 2:30:24 PM GMT+1","5","5","5","5","8","5","1","3","1","6","1","3","5","3","3","5","7","No"
"2019/09/23 2:30:42 PM GMT+1","6","7","7","6","8","7","5","4","6","8","5","5","6","5","4","4","7","Yes"
"2019/09/23 2:31:01 PM GMT+1","4","1","5","5","6","1","1","1","1","7","1","","","1","1","1","4","Yes"
"2019/09/23 2:31:46 PM GMT+1","3","3","5","4","6","5","6","5","3","5","4","5","3","3","1","3","6",""
"2019/09/23 2:33:03 PM GMT+1","5","5","4","4","5","3","4","4","2","4","4","4","5","2","1","4","6","Yes"
"2019/09/23 2:34:22 PM GMT+1","5","5","4","5","7","6","5","5","5","6","3","4","5","1","1","3","6","Yes"
"2019/09/23 2:34:24 PM GMT+1","1","9","1","1","1","1","9","9","9","1","10","10","1","10","10","10","1","Yes"
"2019/09/23 2:34:53 PM GMT+1","5","6","6","6","7","7","6","5","5","7","5","5","7","5","3","4","7","No"
"2019/09/23 2:35:48 PM GMT+1","6","5","4","4","5","5","2","2","3","4","3","4","4","3","1","3","5","Yes"
"2019/09/23 2:36:41 PM GMT+1","7","6","6","7","8","6","5","5","5","7","6","5","8","6","8","3","6","Yes"
"2019/09/23 2:36:48 PM GMT+1","1","1","1","1","1","1","1","1","1","1","1","1","1","1","1","1","10","Yes"
"2019/09/23 2:36:52 PM GMT+1","6","4","7","6","7","6","5","4","3","6","4","4","6","4","1","5","8","Yes"
"2019/09/23 2:37:02 PM GMT+1","7","4","7","6","9","8","3","3","3","6","3","5","5","3","4","5","7","Yes"
"2019/09/23 2:37:45 PM GMT+1","6","6","4","4","8","6","4","3","4","5","2","3","4","3","1","4","7","Yes"
"2019/09/23 2:38:26 PM GMT+1","6","6","6","5","8","5","4","5","3","6","3","5","5","2","1","5","6","No"
"2019/09/23 2:39:44 PM GMT+1","5","4","4","3","4","5","4","5","5","5","3","4","4","3","2","3","7","Yes"
"2019/09/23 2:40:38 PM GMT+1","5","4","5","5","7","2","1","1","2","3","1","3","5","3","2","2","8","Yes"
"2019/09/23 2:40:39 PM GMT+1","6","7","7","6","6","6","3","4","4","6","4","6","6","4","4","3","8","Yes"
"2019/09/23 2:41:30 PM GMT+1","5","5","5","5","6","5","3","5","1","5","4","4","6","2","5","1","5","Yes"
"2019/09/23 2:42:29 PM GMT+1","6","6","5","5","8","5","5","5","5","5","4","4","5","3","1","4","6","Yes"
"2019/09/23 2:42:34 PM GMT+1","5","5","4","5","4","5","4","3","2","5","4","","","1","1","3","4",""
"2019/09/23 2:42:58 PM GMT+1","6","5","5","5","6","5","4","4","4","6","5","5","5","5","7","5","5","Yes"
"2019/09/23 2:43:14 PM GMT+1","6","6","5","4","4","5","4","4","4","5","3","3","3","3","5","4","5","Yes"
"2019/09/23 2:43:32 PM GMT+1","4","3","6","4","7","4","3","3","3","6","4","4","4","2","1","2","7","Yes"
"2019/09/23 2:43:36 PM GMT+1","6","4","3","3","6","5","5","3","2","5","3","5","6","1","1","2","7",""
"2019/09/23 2:43:42 PM GMT+1","4","3","6","4","7","4","3","3","3","6","4","4","4","2","1","2","7","Yes"
"2019/09/23 2:43:47 PM GMT+1","1","6","6","6","7","6","1","4","2","5","3","4","3","1","1","1","5","Yes"
"2019/09/23 2:44:16 PM GMT+1","6","6","4","2","8","5","4","1","1","5","3","5","7","1","1","1","4","Yes"
"2019/09/23 2:44:34 PM GMT+1","5","3","4","5","5","3","3","2","2","4","2","1","5","3","1","3","6","Yes"
"2019/09/23 2:44:53 PM GMT+1","6","4","5","5","8","4","4","5","3","6","4","3","6","3","3","2","7","Yes"
"2019/09/23 2:45:07 PM GMT+1","7","7","8","6","8","8","6","6","6","7","6","5","5","5","1","8","8","Yes"
"2019/09/23 2:47:16 PM GMT+1","6","5","6","6","8","6","4","4","3","7","5","","7","3","8","2","7","Yes"
"2019/09/23 2:47:28 PM GMT+1","6","7","7","6","6","6","5","4","4","6","4","5","6","3","1","4","6","Yes"
"2019/09/23 2:47:33 PM GMT+1","5","5","5","4","4","3","1","1","2","3","1","2","4","2","2","5","4","Yes"
"2019/09/23 2:48:12 PM GMT+1","6","6","7","7","9","8","3","2","1","5","2","1","","2","1","1","5",""
"2019/09/23 2:48:34 PM GMT+1","5","6","5","3","7","5","3","4","1","5","1","","","1","1","2","5","No"
"2019/09/23 2:48:46 PM GMT+1","5","6","6","4","7","7","1","1","1","6","4","1","1","1","1","1","7","Yes"
"2019/09/23 2:49:46 PM GMT+1","5","6","5","4","5","4","3","5","4","5","4","5","5","2","1","3","8",""
"2019/09/23 2:50:25 PM GMT+1","5","4","4","3","5","4","2","1","1","2","1","1","3","5","1","3","4","Yes"
"2019/09/23 2:50:34 PM GMT+1","7","2","6","6","6","7","3","1","1","6","1","1","7","2","1","1","7","Yes"
"2019/09/23 2:51:59 PM GMT+1","6","6","5","6","7","7","6","5","6","6","5","5","5","4","1","5","7","Yes"
"2019/09/23 2:54:01 PM GMT+1","6","6","6","5","6","3","2","3","1","5","1","1","5","3","1","3","5","Yes"
"2019/09/23 2:55:42 PM GMT+1","4","6","4","4","6","3","4","4","2","4","2","3","6","1","1","2","4","Yes"
"2019/09/23 2:55:54 PM GMT+1","5","4","4","4","6","3","2","4","4","5","3","","5","3","2","4","7","Yes"
"2019/09/23 2:56:39 PM GMT+1","6","7","6","6","7","7","5","5","5","7","5","","","3","3","5","9","Yes"
"2019/09/23 2:58:11 PM GMT+1","5","4","7","4","6","6","4","5","4","5","4","6","7","5","2","4","7",""
"2019/09/23 2:58:11 PM GMT+1","5","5","5","5","7","5","5","4","4","5","4","3","3","1","1","3","3","Yes"
"2019/09/23 2:58:18 PM GMT+1","6","5","6","4","6","6","4","5","5","6","3","","","4","2","3","6","Yes"
"2019/09/23 2:58:31 PM GMT+1","7","5","7","6","9","6","3","2","3","5","4","4","4","3","5","3","6","Yes"
"2019/09/23 2:58:54 PM GMT+1","7","5","5","4","7","6","5","4","4","6","6","5","","4","1","4","7","Yes"
"2019/09/23 3:00:00 PM GMT+1","5","6","6","5","6","6","4","4","4","6","5","","","5","4","6","8","Yes"
"2019/09/23 3:01:41 PM GMT+1","3","3","3","3","3","3","2","2","2","3","2","2","2","2","2","2","4","Yes"
"2019/09/23 3:03:21 PM GMT+1","5","5","5","5","6","6","4","3","4","4","4","4","6","3","2","4","7","Yes"
"2019/09/23 3:04:09 PM GMT+1","5","4","5","3","6","5","4","1","2","6","4","1","4","3","3","4","6","Yes"
"2019/09/23 3:05:03 PM GMT+1","8","6","7","6","7","7","6","6","4","7","5","5","7","3","1","5","6","Yes"
"2019/09/23 3:05:32 PM GMT+1","6","5","5","6","7","5","4","4","3","5","3","4","5","4","3","4","5","Yes"
"2019/09/23 3:06:20 PM GMT+1","6","5","5","5","6","6","6","6","4","6","4","5","6","3","1","4","4","Yes"
"2019/09/23 3:06:29 PM GMT+1","6","5","6","6","9","7","6","5","2","6","5","7","3","1","1","1","8","Yes"
"2019/09/23 3:07:02 PM GMT+1","5","4","6","4","7","7","6","6","3","6","2","3","3","2","1","5","6","Yes"
"2019/09/23 3:08:22 PM GMT+1","5","5","5","5","7","6","5","4","3","4","3","4","4","3","2","4","3","Yes"
"2019/09/23 3:09:19 PM GMT+1","7","7","7","6","8","7","5","6","5","6","3","1","6","2","8","7","7","Yes"
"2019/09/23 3:09:27 PM GMT+1","5","6","3","3","7","6","2","3","2","6","4","5","6","1","1","1","5","No"
"2019/09/23 3:09:40 PM GMT+1","6","8","3","4","5","7","4","5","4","4","2","","","4","2","5","5","Yes"
"2019/09/23 3:09:49 PM GMT+1","1","10","1","1","1","1","10","1","10","1","1","10","10","10","10","10","1","Yes"
"2019/09/23 3:09:50 PM GMT+1","6","5","7","5","7","2","2","2","2","4","1","","7","1","1","2","6","Yes"
"2019/09/23 3:09:56 PM GMT+1","7","5","6","6","7","5","5","4","4","6","4","4","6","5","3","3","7","Yes"
"2019/09/23 3:10:29 PM GMT+1","5","4","5","5","6","6","6","5","4","6","4","","","4","4","4","6",""
"2019/09/23 3:11:41 PM GMT+1","5","6","6","6","7","4","3","4","3","5","4","6","6","4","2","3","6","Yes"
"2019/09/23 3:11:45 PM GMT+1","7","6","6","5","7","7","6","6","7","5","2","","","5","3","7","9","Yes"
"2019/09/23 3:12:01 PM GMT+1","7","7","6","5","8","6","6","5","7","7","6","","","6","2","6","7","Yes"
"2019/09/23 3:12:16 PM GMT+1","5","3","4","4","6","5","2","3","2","7","5","2","4","2","1","5","7","Yes"
"2019/09/23 3:12:51 PM GMT+1","5","4","5","5","6","5","4","4","3","6","3","4","3","4","3","5","6","Yes"
"2019/09/23 3:13:23 PM GMT+1","6","7","6","6","6","6","5","5","4","6","4","2","6","5","4","4","6","Yes"
"2019/09/23 3:14:15 PM GMT+1","5","3","4","4","6","4","4","4","2","4","2","2","4","2","1","2","5","Yes"
"2019/09/23 3:14:38 PM GMT+1","5","6","5","5","6","7","6","4","3","6","3","3","5","3","1","3","7","Yes"
"2019/09/23 3:14:44 PM GMT+1","5","5","4","4","6","5","4","5","3","5","3","4","5","2","1","3","6","Yes"
"2019/09/23 3:15:09 PM GMT+1","4","4","3","5","6","4","5","4","2","6","4","1","6","1","1","6","1","Yes"
"2019/09/23 3:15:45 PM GMT+1","6","5","4","4","6","6","4","4","3","6","3","4","4","3","3","5","6","Yes"
"2019/09/23 3:18:16 PM GMT+1","4","4","4","3","5","4","4","4","4","5","4","4","5","3","1","4","6","Yes"
"2019/09/23 3:18:23 PM GMT+1","5","6","5","4","4","3","2","2","2","4","3","2","7","3","1","2","7","Yes"
"2019/09/23 3:18:44 PM GMT+1","6","5","6","4","3","6","3","2","2","4","3","3","5","3","2","4","7","Yes"
"2019/09/23 3:19:49 PM GMT+1","7","7","7","6","7","7","7","4","3","5","4","1","5","5","10","5","7","Yes"
"2019/09/23 3:20:15 PM GMT+1","4","4","2","4","6","4","5","4","5","4","3","4","6","4","4","3","6","Yes"
"2019/09/23 3:20:20 PM GMT+1","6","5","5","4","6","3","4","3","3","4","3","4","5","4","5","5","6","Yes"
"2019/09/23 3:21:22 PM GMT+1","5","5","4","4","6","6","4","3","3","6","4","3","5","4","5","4","7",""
"2019/09/23 3:21:36 PM GMT+1","7","6","6","6","8","7","6","5","4","5","4","","","4","4","4","6","Yes"
"2019/09/23 3:22:49 PM GMT+1","7","5","5","5","7","5","5","6","5","7","3","4","6","3","1","3","6","Yes"
"2019/09/23 3:23:42 PM GMT+1","5","3","3","3","5","2","2","2","2","5","3","2","2","1","1","2","5","Yes"
"2019/09/23 3:23:45 PM GMT+1","5","3","4","4","8","5","1","2","1","7","2","4","7","2","2","2","4","Yes"
"2019/09/23 3:24:09 PM GMT+1","4","6","5","4","7","7","6","4","3","5","4","3","4","4","3","3","6","Yes"
"2019/09/23 3:24:26 PM GMT+1","6","4","4","4","6","5","4","5","5","4","3","5","6","2","1","2","7","Yes"
"2019/09/23 3:25:38 PM GMT+1","5","4","3","5","6","5","4","5","2","4","3","4","4","2","1","3","7","Yes"
"2019/09/23 3:26:19 PM GMT+1","4","5","5","4","7","6","2","4","3","6","3","2","5","2","1","3","6","Yes"
"2019/09/23 3:29:38 PM GMT+1","6","7","5","5","7","6","6","4","4","5","4","6","6","3","1","6","7","Yes"
"2019/09/23 3:30:14 PM GMT+1","6","5","5","5","6","6","5","4","3","6","4","","","4","3","5","7","Yes"
"2019/09/23 3:31:07 PM GMT+1","6","6","5","5","6","6","4","4","4","5","4","5","6","2","1","4","4","Yes"
"2019/09/23 3:31:18 PM GMT+1","5","5","5","5","7","6","5","4","4","6","4","","","3","1","1","5","No"
"2019/09/23 3:33:32 PM GMT+1","7","6","7","6","8","7","4","5","5","8","7","","","6","6","8","9","Yes"
"2019/09/23 3:33:51 PM GMT+1","6","6","5","6","6","5","5","4","2","6","5","6","6","4","1","5","6","Yes"
"2019/09/23 3:35:07 PM GMT+1","5","4","6","6","8","6","4","4","2","5","2","","7","1","2","1","6","No"
"2019/09/23 3:36:26 PM GMT+1","6","2","5","4","6","5","4","4","4","5","4","3","5","2","1","3","7","Yes"
"2019/09/23 3:37:46 PM GMT+1","6","5","6","5","7","7","6","4","4","6","2","4","5","4","4","4","6","No"
"2019/09/23 3:38:45 PM GMT+1","5","5","5","5","6","5","3","6","3","4","4","","","3","1","3","6","Yes"
"2019/09/23 3:41:13 PM GMT+1","3","4","2","2","5","5","3","1","4","5","3","1","1","1","1","1","7","No"
"2019/09/23 3:42:34 PM GMT+1","6","5","6","6","7","6","4","4","5","5","8","4","6","2","1","5","6","Yes"
"2019/09/23 3:42:59 PM GMT+1","5","5","5","6","6","6","6","3","4","6","4","","7","2","1","6","6","Yes"
"2019/09/23 3:43:00 PM GMT+1","6","6","6","6","7","6","5","5","4","6","5","5","5","3","1","4","5","Yes"
"2019/09/23 3:43:54 PM GMT+1","6","5","6","6","8","7","4","6","3","5","4","4","6","3","4","3","5","Yes"
"2019/09/23 3:43:59 PM GMT+1","4","1","3","3","5","4","1","1","2","4","1","1","5","1","1","1","8","No"
"2019/09/23 3:44:05 PM GMT+1","6","5","7","7","8","6","2","3","1","4","1","1","7","1","1","1","1","No"
"2019/09/23 3:45:14 PM GMT+1","6","4","5","7","7","5","2","5","4","7","4","4","5","2","1","4","7","No"
"2019/09/23 3:48:09 PM GMT+1","5","6","6","5","7","5","5","5","4","5","5","","","5","1","4","4","Yes"
"2019/09/23 3:49:04 PM GMT+1","6","5","5","4","4","4","4","6","2","4","3","3","6","2","1","2","7","Yes"
"2019/09/23 3:49:34 PM GMT+1","8","6","6","5","4","6","6","6","6","6","5","6","6","5","1","4","7","Yes"
"2019/09/23 3:50:35 PM GMT+1","6","5","5","4","5","4","3","3","4","7","5","4","4","2","2","3","7","Yes"
"2019/09/23 3:51:11 PM GMT+1","6","3","5","5","6","5","6","5","3","6","5","","","4","3","4","6","Yes"
"2019/09/23 3:51:45 PM GMT+1","6","4","5","5","6","6","5","5","5","7","6","6","7","3","3","5","7","Yes"
"2019/09/23 3:52:10 PM GMT+1","7","6","7","7","7","6","7","4","4","6","5","4","5","5","1","5","8","Yes"
"2019/09/23 3:53:41 PM GMT+1","6","6","4","5","7","5","3","4","4","7","5","5","6","3","4","3","7","Yes"
"2019/09/23 3:55:10 PM GMT+1","7","3","6","5","7","7","3","2","2","4","4","4","4","4","6","7","8","Yes"
"2019/09/23 3:55:16 PM GMT+1","6","5","5","4","5","6","5","6","5","6","3","3","5","4","1","4","7","Yes"
"2019/09/23 3:56:20 PM GMT+1","6","5","6","6","7","6","6","4","2","5","2","3","6","5","2","9","4","Yes"
"2019/09/23 3:57:02 PM GMT+1","5","6","6","4","8","8","3","3","4","7","4","","","2","1","5","5","Yes"
"2019/09/23 3:59:54 PM GMT+1","4","6","5","5","6","4","3","2","2","6","3","2","3","2","1","2","3","Yes"
"2019/09/23 3:59:56 PM GMT+1","7","2","5","3","7","5","6","4","3","8","4","2","3","4","2","3","7","Yes"
"2019/09/23 4:00:08 PM GMT+1","6","6","6","5","5","6","4","4","3","5","4","","","4","3","5","8","Yes"
"2019/09/23 4:00:14 PM GMT+1","6","5","4","4","5","7","6","5","4","6","3","4","4","2","2","5","7","Yes"
"2019/09/23 4:01:01 PM GMT+1","5","5","5","5","6","6","4","3","3","5","4","3","4","3","1","3","6","Yes"
"2019/09/23 4:03:31 PM GMT+1","5","5","3","4","4","4","4","3","2","4","2","4","6","2","1","3","6","Yes"
"2019/09/23 4:04:43 PM GMT+1","6","5","4","4","7","6","6","2","2","5","2","","","2","1","2","7","Yes"
"2019/09/23 4:05:07 PM GMT+1","5","6","5","5","7","6","4","6","3","4","2","","","4","1","5","6","Yes"
"2019/09/23 4:06:47 PM GMT+1","5","3","4","4","6","5","4","2","1","6","1","","","1","1","1","3","Yes"
"2019/09/23 4:08:37 PM GMT+1","6","6","6","6","6","5","5","4","3","4","2","3","3","4","1","4","8","Yes"
"2019/09/23 4:08:45 PM GMT+1","4","2","5","4","6","5","3","4","4","6","1","3","3","1","1","2","10","Yes"
"2019/09/23 4:09:01 PM GMT+1","7","6","7","5","6","7","5","4","3","5","4","5","","5","2","4","6","Yes"
"2019/09/23 4:10:24 PM GMT+1","6","7","6","7","6","4","3","3","3","5","4","4","5","8","1","3","6","No"
"2019/09/23 4:11:04 PM GMT+1","6","6","4","4","6","3","4","4","3","5","5","4","5","3","3","2","7","Yes"
"2019/09/23 4:12:59 PM GMT+1","7","6","7","7","7","9","8","6","7","7","4","6","","6","1","5","8","No"
"2019/09/23 4:14:33 PM GMT+1","4","4","5","3","5","5","4","4","3","6","3","","","3","3","2","7","Yes"
"2019/09/23 4:16:03 PM GMT+1","4","6","5","4","6","6","5","3","3","6","3","2","3","2","1","2","2","No"
"2019/09/23 4:17:13 PM GMT+1","6","6","7","6","8","7","4","4","3","6","4","3","5","4","5","3","4","Yes"
"2019/09/23 4:18:40 PM GMT+1","5","6","6","5","7","5","4","4","3","5","2","4","6","1","1","1","6","Yes"
"2019/09/23 4:18:52 PM GMT+1","9","9","8","8","10","8","7","5","4","6","10","9","7","4","1","10","1","Yes"
"2019/09/23 4:19:48 PM GMT+1","5","3","5","4","7","5","2","3","1","6","3","1","7","2","5","1","5","Yes"
"2019/09/23 4:22:24 PM GMT+1","4","6","6","6","6","5","4","2","2","4","4","6","6","2","2","4","3","Yes"
"2019/09/23 4:22:35 PM GMT+1","6","6","6","5","6","6","4","4","2","6","4","6","6","2","1","1","5","No"
"2019/09/23 4:23:51 PM GMT+1","5","4","3","4","5","5","5","3","2","4","3","2","","3","2","3","7","Yes"
"2019/09/23 4:24:47 PM GMT+1","3","7","4","4","4","4","4","2","6","5","1","1","2","2","1","5","6","Yes"
"2019/09/23 4:25:43 PM GMT+1","5","6","6","6","5","6","5","4","4","6","4","5","6","1","1","4","6","No"
"2019/09/23 4:27:04 PM GMT+1","5","6","5","5","6","6","4","3","2","6","3","4","4","1","1","3","7","Yes"
"2019/09/23 4:27:06 PM GMT+1","7","4","5","3","7","5","3","4","2","5","2","3","4","1","1","3","8","No"
"2019/09/23 4:29:03 PM GMT+1","6","6","6","6","6","7","5","3","3","6","5","","","3","2","5","7","Yes"
"2019/09/23 4:29:35 PM GMT+1","5","6","4","5","4","4","3","3","3","3","5","","","1","7","5","7","Yes"
"2019/09/23 4:30:21 PM GMT+1","6","1","1","1","6","4","2","2","2","5","2","2","2","1","1","1","5","No"
"2019/09/23 4:31:15 PM GMT+1","7","7","5","6","7","6","5","3","4","6","6","","","5","4","6","6","Yes"
"2019/09/23 4:31:56 PM GMT+1","4","2","3","4","5","3","5","4","3","6","1","3","6","1","1","1","7","Yes"
"2019/09/23 4:32:12 PM GMT+1","6","5","6","5","6","6","5","5","5","6","4","4","5","3","3","5","5","Yes"
"2019/09/23 4:34:39 PM GMT+1","6","9","8","5","8","5","2","4","3","6","3","","","2","3","5","9","Yes"
"2019/09/23 4:35:11 PM GMT+1","4","4","5","5","7","6","4","3","3","5","3","","","3","1","3","7","Yes"
"2019/09/23 4:36:05 PM GMT+1","6","6","6","6","7","6","6","6","4","6","4","5","4","3","7","5","7","Yes"
"2019/09/23 4:37:02 PM GMT+1","6","5","5","4","7","7","3","6","5","7","3","1","4","3","1","3","7","Yes"
"2019/09/23 4:38:19 PM GMT+1","5","5","5","5","5","6","2","4","2","5","2","3","3","2","1","5","6","Yes"
"2019/09/23 4:39:45 PM GMT+1","6","8","7","5","7","5","4","4","4","7","1","4","4","3","1","3","6","Yes"
"2019/09/23 4:39:51 PM GMT+1","4","4","6","5","4","7","3","2","4","6","2","","","2","1","3","7","Yes"
"2019/09/23 4:41:34 PM GMT+1","6","10","1","1","1","1","10","10","10","1","6","10","4","10","3","7","6","Yes"
"2019/09/23 4:42:08 PM GMT+1","6","5","5","5","9","6","5","4","4","7","4","5","6","2","1","4","6","Yes"
"2019/09/23 4:42:32 PM GMT+1","5","4","5","5","6","5","3","3","3","4","3","","","2","1","4","7","Yes"
"2019/09/23 4:42:47 PM GMT+1","6","5","5","5","6","6","5","4","3","6","3","","","1","1","1","7","Yes"
"2019/09/23 4:44:23 PM GMT+1","7","6","6","6","7","6","6","6","6","6","6","6","7","5","3","6","7","No"
"2019/09/23 4:48:41 PM GMT+1","5","5","6","4","8","6","4","2","2","6","2","1","4","1","1","3","7","Yes"
"2019/09/23 4:49:14 PM GMT+1","6","6","6","6","7","7","6","6","5","6","5","5","","5","4","6","7","Yes"
"2019/09/23 4:49:58 PM GMT+1","4","5","4","3","6","6","5","5","4","5","4","5","6","2","1","5","7","No"
"2019/09/23 4:53:43 PM GMT+1","6","6","5","4","8","4","4","3","3","7","1","4","7","3","3","3","7","Yes"
"2019/09/23 4:55:21 PM GMT+1","5","6","5","5","7","6","7","5","3","6","3","4","5","4","2","7","6","Yes"
"2019/09/23 4:55:46 PM GMT+1","5","4","6","5","7","5","5","4","4","6","2","4","5","3","2","1","5","No"
"2019/09/23 4:55:49 PM GMT+1","5","5","4","5","5","6","5","5","4","4","2","","","4","4","4","6",""
"2019/09/23 4:57:38 PM GMT+1","4","6","6","5","8","5","5","3","3","5","4","4","","3","2","4","6","Yes"
"2019/09/23 4:58:38 PM GMT+1","8","5","8","8","9","8","6","5","6","6","7","","","6","2","3","6",""
"2019/09/23 5:05:04 PM GMT+1","6","4","5","5","7","5","3","5","3","7","4","4","5","3","7","4","6","Yes"
"2019/09/23 5:07:02 PM GMT+1","6","6","5","4","5","7","5","6","2","3","4","5","6","4","1","4","7","Yes"
"2019/09/23 5:07:38 PM GMT+1","5","4","4","4","4","4","2","1","1","5","3","2","2","2","2","5","6","Yes"
"2019/09/23 5:08:04 PM GMT+1","5","5","5","5","6","5","5","5","5","5","4","10","5","3","4","4","6",""
"2019/09/23 5:11:04 PM GMT+1","5","6","5","5","6","7","6","6","5","6","5","5","6","4","1","4","6","Yes"
"2019/09/23 5:18:40 PM GMT+1","5","6","5","5","6","7","4","4","4","7","3","","","3","2","3","7",""
"2019/09/23 5:19:43 PM GMT+1","3","2","4","3","5","7","5","3","2","3","1","3","4","3","2","1","8","Yes"
"2019/09/23 5:21:43 PM GMT+1","3","5","4","3","5","4","4","1","1","4","1","1","6","2","7","2","7","Yes"
"2019/09/23 5:26:10 PM GMT+1","6","6","7","6","6","7","3","6","5","6","4","","","4","4","6","6","No"
"2019/09/23 5:28:17 PM GMT+1","4","3","4","4","6","5","3","4","1","5","1","2","3","1","2","3","6","Yes"
"2019/09/23 5:28:32 PM GMT+1","5","7","5","4","6","3","3","6","5","5","4","5","5","1","3","4","5","Yes"
"2019/09/23 5:29:42 PM GMT+1","6","5","7","7","6","7","4","4","3","7","4","2","5","2","1","3","6",""
"2019/09/23 5:30:08 PM GMT+1","6","4","5","5","6","5","5","4","4","5","5","5","6","3","2","4","6","No"
"2019/09/23 5:33:33 PM GMT+1","6","6","7","5","7","6","3","4","4","6","4","4","5","4","1","5","6","Yes"
"2019/09/23 5:37:02 PM GMT+1","6","2","6","6","9","6","5","3","3","7","3","6","6","2","1","2","7","No"
"2019/09/23 5:38:46 PM GMT+1","6","6","6","5","7","6","5","4","4","7","5","4","6","4","5","5","6","Yes"
"2019/09/23 5:40:21 PM GMT+1","5","5","6","5","8","6","5","4","4","6","4","5","7","2","2","2","6","Yes"
"2019/09/23 5:40:27 PM GMT+1","6","5","7","5","7","7","2","2","1","5","4","6","7","3","1","2","6","Yes"
"2019/09/23 5:41:32 PM GMT+1","7","5","5","5","5","5","4","4","2","7","1","2","6","1","1","2","4","No"
"2019/09/23 5:43:36 PM GMT+1","5","6","5","5","6","6","4","4","4","6","3","6","7","2","2","5","6","Yes"
"2019/09/23 5:46:30 PM GMT+1","6","4","6","5","7","6","4","4","3","6","3","3","4","2","2","2","7","Yes"
"2019/09/23 5:47:58 PM GMT+1","5","2","5","4","4","5","2","4","3","7","5","3","3","3","2","3","6","No"
"2019/09/23 5:48:35 PM GMT+1","4","4","5","3","6","6","3","2","3","6","2","4","4","2","1","4","4","Yes"
"2019/09/23 5:51:59 PM GMT+1","4","4","6","5","7","5","4","5","3","6","3","3","6","3","1","4","6","Yes"
"2019/09/23 5:52:05 PM GMT+1","5","5","5","5","5","5","4","4","4","5","4","5","5","3","2","4","4","Yes"
"2019/09/23 5:52:53 PM GMT+1","6","5","5","5","5","7","7","6","6","6","6","","","4","1","2","8",""
"2019/09/23 5:58:28 PM GMT+1","5","2","5","5","6","3","2","1","3","5","3","1","1","1","1","5","7","No"
"2019/09/23 6:02:23 PM GMT+1","6","5","5","5","6","7","6","3","3","6","2","4","4","1","1","2","6","Yes"
"2019/09/23 6:03:14 PM GMT+1","1","1","5","4","7","5","1","1","1","4","3","1","5","1","1","1","8","Yes"
"2019/09/23 6:08:28 PM GMT+1","3","3","3","2","5","3","1","1","3","6","4","","","1","1","2","7","No"
"2019/09/23 6:09:32 PM GMT+1","5","5","6","4","7","4","3","2","3","8","4","1","5","4","4","6","9","Yes"
"2019/09/23 6:12:10 PM GMT+1","6","7","7","5","6","5","4","3","4","6","4","3","4","2","1","5","2","Yes"
"2019/09/23 6:13:36 PM GMT+1","5","5","5","5","7","6","4","5","4","5","5","4","4","4","1","4","9","Yes"
"2019/09/23 6:16:31 PM GMT+1","3","5","4","4","6","6","2","2","1","5","4","5","5","2","1","3","7","Yes"
"2019/09/23 6:17:01 PM GMT+1","5","7","5","3","7","6","4","3","5","6","2","3","5","2","1","2","7","Yes"
"2019/09/23 6:22:41 PM GMT+1","6","7","6","6","7","6","5","4","3","7","3","6","6","4","5","5","7","Yes"
"2019/09/23 6:31:32 PM GMT+1","6","6","5","6","7","7","5","5","4","7","5","5","6","5","4","3","6","Yes"
"2019/09/23 6:34:14 PM GMT+1","5","5","3","2","6","5","5","3","3","5","1","","","2","1","4","7","Yes"
"2019/09/23 6:34:53 PM GMT+1","6","6","6","6","7","7","5","5","5","5","2","1","6","1","10","5","8","Yes"
"2019/09/23 6:37:10 PM GMT+1","6","6","4","4","6","5","3","4","1","6","1","4","5","2","7","1","8","Yes"
"2019/09/23 6:39:35 PM GMT+1","6","7","5","5","6","5","6","3","3","6","4","6","6","1","1","3","4","Yes"
"2019/09/23 6:41:05 PM GMT+1","5","6","6","6","6","5","5","3","4","6","2","3","4","3","1","6","8","Yes"
"2019/09/23 6:45:17 PM GMT+1","5","4","4","4","5","6","5","4","4","7","3","2","3","1","1","2","8","Yes"
"2019/09/23 6:47:13 PM GMT+1","7","4","6","4","8","8","4","4","5","6","5","5","5","3","1","2","7","Yes"
"2019/09/23 6:47:43 PM GMT+1","7","6","6","5","6","7","5","4","4","6","3","6","5","5","2","6","7","Yes"
"2019/09/23 6:47:49 PM GMT+1","6","5","5","5","6","6","6","4","5","5","3","","","2","2","3","6","Yes"
"2019/09/23 6:50:40 PM GMT+1","5","7","5","5","7","6","6","4","5","5","3","2","5","3","3","2","5","Yes"
"2019/09/23 6:51:54 PM GMT+1","6","6","5","6","5","5","5","6","4","5","3","5","5","3","2","4","6","No"
"2019/09/23 6:54:25 PM GMT+1","5","3","3","3","3","7","5","4","4","7","6","1","2","2","1","2","8","Yes"
"2019/09/23 6:56:10 PM GMT+1","6","5","4","4","7","4","5","4","4","5","3","5","5","2","1","5","6","Yes"
"2019/09/23 6:58:26 PM GMT+1","7","2","5","5","8","7","3","3","4","5","3","1","6","3","2","4","8","Yes"
"2019/09/23 6:58:33 PM GMT+1","6","7","6","6","6","3","2","2","4","5","2","4","4","2","2","2","7","Yes"
"2019/09/23 7:00:32 PM GMT+1","5","4","5","5","6","5","4","5","4","6","5","5","5","3","1","3","6","Yes"
"2019/09/23 7:01:05 PM GMT+1","4","5","5","5","6","6","6","3","3","4","3","4","4","3","3","4","7","Yes"
"2019/09/23 7:05:41 PM GMT+1","4","4","6","6","8","7","3","5","4","7","4","4","6","4","2","4","5","Yes"
"2019/09/23 7:06:31 PM GMT+1","6","6","5","5","8","7","4","5","5","7","5","6","7","4","2","5","8","Yes"
"2019/09/23 7:12:43 PM GMT+1","1","1","1","1","6","5","1","1","1","3","1","1","5","1","1","1","7","Yes"
"2019/09/23 7:13:14 PM GMT+1","5","4","3","3","6","6","5","5","3","5","1","3","6","1","1","2","7","Yes"
"2019/09/23 7:20:50 PM GMT+1","6","7","6","6","7","6","5","6","5","6","5","5","5","5","4","7","8","Yes"
"2019/09/23 7:24:32 PM GMT+1","6","6","6","5","6","5","2","2","1","7","1","5","6","1","1","4","8","Yes"
"2019/09/23 7:34:54 PM GMT+1","4","3","3","3","7","5","5","6","3","5","3","5","5","3","2","4","7","Yes"
"2019/09/23 7:35:37 PM GMT+1","6","4","5","5","6","6","5","5","5","6","4","1","5","4","3","1","5","Yes"
"2019/09/23 7:36:57 PM GMT+1","6","6","6","6","6","7","1","1","1","7","3","1","","3","1","2","6",""
"2019/09/23 7:40:29 PM GMT+1","4","2","4","4","4","5","2","3","3","6","4","4","6","3","7","2","5","Yes"
"2019/09/23 7:46:45 PM GMT+1","7","5","6","6","7","7","5","5","5","6","6","5","5","3","1","5","4","Yes"
"2019/09/23 8:01:34 PM GMT+1","6","9","7","4","9","8","1","3","6","3","1","1","8","1","1","4","6","Yes"
"2019/09/23 8:01:34 PM GMT+1","7","5","6","7","6","6","5","5","5","4","5","4","5","4","1","4","7","Yes"
"2019/09/23 8:03:47 PM GMT+1","5","3","4","3","5","5","1","3","2","4","4","4","5","1","1","2","5","No"
"2019/09/23 8:17:48 PM GMT+1","5","5","4","4","5","5","3","1","1","6","1","4","4","1","1","2","8","Yes"
"2019/09/23 8:26:19 PM GMT+1","5","5","4","4","6","6","4","5","3","5","3","","","3","1","4","7","Yes"
"2019/09/23 8:30:57 PM GMT+1","5","3","2","2","6","5","1","3","1","3","2","1","2","3","2","2","8","Yes"
"2019/09/23 8:32:08 PM GMT+1","7","6","6","5","6","7","4","3","4","7","5","","6","6","1","5","6","Yes"
"2019/09/23 8:38:12 PM GMT+1","5","4","6","5","8","6","5","6","5","7","5","3","4","2","2","7","8","Yes"
"2019/09/23 8:42:27 PM GMT+1","4","1","6","4","6","1","4","1","1","6","1","1","6","1","1","1","5","No"
"2019/09/23 8:45:23 PM GMT+1","7","6","7","5","8","3","2","2","4","5","1","1","3","4","3","3","5","Yes"
"2019/09/23 8:45:40 PM GMT+1","5","4","4","4","5","5","5","4","3","5","3","3","5","2","2","4","7","Yes"
"2019/09/23 8:46:32 PM GMT+1","5","4","5","5","7","5","4","2","1","4","4","5","5","2","1","3","3","Yes"
"2019/09/23 8:57:22 PM GMT+1","4","3","5","4","9","4","3","2","2","7","3","3","5","2","1","2","5","Yes"
"2019/09/23 9:03:53 PM GMT+1","5","6","7","6","7","6","6","3","5","8","5","5","4","3","1","5","7","No"
"2019/09/23 9:11:37 PM GMT+1","5","5","5","5","6","6","5","4","4","4","1","5","4","1","1","4","6","Yes"
"2019/09/23 9:14:59 PM GMT+1","5","3","5","5","7","7","3","4","4","6","3","5","7","3","4","3","7","Yes"
"2019/09/23 9:16:34 PM GMT+1","3","1","7","6","8","3","1","1","3","8","1","1","5","2","2","1","9","Yes"
"2019/09/23 9:17:51 PM GMT+1","4","3","3","3","4","4","3","4","3","5","4","","","2","1","2","6",""
"2019/09/23 9:22:37 PM GMT+1","6","6","5","4","6","5","5","3","3","5","2","","6","1","1","1","4","Yes"
"2019/09/23 9:22:57 PM GMT+1","7","6","6","6","6","7","6","5","5","8","6","7","7","4","3","6","5","Yes"
"2019/09/23 9:26:19 PM GMT+1","7","7","5","5","8","4","4","4","3","5","3","","","4","3","6","6","Yes"
"2019/09/23 9:30:17 PM GMT+1","6","6","5","5","6","7","6","4","6","6","4","","5","5","2","5","8","No"
"2019/09/23 9:38:51 PM GMT+1","6","6","6","6","8","5","4","3","2","7","5","5","6","4","4","4","5","Yes"
"2019/09/23 9:45:33 PM GMT+1","7","6","6","5","9","6","4","3","3","4","4","3","5","2","1","4","6","Yes"
"2019/09/23 9:45:53 PM GMT+1","4","1","5","4","7","8","1","3","2","6","3","5","5","2","1","1","5","Yes"
"2019/09/23 10:05:44 PM GMT+1","6","5","4","4","6","5","3","2","3","5","5","3","4","2","1","3","4","No"
"2019/09/23 10:05:48 PM GMT+1","7","7","8","6","9","9","5","5","5","7","6","6","7","5","1","6","6","Yes"
"2019/09/23 10:26:07 PM GMT+1","5","7","6","6","7","8","6","4","4","6","4","2","7","4","1","3","6","Yes"
"2019/09/23 10:26:22 PM GMT+1","5","5","5","4","6","5","4","3","3","5","4","3","5","3","3","4","6","Yes"
"2019/09/23 10:27:11 PM GMT+1","6","5","6","5","7","6","5","6","5","5","4","5","6","4","1","5","7","Yes"
"2019/09/23 10:28:59 PM GMT+1","6","5","5","5","8","6","5","5","4","7","5","5","7","3","3","4","6","Yes"
"2019/09/23 10:34:01 PM GMT+1","6","6","7","7","7","6","5","4","4","6","4","","","4","1","7","7",""
"2019/09/23 10:44:44 PM GMT+1","6","4","7","6","6","2","7","5","6","3","4","","","5","7","5","8","Yes"
"2019/09/23 10:55:56 PM GMT+1","5","2","5","4","6","3","2","2","3","6","2","2","","3","3","2","7","Yes"
"2019/09/23 11:04:27 PM GMT+1","8","4","6","4","6","6","4","5","3","5","5","","","3","3","3","8",""
"2019/09/23 11:33:54 PM GMT+1","7","5","4","4","6","5","4","5","3","5","3","","","3","1","2","6","Yes"
"2019/09/23 11:40:50 PM GMT+1","5","5","5","5","6","5","5","4","4","6","5","5","5","3","3","2","5","Yes"
"2019/09/23 11:46:47 PM GMT+1","6","5","5","5","6","5","3","4","4","6","5","4","","4","4","4","7","Yes"
"2019/09/23 11:58:02 PM GMT+1","5","5","5","5","6","5","6","3","3","7","5","4","4","3","1","2","6","Yes"
"2019/09/24 12:02:22 AM GMT+1","5","1","5","4","5","5","2","3","3","4","2","1","5","3","1","4","7","No"
"2019/09/24 12:03:48 AM GMT+1","5","4","5","5","7","6","4","4","3","6","4","4","4","1","1","4","6","No"
"2019/09/24 12:47:12 AM GMT+1","7","4","6","5","7","7","4","3","3","6","3","3","","3","2","6","7","Yes"
"2019/09/24 12:52:28 AM GMT+1","7","6","6","6","7","6","5","6","5","7","6","6","7","3","3","6","6","Yes"
"2019/09/24 1:42:05 AM GMT+1","5","5","5","6","6","6","3","3","2","5","3","1","5","2","1","1","6","Yes"
"2019/09/24 1:54:45 AM GMT+1","5","6","5","5","7","7","5","5","5","6","4","4","6","4","3","3","7","Yes"
"2019/09/24 2:04:19 AM GMT+1","7","6","6","6","9","7","6","7","6","8","6","6","6","4","3","5","5","Yes"
"2019/09/24 2:25:32 AM GMT+1","1","1","1","1","1","1","1","1","1","1","1","1","1","1","1","1","4","Yes"
"2019/09/24 2:46:24 AM GMT+1","7","5","5","5","7","6","5","4","3","5","5","3","6","3","3","5","8","Yes"
"2019/09/24 3:05:59 AM GMT+1","7","5","7","6","7","6","8","4","1","8","7","","","6","6","5","8","Yes"
"2019/09/24 3:26:06 AM GMT+1","5","5","4","4","6","3","1","4","1","4","3","","","2","1","4","6","Yes"
"2019/09/24 4:14:50 AM GMT+1","6","5","6","5","7","5","5","5","5","5","4","5","6","3","2","3","7","Yes"
"2019/09/24 4:32:39 AM GMT+1","10","2","1","1","6","4","4","2","2","4","1","","","8","8","1","5",""
"2019/09/24 5:05:06 AM GMT+1","6","2","3","3","4","4","3","5","4","4","3","4","3","1","1","2","5","Yes"
"2019/09/24 5:16:34 AM GMT+1","6","7","7","6","9","6","4","5","6","5","5","8","8","3","3","3","8","Yes"
"2019/09/24 6:27:13 AM GMT+1","7","6","5","6","7","6","5","7","4","6","4","5","5","4","2","3","7","Yes"
"2019/09/24 7:20:48 AM GMT+1","5","4","5","4","5","5","5","5","5","5","4","4","4","4","1","5","6","Yes"
"2019/09/24 8:05:01 AM GMT+1","5","4","5","5","6","7","4","5","4","5","5","5","6","3","2","3","6","No"
"2019/09/24 8:07:36 AM GMT+1","6","5","5","5","6","5","5","5","3","4","4","5","7","5","2","4","7","No"
"2019/09/24 8:46:01 AM GMT+1","6","5","4","5","7","5","5","4","3","5","3","4","4","2","2","2","7","Yes"
"2019/09/24 9:31:14 AM GMT+1","6","5","6","6","5","6","6","6","5","6","5","5","6","4","3","5","7","Yes"
"2019/09/24 9:56:33 AM GMT+1","6","5","6","5","7","5","4","4","4","6","3","3","6","4","1","3","5","Yes"
"2019/09/24 10:46:02 AM GMT+1","5","7","5","5","8","6","4","5","2","6","5","5","7","2","1","5","7","Yes"
"2019/09/24 12:50:58 PM GMT+1","6","4","5","5","4","5","5","5","3","5","4","5","5","4","1","3","5","Yes"
"2019/09/24 3:41:20 PM GMT+1","6","6","6","6","6","7","6","6","6","6","6","6","6","4","2","5","7",""
"2019/09/24 5:24:35 PM GMT+1","6","5","5","4","5","5","2","4","2","6","4","2","4","3","1","6","7","Yes"
"2019/09/24 5:32:49 PM GMT+1","5","5","5","5","5","5","4","3","4","5","4","4","5","3","3","5","6","Yes"
"2019/09/24 6:14:00 PM GMT+1","5","4","5","5","6","4","4","5","5","6","4","4","4","3","1","5","7","Yes"
"2019/09/24 10:30:07 PM GMT+1","6","6","4","4","6","4","3","5","5","5","3","1","1","1","1","1","5","Yes"