"Timestamp","David de Gea","Phil Jones","Harry Maguire","Victor Lindelof","Brandon Williams","Fred","Andreas Pereira","Aaron Wan-Bissaka","Marcus Rashford","Daniel James","Anthony Martial","Jesse Lingard (optional)","Mason Greenwood (optional)","Team Performance","Final Result","Rate Ole","Rate Sheffield United","Did the ref/VAR do a good job (try to be unbiased) (optional)","Your Reddit username (not required, only if you want)"
"2019/11/25 10:02:57 PM GMT+1","9","3","7","6","6","7","3","6","8","7","6","6","7","4","6","5","8","Yes","jonwinslol"
"2019/11/25 10:03:27 PM GMT+1","9","4","6","6","7","7","1","6","9","9","8","3","5","6","4","5","7","No","botsii17"
"2019/11/25 10:05:03 PM GMT+1","8","1","5","5","8","5","3","6","6","6","6","8","9","5","3","7","8","Yes",""
"2019/11/25 10:05:21 PM GMT+1","8","2","6","5","6","5","3","5","5","5","4","7","9","5","5","5","8","Yes","BishopOdo"
"2019/11/25 10:06:38 PM GMT+1","9","3","5","5","6","5","4","6","7","8","6","7","7","6","5","6","8","Yes",""
"2019/11/25 10:06:44 PM GMT+1","8","2","5","5","7","5","3","5","7","6","5","6","7","4","5","3","6","No",""
"2019/11/25 10:06:45 PM GMT+1","8","2","6","5","7","7","1","6","7","8","6","8","8","4","3","2","8","Yes",""
"2019/11/25 10:06:54 PM GMT+1","8","1","4","3","4","4","2","5","4","3","3","5","7","3","2","2","8","Yes","PhelanHotHotHot"
"2019/11/25 10:07:24 PM GMT+1","7","3","4","4","6","5","4","5","7","6","6","3","6","2","2","3","7","Yes",""
"2019/11/25 10:07:25 PM GMT+1","6","2","5","4","7","4","4","4","5","5","4","5","6","6","5","6","5","Yes",""
"2019/11/25 10:08:02 PM GMT+1","5","2","6","5","8","6","3","7","8","7","7","5","8","5","4","3","7","Yes",""
"2019/11/25 10:08:26 PM GMT+1","8","4","5","5","5","4","3","5","8","7","5","4","7","5","5","5","6","Yes",""
"2019/11/25 10:08:33 PM GMT+1","8","4","5","6","5","5","4","5","6","8","6","","","4","4","3","6","No","shamikebab"
"2019/11/25 10:10:14 PM GMT+1","7","2","4","5","5","5","4","6","6","5","5","6","6","6","6","4","7","Yes",""
"2019/11/25 10:10:29 PM GMT+1","8","5","6","6","6","6","5","6","7","7","6","6","7","6","6","6","7","Yes","U/Lavishgoblin2 "
"2019/11/25 10:11:37 PM GMT+1","5","2","3","4","6","5","1","6","5","4","4","","8","2","3","1","8","No",""
"2019/11/25 10:11:47 PM GMT+1","8","2","5","5","6","5","1","4","6","5","5","5","6","2","2","2","8","Yes","Vedomufc"
"2019/11/25 10:12:29 PM GMT+1","7","3","4","5","6","5","1","5","7","7","5","6","7","4","3","3","7","No",""
"2019/11/25 10:12:29 PM GMT+1","7","3","4","5","5","4","3","5","6","7","5","6","6","4","4","3","8","",""
"2019/11/25 10:12:55 PM GMT+1","10","1","6","5","7","6","3","6","7","7","7","7","8","4","3","3","8","No","tandeh786"
"2019/11/25 10:13:50 PM GMT+1","6","1","5","5","5","5","2","5","4","4","4","6","7","4","5","5","7","Yes",""
"2019/11/25 10:13:56 PM GMT+1","8","4","6","5","7","5","4","5","6","7","5","7","7","6","6","6","8","Yes",""
"2019/11/25 10:14:11 PM GMT+1","7","1","5","4","6","5","2","4","6","6","5","6","6","3","4","2","6","Yes",""
"2019/11/25 10:14:49 PM GMT+1","7","3","4","4","7","3","2","5","8","7","6","6","8","6","2","2","7","Yes","saptakb738"
"2019/11/25 10:14:59 PM GMT+1","7","1","5","5","6","5","4","7","8","7","6","6","6","3","1","5","8","No",""
"2019/11/25 10:16:07 PM GMT+1","8","2","4","4","5","5","3","4","7","6","5","6","6","4","2","5","8","No",""
"2019/11/25 10:16:51 PM GMT+1","10","3","7","6","9","5","5","9","6","6","5","","","5","5","7","9","No",""
"2019/11/25 10:16:52 PM GMT+1","9","2","4","6","5","7","2","6","7","7","6","7","7","4","2","4","8","No",""
"2019/11/25 10:17:07 PM GMT+1","7","1","10","6","7","7","4","5","7","6","5","5","7","5","6","5","6","No",""
"2019/11/25 10:17:26 PM GMT+1","8","2","5","5","8","7","5","7","7","9","6","8","8","8","5","8","7","No",""
"2019/11/25 10:18:07 PM GMT+1","8","1","5","4","9","4","2","5","5","5","5","1","7","1","1","2","8","Yes",""
"2019/11/25 10:18:38 PM GMT+1","7","4","6","5","6","5","3","6","7","7","6","4","6","7","7","5","9","Yes",""
"2019/11/25 10:19:38 PM GMT+1","8","1","4","4","7","7","3","7","8","8","7","6","7","3","4","3","7","Yes",""
"2019/11/25 10:19:48 PM GMT+1","7","1","5","5","5","6","1","6","6","7","5","5","6","5","5","10","7","No","b9amin"
"2019/11/25 10:19:58 PM GMT+1","9","4","4","4","9","8","4","9","8","9","6","7","9","4","1","1","8","Yes",""
"2019/11/25 10:20:21 PM GMT+1","8","1","4","5","6","5","2","5","6","7","5","4","7","3","3","4","7","No","MadaraTheUchiha... hiya"
"2019/11/25 10:20:52 PM GMT+1","9","4","6","5","7","6","2","5","8","9","6","6","7","5","6","5","9","Yes",""
"2019/11/25 10:21:22 PM GMT+1","8","4","6","6","7","6","4","6","6","6","7","7","7","6","5","7","8","Yes",""
"2019/11/25 10:21:37 PM GMT+1","8","4","5","5","6","5","4","5","7","7","5","7","7","4","4","3","8","No",""
"2019/11/25 10:21:43 PM GMT+1","9","1","6","6","5","5","3","6","8","8","7","","","4","6","4","8","No",""
"2019/11/25 10:22:04 PM GMT+1","9","1","4","5","7","4","1","7","7","7","6","3","7","5","5","7","9","No",""
"2019/11/25 10:22:49 PM GMT+1","8","3","5","6","8","6","2","6","9","8","8","6","10","6","7","6","7","No",""
"2019/11/25 10:23:00 PM GMT+1","7","3","6","2","7","5","2","5","6","5","6","3","7","3","3","2","7","No",""
"2019/11/25 10:23:10 PM GMT+1","7","2","4","5","6","6","3","6","6","5","5","7","7","3","5","6","8","Yes","WhiteIverson77"
"2019/11/25 10:23:28 PM GMT+1","7","2","4","3","4","3","2","5","5","5","4","5","7","2","6","3","8","Yes","BjarniErlingur"
"2019/11/25 10:23:29 PM GMT+1","8","1","4","4","7","6","2","5","6","7","6","5","7","4","4","1","10","No",""
"2019/11/25 10:23:34 PM GMT+1","6","1","2","4","5","5","1","5","6","6","5","7","7","2","1","5","7","No",""
"2019/11/25 10:24:31 PM GMT+1","8","1","5","5","6","5","4","5","6","6","5","5","7","4","4","9","9","Yes",""
"2019/11/25 10:24:47 PM GMT+1","9","4","6","4","5","5","4","6","6","7","6","6","8","5","4","4","8","Yes",""
"2019/11/25 10:25:55 PM GMT+1","8","2","5","5","3","1","1","5","7","5","4","5","5","3","4","2","7","Yes",""
"2019/11/25 10:26:23 PM GMT+1","6","3","5","6","8","7","5","6","7","7","2","6","7","6","5","6","8","No","MUFCMancunian1999"
"2019/11/25 10:26:37 PM GMT+1","8","1","5","4","4","4","3","7","5","6","4","4","6","4","2","3","10","No",""
"2019/11/25 10:26:48 PM GMT+1","8","2","5","5","6","5","2","5","8","8","6","5","6","5","6","4","7","Yes",""
"2019/11/25 10:28:09 PM GMT+1","9","1","6","4","5","5","1","7","8","8","7","5","8","1","1","1","7","No","JoeDoesGames"
"2019/11/25 10:28:29 PM GMT+1","9","2","3","3","6","4","3","6","7","6","6","6","7","3","1","2","3","Yes","iRegretLastNight "
"2019/11/25 10:30:27 PM GMT+1","6","1","4","4","6","5","1","5","5","5","5","","6","5","6","3","4","",""
"2019/11/25 10:30:41 PM GMT+1","6","2","4","4","3","4","3","5","6","6","5","7","7","3","1","1","7","No",""
"2019/11/25 10:30:54 PM GMT+1","8","2","5","4","7","6","3","7","5","6","5","4","7","4","6","4","7","Yes",""
"2019/11/25 10:31:17 PM GMT+1","8","5","6","6","7","5","3","6","8","8","7","7","7","5","6","5","7","Yes",""
"2019/11/25 10:31:17 PM GMT+1","8","3","6","5","7","5","3","6","7","7","4","4","7","4","5","4","8","No",""
"2019/11/25 10:31:56 PM GMT+1","7","1","4","4","10","6","2","5","7","8","7","6","8","4","1","3","7","Yes",""
"2019/11/25 10:33:27 PM GMT+1","6","5","5","5","6","3","4","5","6","6","5","","6","4","4","4","6","No",""
"2019/11/25 10:35:02 PM GMT+1","8","1","4","5","6","4","1","6","6","7","5","6","7","3","6","3","8","Yes",""
"2019/11/25 10:35:11 PM GMT+1","9","1","4","4","7","5","2","8","8","8","6","1","10","4","2","5","8","Yes",""
"2019/11/25 10:35:34 PM GMT+1","8","1","3","3","7","5","2","5","7","7","3","6","7","2","1","1","8","Yes",""
"2019/11/25 10:36:27 PM GMT+1","8","5","6","5","7","7","3","7","8","7","7","7","7","5","7","3","7","No",""
"2019/11/25 10:36:42 PM GMT+1","8","2","4","5","8","6","3","8","7","7","5","","","4","5","5","7","",""
"2019/11/25 10:38:12 PM GMT+1","7","2","5","4","7","5","2","5","8","8","7","7","8","6","5","5","8","Yes",""
"2019/11/25 10:38:53 PM GMT+1","9","1","5","3","6","5","1","5","6","5","5","7","7","4","4","4","7","No",""
"2019/11/25 10:40:33 PM GMT+1","7","2","5","4","6","5","3","5","7","7","6","6","7","5","4","5","9","No",""
"2019/11/25 10:40:54 PM GMT+1","7","1","5","5","6","5","3","5","6","7","4","6","8","3","4","6","9","Yes","u/Jayseff14"
"2019/11/25 10:41:57 PM GMT+1","7","2","5","5","5","5","3","6","7","6","6","6","6","3","5","3","8","Yes",""
"2019/11/25 10:42:17 PM GMT+1","8","1","3","3","5","4","5","5","6","6","5","5","6","4","4","1","7","Yes",""
"2019/11/25 10:42:30 PM GMT+1","8","2","6","5","7","5","3","5","9","8","7","","7","5","4","2","9","No",""
"2019/11/25 10:43:21 PM GMT+1","7","3","6","7","9","7","5","7","9","8","7","4","8","4","7","7","9","No",""
"2019/11/25 10:46:09 PM GMT+1","6","1","5","5","7","6","3","6","7","6","6","5","6","6","6","6","7","Yes",""
"2019/11/25 10:48:51 PM GMT+1","8","2","6","6","5","5","4","6","7","6","6","2","6","4","2","3","8","Yes","NVladz"
"2019/11/25 10:49:48 PM GMT+1","7","2","5","5","6","6","3","5","4","5","4","4","7","4","3","1","7","No","Liamthelad"
"2019/11/25 10:49:58 PM GMT+1","8","1","3","3","6","4","1","4","6","7","6","7","7","4","4","1","9","Yes",""
"2019/11/25 10:51:16 PM GMT+1","8","2","5","5","7","6","3","5","8","6","5","4","6","4","4","5","7","No",""
"2019/11/25 10:53:11 PM GMT+1","8","1","4","5","6","5","3","5","7","6","5","5","7","3","5","4","7","Yes",""
"2019/11/25 10:54:01 PM GMT+1","8","3","5","4","7","7","3","6","5","5","5","5","7","4","3","1","8","Yes",""
"2019/11/25 10:54:36 PM GMT+1","7","1","5","5","6","6","3","6","7","7","6","7","7","5","2","1","8","Yes",""
"2019/11/25 10:54:50 PM GMT+1","7","2","6","6","7","4","3","6","6","5","3","3","7","4","4","7","7","Yes",""
"2019/11/25 10:54:52 PM GMT+1","8","2","3","4","6","2","2","5","6","6","3","7","7","2","4","2","8","Yes","Arth_"
"2019/11/25 10:55:08 PM GMT+1","9","2","3","4","5","3","1","5","6","6","3","7","7","3","3","2","5","Yes","wow_christopher"
"2019/11/25 10:57:32 PM GMT+1","8","1","6","6","8","5","3","6","7","9","9","7","9","3","4","5","10","Yes","TheGreatestTom"
"2019/11/25 10:58:06 PM GMT+1","8","3","4","4","4","4","1","5","5","5","4","5","6","2","3","4","6","Yes",""
"2019/11/25 10:58:06 PM GMT+1","8","4","8","6","7","4","4","5","6","6","6","7","7","5","5","6","7","Yes",""
"2019/11/25 10:58:18 PM GMT+1","9","1","6","6","7","7","1","4","5","5","5","2","6","5","6","2","8","No",""
"2019/11/25 10:58:19 PM GMT+1","7","4","5","5","10","9","5","6","8","10","9","9","8","7","5","10","10","No",""
"2019/11/25 10:59:08 PM GMT+1","9","1","7","7","6","6","3","6","8","8","7","6","7","6","6","5","8","Yes",""
"2019/11/25 11:00:40 PM GMT+1","8","1","6","5","8","3","2","5","7","7","7","7","7","5","9","7","10","Yes",""
"2019/11/25 11:01:01 PM GMT+1","7","3","4","4","5","5","1","5","5","5","3","4","6","2","1","1","8","Yes",""
"2019/11/25 11:01:13 PM GMT+1","9","1","6","6","7","4","2","7","7","7","6","5","7","2","3","1","7","Yes",""
"2019/11/25 11:01:16 PM GMT+1","8","1","6","6","6","7","4","6","7","7","6","6","7","4","4","2","9","No","AaronQuinty "
"2019/11/25 11:03:06 PM GMT+1","8","3","6","4","7","5","2","8","7","7","4","7","7","5","5","4","8","Yes",""
"2019/11/25 11:03:06 PM GMT+1","9","1","4","5","6","5","1","4","6","6","5","5","5","3","5","2","8","",""
"2019/11/25 11:03:59 PM GMT+1","8","5","7","6","8","6","4","7","8","8","7","8","8","6","6","5","9","No","SparksV"
"2019/11/25 11:04:29 PM GMT+1","7","1","4","4","7","6","4","5","6","5","5","7","6","5","3","3","8","No","PufGui"
"2019/11/25 11:04:35 PM GMT+1","6","2","5","5","3","3","2","6","7","7","7","","","3","3","1","7","Yes",""
"2019/11/25 11:04:53 PM GMT+1","7","3","6","5","6","6","2","6","7","7","7","6","","5","7","6","8","Yes",""
"2019/11/25 11:05:16 PM GMT+1","8","1","5","5","6","5","3","6","7","8","5","6","7","3","2","3","10","No",""
"2019/11/25 11:07:07 PM GMT+1","6","2","4","5","6","4","2","5","7","6","5","5","7","3","3","1","7","Yes",""
"2019/11/25 11:07:19 PM GMT+1","7","1","4","4","7","6","2","5","8","7","6","6","7","5","5","3","7","Yes","Arturio"
"2019/11/25 11:07:22 PM GMT+1","8","3","5","5","8","4","2","5","4","4","4","","6","4","6","5","7","Yes",""
"2019/11/25 11:07:31 PM GMT+1","9","3","6","5","5","6","2","5","7","6","4","6","6","3","3","3","8","Yes","Martblni "
"2019/11/25 11:08:45 PM GMT+1","7","1","6","5","6","5","3","6","8","8","7","6","8","7","5","7","8","No",""
"2019/11/25 11:10:11 PM GMT+1","8","3","5","5","7","5","2","6","5","7","5","7","7","4","5","5","8","Yes",""
"2019/11/25 11:11:11 PM GMT+1","8","1","6","6","7","5","2","7","7","7","5","9","8","5","5","7","8","No",""
"2019/11/25 11:11:57 PM GMT+1","7","1","4","4","7","4","1","4","6","7","5","5","6","5","6","6","7","No",""
"2019/11/25 11:12:38 PM GMT+1","8","1","6","5","6","6","3","6","4","4","3","6","6","3","3","3","8","No",""
"2019/11/25 11:15:37 PM GMT+1","7","1","6","6","5","5","2","7","7","8","7","","7","3","4","5","6","Yes",""
"2019/11/25 11:15:38 PM GMT+1","8","4","5","5","6","6","4","6","6","7","5","6","7","5","6","6","9","Yes","u/availableusername10"
"2019/11/25 11:15:42 PM GMT+1","8","1","4","3","6","4","2","5","8","8","5","7","6","5","6","5","7","No",""
"2019/11/25 11:16:04 PM GMT+1","9","1","4","3","6","5","2","5","7","7","5","4","7","4","3","3","6","No",""
"2019/11/25 11:16:16 PM GMT+1","9","3","4","5","7","5","3","6","7","6","6","6","7","6","6","9","7","Yes",""
"2019/11/25 11:16:47 PM GMT+1","8","1","6","5","7","6","3","5","7","8","6","7","8","2","7","4","8","No",""
"2019/11/25 11:18:15 PM GMT+1","7","3","5","5","6","6","2","6","7","7","5","7","7","5","5","4","6","",""
"2019/11/25 11:19:12 PM GMT+1","8","3","5","5","7","7","3","6","7","7","6","","7","7","7","4","7","Yes",""
"2019/11/25 11:20:20 PM GMT+1","7","3","5","3","6","7","3","6","6","6","4","6","7","4","2","1","9","Yes",""
"2019/11/25 11:21:20 PM GMT+1","6","2","4","3","6","3","2","4","6","5","5","2","6","3","3","2","9","No","MT1120"
"2019/11/25 11:22:14 PM GMT+1","7","4","5","5","6","6","3","6","7","7","6","6","7","5","2","5","8","Yes",""
"2019/11/25 11:22:25 PM GMT+1","8","1","4","4","6","4","3","5","7","6","5","3","6","4","3","4","7","No",""
"2019/11/25 11:23:42 PM GMT+1","7","1","4","4","5","4","1","2","6","6","6","7","7","3","8","1","8","Yes",""
"2019/11/25 11:23:51 PM GMT+1","9","1","6","6","8","8","3","6","7","7","7","","","4","3","3","7","Yes",""
"2019/11/25 11:24:41 PM GMT+1","8","2","4","4","4","6","3","6","6","7","5","","","3","3","4","7","Yes","JayVondy"
"2019/11/25 11:24:43 PM GMT+1","8","4","6","6","8","5","4","7","7","6","6","8","8","5","5","8","10","Yes",""
"2019/11/25 11:25:55 PM GMT+1","10","1","9","7","8","7","2","7","9","10","7","8","8","4","4","6","4","Yes","Seanige"
"2019/11/25 11:26:41 PM GMT+1","8","3","6","5","5","4","4","5","7","6","5","","7","5","5","5","7","",""
"2019/11/25 11:27:02 PM GMT+1","7","2","5","4","6","6","3","5","5","6","5","5","6","3","4","5","6","Yes",""
"2019/11/25 11:27:14 PM GMT+1","7","1","6","6","8","7","4","6","8","10","6","5","8","5","7","7","5","Yes",""
"2019/11/25 11:27:37 PM GMT+1","7","1","4","4","6","6","5","5","6","5","5","6","6","4","5","4","7","No",""
"2019/11/25 11:27:59 PM GMT+1","9","1","6","5","5","6","3","6","6","7","8","5","6","4","2","5","8","Yes",""
"2019/11/25 11:28:52 PM GMT+1","8","2","3","3","7","5","3","5","7","5","5","5","7","3","3","2","6","Yes",""
"2019/11/25 11:29:03 PM GMT+1","7","1","3","4","6","5","2","5","7","6","6","7","7","4","5","5","7","Yes",""
"2019/11/25 11:29:34 PM GMT+1","8","1","5","4","6","4","2","5","8","5","4","7","8","5","5","6","8","No","UltimaJ"
"2019/11/25 11:32:34 PM GMT+1","7","3","5","6","6","5","4","3","6","6","5","4","5","3","5","1","7","Yes",""
"2019/11/25 11:32:44 PM GMT+1","6","1","5","6","8","6","2","5","8","7","5","5","7","4","3","3","7","Yes","Holtrps "
"2019/11/25 11:32:56 PM GMT+1","6","4","5","5","7","6","2","6","6","6","5","5","6","6","2","5","7","No",""
"2019/11/25 11:33:27 PM GMT+1","5","1","4","5","3","3","1","5","2","2","1","3","5","3","3","1","7","Yes",""
"2019/11/25 11:33:33 PM GMT+1","8","3","4","5","6","6","5","6","8","8","7","7","7","4","5","8","7","Yes",""
"2019/11/25 11:38:24 PM GMT+1","8","1","6","6","8","8","4","8","8","9","8","","10","6","1","6","7","Yes","AJ-Naka-Zayn-Owens"
"2019/11/25 11:40:26 PM GMT+1","7","3","5","5","7","4","2","5","6","7","5","2","6","4","2","3","6","Yes",""
"2019/11/25 11:40:27 PM GMT+1","8","2","5","4","7","5","2","5","7","8","7","8","8","5","5","5","8","","oleolemanutd_"
"2019/11/25 11:40:53 PM GMT+1","8","1","6","4","6","7","2","6","7","8","3","5","7","2","1","1","9","No",""
"2019/11/25 11:40:58 PM GMT+1","7","4","5","5","5","6","3","5","6","5","5","6","6","4","5","4","8","Yes",""
"2019/11/25 11:43:19 PM GMT+1","8","2","6","5","6","5","3","8","6","7","6","4","7","4","3","3","5","Yes",""
"2019/11/25 11:44:01 PM GMT+1","4","3","3","4","5","3","1","4","5","4","3","3","4","1","2","1","6","Yes",""
"2019/11/25 11:47:45 PM GMT+1","5","4","6","5","7","5","5","5","6","6","4","5","6","4","5","6","7","Yes",""
"2019/11/25 11:50:27 PM GMT+1","7","3","5","5","6","6","4","8","8","7","6","","8","4","2","6","8","Yes",""
"2019/11/25 11:53:48 PM GMT+1","8","2","4","4","7","7","2","6","7","8","6","6","7","4","6","4","8","Yes",""
"2019/11/25 11:55:36 PM GMT+1","6","1","4","4","6","5","1","5","8","7","6","","7","3","3","3","8","Yes",""
"2019/11/25 11:56:13 PM GMT+1","8","4","5","5","4","7","4","4","6","4","4","5","6","1","2","2","10","No",""
"2019/11/25 11:56:20 PM GMT+1","8","3","6","5","6","4","3","6","6","6","5","6","7","5","6","4","8","Yes",""
"2019/11/25 11:56:56 PM GMT+1","9","1","7","7","9","6","4","6","8","8","7","6","8","6","4","6","7","Yes",""
"2019/11/25 11:56:57 PM GMT+1","5","1","3","3","5","4","1","4","6","6","3","2","7","3","1","1","7","Yes",""
"2019/11/25 11:57:27 PM GMT+1","6","1","3","4","7","4","3","5","7","7","6","6","7","5","5","5","7","Yes",""
"2019/11/25 11:58:59 PM GMT+1","7","3","6","5","7","6","5","6","8","8","7","5","8","5","5","4","7","Yes","muws"
"2019/11/25 11:59:15 PM GMT+1","8","4","7","6","7","7","6","7","9","8","7","6","8","6","3","5","8","Yes",""
"2019/11/25 11:59:45 PM GMT+1","8","1","5","6","7","5","2","6","7","8","6","6","8","5","8","5","8","Yes",""
"2019/11/26 12:01:01 AM GMT+1","7","1","3","3","4","3","2","4","6","7","3","1","8","3","5","1","8","Yes",""
"2019/11/26 12:05:08 AM GMT+1","8","1","5","5","6","6","3","5","7","7","6","7","7","5","5","3","6","No","dracogladio1741"
"2019/11/26 12:05:14 AM GMT+1","8","2","6","6","7","7","4","6","7","5","5","6","8","4","7","6","7","No",""
"2019/11/26 12:05:45 AM GMT+1","9","1","3","2","7","3","1","6","7","8","6","3","7","3","1","2","6","Yes",""
"2019/11/26 12:06:07 AM GMT+1","8","2","5","5","7","6","2","7","8","8","6","7","7","7","7","7","8","Yes",""
"2019/11/26 12:06:27 AM GMT+1","7","2","5","4","7","7","3","6","6","6","5","","8","4","3","3","8","No",""
"2019/11/26 12:06:58 AM GMT+1","7","1","5","5","6","5","2","4","6","7","6","5","6","5","4","3","8","Yes",""
"2019/11/26 12:07:34 AM GMT+1","9","2","6","5","7","5","3","5","7","7","6","6","6","5","5","5","7","No",""
"2019/11/26 12:08:48 AM GMT+1","6","3","6","6","7","6","3","7","7","7","6","5","7","6","5","5","5","Yes",""
"2019/11/26 12:09:24 AM GMT+1","7","1","7","7","9","7","6","7","7","8","7","7","8","6","7","7","7","Yes",""
"2019/11/26 12:10:42 AM GMT+1","8","3","4","4","7","3","2","5","7","6","4","6","7","4","5","3","8","No",""
"2019/11/26 12:12:07 AM GMT+1","8","4","7","5","8","6","3","6","7","7","7","7","10","4","7","8","7","Yes",""
"2019/11/26 12:12:20 AM GMT+1","7","3","4","3","6","5","3","4","6","7","5","6","6","5","6","4","7","Yes",""
"2019/11/26 12:12:23 AM GMT+1","7","1","6","5","7","7","4","6","7","6","7","9","9","6","6","10","9","No",""
"2019/11/26 12:13:05 AM GMT+1","8","1","4","4","5","5","2","5","6","5","4","5","10","2","5","6","9","No",""
"2019/11/26 12:14:36 AM GMT+1","8","1","4","3","6","3","1","4","6","4","4","5","9","2","1","1","7","Yes",""
"2019/11/26 12:15:03 AM GMT+1","5","4","6","6","7","7","5","6","9","8","5","","7","5","3","5","8","Yes",""
"2019/11/26 12:18:21 AM GMT+1","7","2","5","5","6","4","3","6","7","6","6","6","7","4","4","4","7","",""
"2019/11/26 12:19:16 AM GMT+1","10","1","5","5","7","5","3","6","7","7","5","","7","6","5","5","8","Yes","JCabral91"
"2019/11/26 12:20:47 AM GMT+1","7","1","3","4","7","5","3","5","6","6","6","","6","4","4","1","7","Yes",""
"2019/11/26 12:22:35 AM GMT+1","6","2","4","4","5","2","1","5","6","6","5","5","6","4","6","4","7","No",""
"2019/11/26 12:22:44 AM GMT+1","7","3","5","4","5","6","3","5","7","5","6","","","6","4","2","8","Yes",""
"2019/11/26 12:23:01 AM GMT+1","9","1","6","7","8","5","5","7","8","9","5","3","7","6","6","3","8","Yes",""
"2019/11/26 12:23:18 AM GMT+1","9","2","6","6","8","8","5","6","9","10","9","9","9","9","10","9","9","Yes","Noldus52"
"2019/11/26 12:28:31 AM GMT+1","8","2","5","5","7","5","3","7","7","8","5","5","6","5","4","5","7","Yes",""
"2019/11/26 12:29:14 AM GMT+1","7","2","3","3","6","4","1","6","6","5","5","3","7","6","6","7","10","No",""
"2019/11/26 12:30:15 AM GMT+1","8","3","6","5","6","5","3","5","7","5","5","6","7","4","3","3","7","Yes",""
"2019/11/26 12:31:29 AM GMT+1","9","1","5","6","8","8","2","7","9","8","6","9","10","3","3","4","8","",""
"2019/11/26 12:32:49 AM GMT+1","6","1","4","4","6","2","1","4","6","5","4","2","6","3","1","2","5","No",""
"2019/11/26 12:34:23 AM GMT+1","7","4","6","6","6","5","4","6","7","7","6","7","7","5","4","4","7","",""
"2019/11/26 12:35:31 AM GMT+1","6","4","7","5","6","6","5","6","8","7","6","7","7","5","4","4","5","No",""
"2019/11/26 12:35:49 AM GMT+1","8","4","6","6","7","7","4","7","8","8","7","6","7","5","5","7","8","Yes",""
"2019/11/26 12:40:14 AM GMT+1","8","1","5","4","6","6","2","4","6","6","5","7","7","4","3","1","8","No",""
"2019/11/26 12:40:47 AM GMT+1","7","1","4","7","7","7","2","5","6","7","6","8","9","7","6","8","7","No",""
"2019/11/26 12:41:34 AM GMT+1","8","3","5","6","6","7","2","5","7","6","5","6","7","5","5","2","8","No",""
"2019/11/26 12:41:36 AM GMT+1","8","2","6","5","7","6","3","6","8","9","6","6","7","7","7","9","9","Yes",""
"2019/11/26 12:41:50 AM GMT+1","7","1","5","4","5","2","2","4","2","3","1","3","3","1","5","2","8","Yes","Juuuurd"
"2019/11/26 12:42:07 AM GMT+1","9","3","5","5","5","5","3","5","6","6","6","8","7","4","7","4","8","Yes",""
"2019/11/26 12:44:26 AM GMT+1","9","2","4","4","6","4","3","6","6","6","5","7","8","3","4","3","7","No",""
"2019/11/26 12:46:37 AM GMT+1","5","1","5","4","6","7","4","7","8","7","5","6","7","4","2","3","5","No",""
"2019/11/26 12:46:43 AM GMT+1","8","4","6","6","6","7","5","6","8","6","6","","7","6","7","7","7","Yes","red_rash "
"2019/11/26 12:47:05 AM GMT+1","7","3","6","6","5","6","3","5","6","6","5","6","6","4","5","4","8","Yes",""
"2019/11/26 12:48:34 AM GMT+1","7","1","5","5","7","4","2","6","8","8","7","5","6","4","4","2","2","No",""
"2019/11/26 12:51:51 AM GMT+1","9","1","4","4","8","5","3","7","8","7","4","8","7","4","2","1","7","Yes","Lingardinhooo"
"2019/11/26 12:53:15 AM GMT+1","8","1","4","3","4","5","3","4","5","3","4","3","6","3","5","7","9","Yes","Tyafastics"
"2019/11/26 12:53:52 AM GMT+1","6","1","5","4","7","6","2","5","6","5","5","6","8","6","4","2","6","No",""
"2019/11/26 12:56:28 AM GMT+1","7","1","5","4","6","4","1","5","6","6","7","5","6","3","4","5","8","",""
"2019/11/26 12:58:20 AM GMT+1","7","2","4","3","3","3","2","4","5","5","3","6","6","3","5","6","7","Yes",""
"2019/11/26 12:59:08 AM GMT+1","9","6","8","8","8","8","5","9","8","7","5","7","7","6","6","6","9","Yes",""
"2019/11/26 12:59:11 AM GMT+1","7","2","5","5","6","5","3","5","6","6","6","7","7","5","4","4","7","",""
"2019/11/26 1:00:34 AM GMT+1","8","4","6","6","6","6","5","6","7","7","6","6","7","6","5","6","8","Yes",""
"2019/11/26 1:01:01 AM GMT+1","8","2","5","5","5","3","1","6","6","7","5","6","6","5","5","3","7","Yes",""
"2019/11/26 1:01:04 AM GMT+1","7","2","5","4","6","5","4","6","7","7","6","5","6","5","6","4","6","Yes",""
"2019/11/26 1:06:56 AM GMT+1","7","4","5","4","7","5","5","7","6","6","5","3","7","4","4","4","8","Yes",""
"2019/11/26 1:07:40 AM GMT+1","8","2","5","5","6","5","2","6","8","6","6","6","6","6","6","6","6","Yes",""
"2019/11/26 1:11:17 AM GMT+1","10","3","6","5","8","4","2","6","7","7","6","1","8","4","5","5","8","Yes",""
"2019/11/26 1:11:30 AM GMT+1","7","1","6","3","6","5","1","6","8","8","7","6","10","5","5","3","7","Yes","Donthitsme"
"2019/11/26 1:14:30 AM GMT+1","8","2","5","5","6","5","2","5","6","6","6","6","7","5","4","3","7","Yes","danhazlett "
"2019/11/26 1:14:50 AM GMT+1","7","3","5","5","6","5","5","6","6","6","5","7","7","5","3","4","8","Yes",""
"2019/11/26 1:14:59 AM GMT+1","8","4","4","5","5","6","3","6","6","6","6","","","5","4","3","7","Yes",""
"2019/11/26 1:15:32 AM GMT+1","6","3","3","3","6","3","2","4","7","7","7","7","7","2","6","7","9","Yes",""
"2019/11/26 1:17:23 AM GMT+1","8","1","5","6","7","6","2","7","8","7","6","5","7","5","5","4","7","Yes",""
"2019/11/26 1:18:16 AM GMT+1","9","2","4","4","5","3","3","4","4","4","3","5","5","3","4","5","8","Yes",""
"2019/11/26 1:18:52 AM GMT+1","7","1","3","3","6","4","2","5","7","6","7","7","7","1","7","3","8","Yes",""
"2019/11/26 1:19:09 AM GMT+1","7","1","5","5","5","4","3","6","6","6","6","3","5","3","7","5","8","Yes",""
"2019/11/26 1:20:28 AM GMT+1","9","3","5","8","3","2","3","7","6","5","8","2","9","5","5","8","5","Yes",""
"2019/11/26 1:26:43 AM GMT+1","8","4","6","6","7","6","5","7","8","8","8","6","10","7","5","7","8","Yes",""
"2019/11/26 1:31:28 AM GMT+1","7","2","6","6","7","6","4","6","9","8","7","7","8","6","6","6","7","No","Lethiee"
"2019/11/26 1:31:43 AM GMT+1","8","1","4","4","7","5","1","6","7","7","6","4","7","5","2","1","7","Yes",""
"2019/11/26 1:32:49 AM GMT+1","6","1","5","5","6","4","3","5","6","6","5","6","6","5","8","5","6","No",""
"2019/11/26 1:33:43 AM GMT+1","9","1","8","2","7","3","3","8","10","7","7","1","7","1","1","1","10","Yes",""
"2019/11/26 1:34:04 AM GMT+1","9","3","5","7","7","2","1","9","6","7","7","9","7","4","4","8","3","Yes","I'm nevah creating a reddit account. Worst forum format I have ever seen. Even those freewebs sites from 2009 created by 11 year olds have higher quality."
"2019/11/26 1:37:02 AM GMT+1","7","3","5","6","7","5","5","7","6","7","5","6","7","5","3","7","3","Yes",""
"2019/11/26 1:37:50 AM GMT+1","8","3","6","6","7","7","5","6","7","7","5","3","6","5","5","6","7","Yes",""
"2019/11/26 1:38:54 AM GMT+1","6","4","6","6","5","5","4","6","6","8","6","5","7","5","7","5","7","","Slivveder"
"2019/11/26 1:40:03 AM GMT+1","8","3","6","6","7","5","5","5","7","7","7","","","6","5","6","9","Yes",""
"2019/11/26 1:40:25 AM GMT+1","6","2","4","4","7","4","3","6","8","8","4","6","9","8","4","8","9","No","LowerRecommendation"
"2019/11/26 1:40:58 AM GMT+1","5","2","4","5","5","5","2","6","7","7","7","5","8","4","2","5","8","Yes",""
"2019/11/26 1:41:42 AM GMT+1","9","1","6","6","6","8","3","8","8","9","7","7","8","4","3","6","8","No",""
"2019/11/26 1:42:45 AM GMT+1","8","2","6","6","8","6","4","6","8","8","5","4","7","6","3","6","9","Yes",""
"2019/11/26 1:42:48 AM GMT+1","9","3","6","5","6","6","4","7","8","9","7","6","8","5","5","6","9","Yes",""
"2019/11/26 1:44:59 AM GMT+1","6","2","4","4","6","6","2","6","7","7","7","6","8","3","3","4","9","No","/u/macAaronE"
"2019/11/26 1:48:47 AM GMT+1","7","1","3","4","4","3","1","4","6","7","7","5","6","1","1","1","10","Yes",""
"2019/11/26 1:51:23 AM GMT+1","7","3","5","7","6","4","2","6","5","4","3","5","7","2","8","7","8","Yes",""
"2019/11/26 1:51:28 AM GMT+1","6","2","4","4","5","3","2","4","6","5","3","4","5","4","4","5","8","Yes",""
"2019/11/26 1:52:39 AM GMT+1","7","2","5","5","5","4","1","5","8","7","6","6","6","5","3","4","6","Yes",""
"2019/11/26 1:54:16 AM GMT+1","8","1","4","4","6","4","2","6","6","6","6","5","6","2","3","1","8","No",""
"2019/11/26 1:56:42 AM GMT+1","9","1","6","7","7","7","1","7","7","7","6","7","8","2","1","3","8","Yes",""
"2019/11/26 1:59:09 AM GMT+1","7","4","7","6","8","6","4","8","7","7","8","7","7","5","4","6","6","Yes",""
"2019/11/26 2:01:01 AM GMT+1","8","2","5","4","6","4","2","6","5","4","2","5","6","3","5","4","8","Yes",""
"2019/11/26 2:05:00 AM GMT+1","7","4","4","4","7","6","3","6","5","6","4","4","6","4","4","1","8","",""
"2019/11/26 2:05:34 AM GMT+1","7","1","5","5","6","6","2","6","7","7","7","5","7","4","4","4","7","Yes",""
"2019/11/26 2:08:35 AM GMT+1","8","2","5","5","7","6","5","7","7","7","2","6","7","4","4","3","9","Yes",""
"2019/11/26 2:08:49 AM GMT+1","7","3","5","5","6","6","2","5","6","6","6","6","7","4","5","5","7","Yes",""
"2019/11/26 2:19:47 AM GMT+1","8","1","3","3","7","3","2","4","6","6","4","3","6","3","4","2","6","Yes",""
"2019/11/26 2:22:09 AM GMT+1","8","1","4","1","6","5","3","5","8","6","5","5","6","4","1","1","7","Yes",""
"2019/11/26 2:25:42 AM GMT+1","8","2","7","6","7","5","4","5","7","7","6","7","8","7","6","6","8","Yes",""
"2019/11/26 2:25:47 AM GMT+1","9","1","5","5","6","7","4","6","7","7","6","7","8","6","3","5","7","No",""
"2019/11/26 2:28:28 AM GMT+1","8","1","2","4","5","6","2","3","7","8","5","4","6","3","5","1","7","Yes",""
"2019/11/26 2:28:59 AM GMT+1","6","3","4","4","6","5","5","4","7","6","6","6","8","2","3","2","8","No",""
"2019/11/26 2:30:06 AM GMT+1","8","6","8","7","7","6","6","8","7","8","7","7","8","7","10","8","8","No","prllrp"
"2019/11/26 2:30:11 AM GMT+1","8","3","5","4","6","5","3","4","8","7","6","6","9","5","7","5","9","Yes","u/ajaysassoc"
"2019/11/26 2:36:32 AM GMT+1","10","3","7","7","7","1","1","7","9","8","8","1","8","3","3","1","9","Yes",""
"2019/11/26 2:39:07 AM GMT+1","7","1","2","2","4","4","2","4","4","4","4","4","6","2","5","2","8","Yes",""
"2019/11/26 2:41:17 AM GMT+1","8","4","4","4","4","6","3","4","7","7","6","7","7","4","5","7","8","Yes","Happytoraiseyourday"
"2019/11/26 2:43:08 AM GMT+1","8","2","7","7","8","6","5","5","8","8","8","8","8","7","7","6","8","Yes",""
"2019/11/26 2:44:43 AM GMT+1","8","4","5","6","7","5","2","6","6","7","7","6","","5","4","5","7","Yes",""
"2019/11/26 2:47:40 AM GMT+1","7","2","5","4","5","5","2","5","7","6","5","6","6","4","2","3","8","Yes",""
"2019/11/26 2:54:15 AM GMT+1","9","1","6","6","6","6","4","7","7","7","7","8","8","5","5","5","7","Yes",""
"2019/11/26 2:55:27 AM GMT+1","8","2","5","5","7","5","4","5","6","8","5","8","7","5","5","5","7","No",""
"2019/11/26 3:01:14 AM GMT+1","8","4","6","6","8","6","3","6","7","7","5","","8","7","6","7","7","Yes",""
"2019/11/26 3:06:24 AM GMT+1","7","3","6","5","8","6","3","7","7","9","6","7","8","6","7","6","9","Yes",""
"2019/11/26 3:11:19 AM GMT+1","7","1","5","1","7","5","1","5","7","7","7","6","8","5","1","1","7","No",""
"2019/11/26 3:11:51 AM GMT+1","7","3","4","5","4","4","4","5","7","8","6","5","7","3","4","4","9","Yes",""
"2019/11/26 3:15:09 AM GMT+1","6","1","4","3","9","6","5","7","8","8","5","6","7","5","1","1","9","No",""
"2019/11/26 3:17:04 AM GMT+1","5","1","6","5","6","6","1","5","5","5","6","6","7","1","2","4","7","",""
"2019/11/26 3:23:42 AM GMT+1","7","4","6","6","8","7","4","6","7","7","7","6","8","6","7","7","7","Yes",""
"2019/11/26 3:27:30 AM GMT+1","4","2","5","5","7","4","5","6","7","7","6","","8","4","3","5","7","",""
"2019/11/26 3:30:19 AM GMT+1","8","1","4","3","5","3","1","5","6","6","5","3","","1","2","1","6","Yes",""
"2019/11/26 3:32:13 AM GMT+1","6","3","4","4","6","4","3","5","6","6","5","5","6","5","5","4","7","Yes",""
"2019/11/26 3:34:45 AM GMT+1","6","3","4","4","6","4","3","5","6","5","5","4","5","4","4","3","5","No",""
"2019/11/26 3:34:53 AM GMT+1","6","2","5","5","5","7","2","5","6","6","6","5","7","4","4","2","7","Yes",""
"2019/11/26 3:38:08 AM GMT+1","8","2","4","4","5","3","3","4","6","7","6","7","7","3","7","5","8","Yes","ditheringFence"
"2019/11/26 3:42:05 AM GMT+1","9","4","6","6","8","5","3","5","8","8","8","6","9","6","3","3","8","Yes",""
"2019/11/26 3:43:56 AM GMT+1","8","4","6","5","6","6","4","6","7","7","6","5","6","4","6","6","7","","Qwerterton"
"2019/11/26 3:44:55 AM GMT+1","8","3","5","5","5","6","3","6","8","6","6","7","7","5","6","6","9","Yes",""
"2019/11/26 3:45:30 AM GMT+1","8","1","6","5","7","5","3","6","7","7","5","6","7","6","6","5","7","Yes",""
"2019/11/26 3:53:33 AM GMT+1","6","1","7","5","6","4","1","7","7","7","5","4","8","6","5","7","8","Yes",""
"2019/11/26 3:55:07 AM GMT+1","7","4","5","6","7","6","2","5","6","7","4","7","7","4","4","3","7","Yes",""
"2019/11/26 3:56:03 AM GMT+1","9","2","5","5","6","4","3","6","6","5","4","6","7","4","4","2","7","Yes",""
"2019/11/26 3:56:40 AM GMT+1","6","2","6","6","6","5","2","4","6","5","4","5","6","3","6","5","8","Yes",""
"2019/11/26 3:59:14 AM GMT+1","7","1","4","4","6","5","2","3","6","5","3","6","7","3","5","5","7","Yes",""
"2019/11/26 4:06:34 AM GMT+1","8","1","3","5","7","5","2","6","7","7","5","8","8","2","3","4","10","Yes","Sir-ponpon"
"2019/11/26 4:09:32 AM GMT+1","7","2","4","5","7","6","3","5","6","5","5","4","7","4","6","6","8","Yes",""
"2019/11/26 4:11:10 AM GMT+1","8","4","5","4","7","5","5","7","7","7","6","6","7","5","7","4","7","Yes",""
"2019/11/26 4:14:34 AM GMT+1","9","4","6","6","7","5","4","8","8","8","6","","","4","7","5","7","Yes",""
"2019/11/26 4:15:33 AM GMT+1","8","1","5","5","8","6","3","6","7","6","5","6","7","6","4","5","7","Yes",""
"2019/11/26 4:15:49 AM GMT+1","8","2","6","6","4","6","4","7","7","8","7","4","6","4","4","3","8","Yes",""
"2019/11/26 4:16:13 AM GMT+1","7","1","3","3","5","3","1","3","5","3","2","4","6","2","2","2","8","Yes",""
"2019/11/26 4:17:02 AM GMT+1","7","2","5","6","6","5","1","6","8","7","6","","7","5","4","3","7","Yes",""
"2019/11/26 4:23:03 AM GMT+1","7","1","5","5","6","6","2","5","6","6","6","6","8","5","5","3","8","Yes",""
"2019/11/26 4:26:18 AM GMT+1","8","2","4","4","6","5","2","6","8","7","6","2","8","6","2","2","6","No",""
"2019/11/26 4:26:43 AM GMT+1","4","3","3","3","6","4","2","4","6","5","4","5","6","3","2","1","8","No",""
"2019/11/26 4:27:46 AM GMT+1","9","2","4","5","5","6","3","5","8","6","6","7","8","5","6","6","7","No",""
"2019/11/26 4:30:20 AM GMT+1","10","1","4","4","5","2","1","5","7","7","5","1","7","3","1","1","8","Yes",""
"2019/11/26 4:30:51 AM GMT+1","9","3","5","6","6","7","3","7","6","7","5","","8","5","6","6","9","",""
"2019/11/26 4:33:19 AM GMT+1","8","1","6","5","6","6","3","6","6","8","6","6","7","5","5","5","8","No",""
"2019/11/26 4:38:30 AM GMT+1","8","3","5","5","7","6","3","6","8","6","7","1","8","5","5","3","8","Yes",""
"2019/11/26 4:40:22 AM GMT+1","8","1","6","6","7","5","3","4","7","6","3","5","7","3","3","1","6","Yes",""
"2019/11/26 4:41:13 AM GMT+1","9","2","6","5","5","5","3","7","5","7","3","6","6","4","5","6","8","Yes",""
"2019/11/26 4:50:11 AM GMT+1","6","3","5","4","5","6","3","5","5","6","6","5","6","6","5","4","5","Yes","abstractdosa"
"2019/11/26 4:52:24 AM GMT+1","7","3","5","5","6","2","1","6","7","6","6","7","7","4","5","5","7","Yes",""
"2019/11/26 4:55:11 AM GMT+1","9","2","5","5","4","5","4","5","6","7","6","","","3","6","4","9","Yes",""
"2019/11/26 5:01:28 AM GMT+1","8","3","5","5","6","6","4","6","7","7","7","6","8","4","3","4","8","No",""
"2019/11/26 5:10:36 AM GMT+1","8","1","6","2","6","5","1","7","7","7","7","4","6","2","2","1","7","Yes","Lord--of--Light"
"2019/11/26 5:12:49 AM GMT+1","7","4","5","5","5","1","1","5","7","8","5","","","4","3","4","7","Yes",""
"2019/11/26 5:23:54 AM GMT+1","8","4","5","5","6","7","4","6","7","7","7","","","5","5","5","8","No","sassyicon"
"2019/11/26 5:24:39 AM GMT+1","8","2","7","6","7","6","4","7","7","8","7","7","8","6","6","7","8","Yes",""
"2019/11/26 5:24:43 AM GMT+1","7","4","5","5","8","7","3","6","6","9","7","7","8","6","4","5","8","No",""
"2019/11/26 5:25:44 AM GMT+1","7","2","6","5","5","5","1","6","6","6","5","5","7","3","5","2","9","",""
"2019/11/26 5:26:05 AM GMT+1","7","1","4","4","7","4","2","4","7","7","5","","","4","4","2","7","No",""
"2019/11/26 5:30:41 AM GMT+1","7","2","5","5","7","7","4","6","7","7","6","4","7","5","4","3","8","Yes",""
"2019/11/26 5:35:57 AM GMT+1","6","1","6","6","6","4","2","8","8","8","6","4","7","7","4","8","9","Yes",""
"2019/11/26 5:57:03 AM GMT+1","7","1","4","3","5","5","1","4","6","5","5","6","6","4","6","5","8","Yes","u/quantumnair"
"2019/11/26 5:58:00 AM GMT+1","7","2","5","5","6","3","1","5","8","7","6","4","6","4","4","6","9","Yes",""
"2019/11/26 5:58:12 AM GMT+1","7","3","4","6","6","5","3","6","7","7","5","6","7","4","4","4","6","Yes",""
"2019/11/26 6:03:48 AM GMT+1","9","2","6","6","6","7","2","6","8","7","7","7","7","6","5","5","8","Yes",""
"2019/11/26 6:08:21 AM GMT+1","5","1","6","5","7","5","3","5","7","7","8","1","7","5","2","5","7","Yes",""
"2019/11/26 6:09:07 AM GMT+1","7","3","6","6","7","5","3","6","7","8","6","6","7","5","6","5","8","Yes",""
"2019/11/26 6:20:16 AM GMT+1","7","2","5","5","6","5","2","6","6","7","4","6","6","2","2","3","8","Yes",""
"2019/11/26 6:20:59 AM GMT+1","8","3","6","6","7","8","3","7","7","7","5","3","7","4","3","3","8","Yes","Thegeometrist"
"2019/11/26 6:22:14 AM GMT+1","6","1","4","4","6","4","1","5","7","5","5","1","6","4","5","5","8","Yes",""
"2019/11/26 6:26:08 AM GMT+1","7","2","5","5","6","5","4","6","8","7","6","","8","4","6","3","7","Yes",""
"2019/11/26 6:26:54 AM GMT+1","5","1","5","4","4","4","1","6","5","4","4","5","6","4","5","5","7","Yes","BeausBoBlows"
"2019/11/26 6:27:41 AM GMT+1","9","1","5","7","8","7","3","6","7","8","6","7","7","5","6","6","6","Yes","u/TopNotchGamerr"
"2019/11/26 6:35:34 AM GMT+1","9","1","5","5","5","5","4","6","6","6","5","5","7","5","5","5","8","Yes",""
"2019/11/26 6:46:42 AM GMT+1","6","3","5","5","5","5","4","5","7","6","4","6","6","5","4","5","9","No","u/FirstSonofDarkness"
"2019/11/26 6:49:18 AM GMT+1","8","4","6","5","7","6","4","6","7","9","5","5","7","5","5","2","8","Yes",""
"2019/11/26 6:51:09 AM GMT+1","9","3","4","4","7","4","1","6","6","8","7","3","8","3","5","3","9","Yes",""
"2019/11/26 6:54:51 AM GMT+1","8","1","7","7","10","6","1","8","8","8","7","1","10","5","3","4","6","No",""
"2019/11/26 6:57:57 AM GMT+1","7","2","6","5","6","6","1","5","5","4","4","6","7","4","3","3","8","Yes",""
"2019/11/26 7:01:00 AM GMT+1","7","1","4","3","7","4","3","4","6","6","5","3","7","4","4","2","7","No",""
"2019/11/26 7:02:45 AM GMT+1","7","1","5","6","5","4","2","4","7","7","7","","","5","2","4","7","",""
"2019/11/26 7:06:19 AM GMT+1","7","1","4","4","6","4","1","6","6","6","6","7","7","4","6","4","8","No",""
"2019/11/26 7:15:46 AM GMT+1","9","2","8","6","6","5","3","5","7","6","5","7","7","6","4","4","8","Yes",""
"2019/11/26 7:25:22 AM GMT+1","7","4","5","6","7","6","3","6","7","7","6","7","7","5","5","6","7","Yes",""
"2019/11/26 7:25:28 AM GMT+1","8","2","4","5","4","5","3","5","7","7","6","","7","4","4","4","7","",""
"2019/11/26 7:26:37 AM GMT+1","8","3","5","5","6","6","3","6","7","6","4","7","7","4","2","5","7","Yes","HappySisyphus22"
"2019/11/26 7:48:03 AM GMT+1","9","1","4","4","8","6","4","6","6","8","6","7","9","3","3","3","10","Yes","cl_3000"
"2019/11/26 7:51:16 AM GMT+1","7","3","4","4","5","4","3","4","5","6","5","5","5","6","5","5","6","No",""
"2019/11/26 7:52:38 AM GMT+1","7","1","5","6","6","7","2","5","7","7","7","6","7","5","5","4","6","Yes",""
"2019/11/26 7:59:30 AM GMT+1","9","4","5","6","6","7","2","6","6","7","5","6","7","4","5","3","9","Yes",""
"2019/11/26 8:04:21 AM GMT+1","7","1","4","4","5","5","3","5","6","6","5","","","2","5","4","7","No","Poopy_Butt_Seed"
"2019/11/26 8:04:35 AM GMT+1","9","2","5","4","6","4","2","5","6","7","6","6","8","4","5","5","7","Yes",""
"2019/11/26 8:08:26 AM GMT+1","9","3","6","6","7","7","3","6","8","7","6","7","8","6","4","6","8","Yes","trebledevil"
"2019/11/26 8:12:14 AM GMT+1","9","1","5","4","7","5","3","6","7","8","6","6","7","6","5","6","8","No",""
"2019/11/26 8:26:40 AM GMT+1","4","1","5","5","7","4","3","5","6","6","4","4","6","5","4","3","7","No",""
"2019/11/26 8:27:39 AM GMT+1","7","1","5","5","7","6","4","6","7","7","6","6","7","5","5","3","9","Yes","Mattops007"
"2019/11/26 8:27:52 AM GMT+1","10","1","4","5","6","4","1","6","7","7","4","5","7","4","2","3","7","No",""
"2019/11/26 8:28:44 AM GMT+1","7","1","4","5","5","5","4","5","7","7","5","5","7","4","6","3","8","No",""
"2019/11/26 8:29:09 AM GMT+1","10","1","6","7","8","6","1","7","9","10","7","6","8","7","6","5","10","Yes","u/haaris69"
"2019/11/26 8:37:37 AM GMT+1","9","3","7","8","7","7","3","5","7","7","6","6","8","5","6","3","6","Yes",""
"2019/11/26 8:38:28 AM GMT+1","7","2","4","4","5","4","4","4","5","3","4","","","3","3","3","6","Yes",""
"2019/11/26 8:39:34 AM GMT+1","6","1","5","6","8","4","3","6","6","7","6","7","7","5","6","5","9","Yes",""
"2019/11/26 8:41:10 AM GMT+1","8","2","5","6","7","6","4","7","7","7","6","6","7","6","6","6","8","Yes",""
"2019/11/26 8:41:32 AM GMT+1","7","3","6","5","7","6","4","5","8","6","6","7","7","5","4","6","8","No","2dollab"
"2019/11/26 8:43:53 AM GMT+1","7","3","5","4","6","5","3","5","6","6","5","7","8","4","6","3","8","Yes","TwiggUK"
"2019/11/26 8:44:18 AM GMT+1","9","4","4","5","4","6","2","5","6","7","5","8","8","4","5","4","10","Yes","Seer_Sunshine"
"2019/11/26 8:47:43 AM GMT+1","7","3","6","4","5","2","1","1","8","7","4","5","7","3","6","5","2","No",""
"2019/11/26 8:49:22 AM GMT+1","9","2","5","6","7","4","2","6","7","7","4","6","6","4","3","4","6","Yes",""
"2019/11/26 8:50:55 AM GMT+1","7","1","4","4","7","5","3","6","8","8","5","5","7","6","6","4","8","No","YOMAMA"
"2019/11/26 8:52:08 AM GMT+1","9","4","7","6","6","5","2","7","8","7","5","7","7","4","6","4","8","Yes",""
"2019/11/26 8:53:32 AM GMT+1","8","1","4","4","7","4","2","6","5","5","3","4","9","3","2","1","6","Yes",""
"2019/11/26 8:53:40 AM GMT+1","8","2","5","5","5","4","2","5","7","6","5","6","7","5","5","5","8","Yes","SAKabir"
"2019/11/26 8:53:56 AM GMT+1","7","1","6","4","6","6","3","4","6","6","6","5","6","5","5","5","8","Yes",""
"2019/11/26 8:55:11 AM GMT+1","9","1","4","3","6","4","2","6","7","7","5","5","6","3","5","3","4","Yes","diztirub1"
"2019/11/26 8:58:12 AM GMT+1","9","1","3","4","7","3","2","6","4","8","7","5","8","2","2","4","5","Yes",""
"2019/11/26 9:02:27 AM GMT+1","8","1","4","4","7","5","3","6","8","7","7","6","7","5","3","4","7","No","MajinOkabe"
"2019/11/26 9:09:13 AM GMT+1","8","3","4","5","6","7","4","6","8","7","4","7","7","6","7","5","7","Yes",""
"2019/11/26 9:11:11 AM GMT+1","7","3","5","5","7","6","5","6","6","6","6","6","7","5","6","6","8","No",""
"2019/11/26 9:12:15 AM GMT+1","7","1","4","5","6","4","2","5","6","5","4","4","5","4","6","3","7","Yes","Kittyxstorm"
"2019/11/26 9:12:38 AM GMT+1","8","1","4","3","7","3","2","5","8","6","5","8","8","3","6","8","10","Yes",""
"2019/11/26 9:13:48 AM GMT+1","8","1","4","4","6","6","1","5","7","7","6","7","7","4","5","4","6","Yes","mexugyar"
"2019/11/26 9:15:07 AM GMT+1","8","1","4","4","6","4","3","5","6","6","6","6","7","3","6","7","7","No",""
"2019/11/26 9:16:34 AM GMT+1","7","1","4","5","5","5","3","4","6","4","3","6","5","4","5","5","8","Yes","RedFellow98"
"2019/11/26 9:18:33 AM GMT+1","7","3","5","5","5","6","4","5","6","6","6","7","7","4","3","4","7","Yes","Anirudh707"
"2019/11/26 9:25:02 AM GMT+1","9","3","5","3","5","7","2","5","7","5","5","7","7","3","7","2","10","Yes",""
"2019/11/26 9:27:17 AM GMT+1","7","1","6","5","8","7","4","7","8","8","8","7","8","4","4","5","7","No",""
"2019/11/26 9:31:23 AM GMT+1","8","4","6","6","7","5","4","7","8","6","7","7","9","6","8","9","9","Yes",""
"2019/11/26 9:31:34 AM GMT+1","8","2","5","5","6","5","5","6","7","7","5","7","8","6","7","6","9","No",""
"2019/11/26 9:37:34 AM GMT+1","7","4","6","6","7","7","4","6","8","7","6","6","7","6","6","6","7","Yes","Funnurabaa"
"2019/11/26 9:40:03 AM GMT+1","7","2","4","4","5","4","2","4","5","6","5","5","5","3","1","3","9","Yes",""
"2019/11/26 9:40:15 AM GMT+1","9","4","6","6","7","7","5","6","9","8","7","8","8","6","7","6","9","Yes",""
"2019/11/26 9:40:23 AM GMT+1","9","2","5","5","6","7","2","5","8","8","8","8","9","6","5","4","6","Yes",""
"2019/11/26 9:44:34 AM GMT+1","9","4","5","5","5","5","5","5","6","6","4","5","7","5","5","4","9","Yes",""
"2019/11/26 9:46:13 AM GMT+1","8","4","6","6","6","6","5","6","7","7","6","6","7","6","6","6","7","Yes","NRF91"
"2019/11/26 9:48:36 AM GMT+1","8","1","5","6","7","6","3","7","6","8","5","","","4","4","6","9","Yes",""
"2019/11/26 9:53:26 AM GMT+1","8","3","5","6","8","5","3","8","7","7","6","7","8","4","2","7","8","Yes","Drewby800"
"2019/11/26 9:53:41 AM GMT+1","8","1","4","4","7","5","4","5","7","7","6","4","7","5","4","5","5","No",""
"2019/11/26 9:57:57 AM GMT+1","6","2","6","4","5","3","2","5","6","5","5","3","6","4","4","5","8","Yes",""
"2019/11/26 9:59:08 AM GMT+1","6","1","5","4","7","6","2","5","6","3","4","3","5","2","3","4","6","No",""
"2019/11/26 9:59:22 AM GMT+1","9","1","6","6","7","3","2","6","7","6","6","7","8","5","6","7","8","Yes",""
"2019/11/26 10:02:31 AM GMT+1","8","2","4","3","4","5","2","5","5","6","4","6","5","4","5","7","8","No",""
"2019/11/26 10:05:55 AM GMT+1","6","2","4","4","7","5","2","5","7","6","4","6","6","4","7","5","7","Yes",""
"2019/11/26 10:08:51 AM GMT+1","8","3","7","6","7","6","4","7","6","6","5","","","6","7","6","7","Yes",""
"2019/11/26 10:11:21 AM GMT+1","7","4","6","6","7","6","4","6","7","8","6","3","5","6","6","5","6","Yes",""
"2019/11/26 10:13:16 AM GMT+1","9","2","3","4","6","4","2","6","4","3","4","2","7","1","6","4","4","Yes",""
"2019/11/26 10:14:28 AM GMT+1","8","2","6","6","7","7","3","6","7","7","7","6","8","5","5","3","5","Yes",""
"2019/11/26 10:14:43 AM GMT+1","6","3","6","5","6","6","4","5","6","7","6","","","5","6","7","7","No",""
"2019/11/26 10:15:50 AM GMT+1","8","1","3","4","7","3","2","4","6","6","4","1","8","4","4","6","8","No",""
"2019/11/26 10:16:43 AM GMT+1","9","2","6","6","5","5","3","7","7","7","5","6","7","5","5","1","8","Yes",""
"2019/11/26 10:17:31 AM GMT+1","8","2","4","5","6","5","3","5","6","6","4","5","5","2","5","3","9","Yes",""
"2019/11/26 10:18:09 AM GMT+1","8","1","8","6","7","3","2","5","6","9","6","1","5","3","5","1","9","Yes",""
"2019/11/26 10:23:48 AM GMT+1","9","1","5","6","5","7","2","6","5","5","5","6","6","3","7","6","8","Yes",""
"2019/11/26 10:25:11 AM GMT+1","7","2","3","3","6","2","1","5","7","6","3","6","7","4","1","5","6","Yes",""
"2019/11/26 10:35:28 AM GMT+1","9","1","3","3","3","2","2","4","5","4","5","4","","3","3","1","7","Yes",""
"2019/11/26 10:35:49 AM GMT+1","2","2","2","2","2","2","2","2","2","2","2","","2","2","2","2","10","Yes",""
"2019/11/26 10:36:57 AM GMT+1","8","4","6","6","6","6","4","5","6","6","5","6","6","5","6","6","8","Yes",""
"2019/11/26 10:37:39 AM GMT+1","8","1","6","6","7","6","4","5","7","7","6","5","7","5","5","4","7","Yes",""
"2019/11/26 10:40:54 AM GMT+1","9","3","5","5","5","5","3","5","6","5","5","4","6","6","6","7","9","Yes","Mesromith"
"2019/11/26 10:43:46 AM GMT+1","6","3","4","4","5","2","2","4","6","7","6","4","4","2","3","7","6","Yes",""
"2019/11/26 10:52:26 AM GMT+1","6","1","4","4","6","2","1","4","6","6","3","5","7","3","4","2","7","No",""
"2019/11/26 10:54:52 AM GMT+1","9","1","7","5","8","8","2","6","9","10","7","7","10","5","6","1","10","Yes",""
"2019/11/26 10:57:16 AM GMT+1","7","2","6","6","7","6","5","7","7","8","6","7","9","6","6","5","8","Yes",""
"2019/11/26 10:59:06 AM GMT+1","10","1","7","6","6","7","1","5","8","6","7","7","7","4","2","3","7","No",""
"2019/11/26 11:01:10 AM GMT+1","1","1","1","1","1","1","1","1","1","1","1","1","1","1","1","1","1","No",""
"2019/11/26 11:01:50 AM GMT+1","7","2","6","6","7","7","3","6","7","7","6","","7","6","9","7","8","Yes",""
"2019/11/26 11:06:39 AM GMT+1","9","1","1","1","1","1","1","1","1","1","1","","","1","1","1","10","Yes",""
"2019/11/26 11:17:23 AM GMT+1","6","1","5","4","8","3","3","6","5","7","7","6","8","3","3","4","7","",""
"2019/11/26 11:22:25 AM GMT+1","9","1","4","5","9","7","3","7","9","10","7","5","9","7","5","4","8","No",""
"2019/11/26 11:22:56 AM GMT+1","8","2","4","4","8","5","3","6","7","6","7","2","7","3","6","2","8","",""
"2019/11/26 11:29:58 AM GMT+1","7","1","6","6","6","5","4","7","6","7","6","","","5","7","6","7","No",""
"2019/11/26 11:36:40 AM GMT+1","6","3","5","5","6","6","3","7","7","9","7","6","6","6","4","2","7","Yes",""
"2019/11/26 11:38:13 AM GMT+1","7","2","5","5","6","5","3","5","7","6","5","5","6","4","4","5","8","",""
"2019/11/26 11:38:54 AM GMT+1","8","1","6","5","7","5","2","6","8","8","5","7","7","5","6","6","8","Yes",""
"2019/11/26 11:40:14 AM GMT+1","6","1","6","6","8","6","1","8","7","7","6","","","5","5","6","8","Yes",""
"2019/11/26 11:41:46 AM GMT+1","1","1","8","8","6","7","7","7","7","7","7","7","6","3","3","1","10","No",""
"2019/11/26 11:43:31 AM GMT+1","7","1","6","4","6","4","2","6","7","7","5","2","4","3","5","1","10","Yes",""
"2019/11/26 11:50:39 AM GMT+1","7","2","4","5","6","5","4","5","6","6","6","5","6","3","4","4","9","Yes",""
"2019/11/26 11:53:07 AM GMT+1","8","1","5","4","7","6","3","5","6","7","4","","7","2","5","1","6","Yes",""
"2019/11/26 12:01:53 PM GMT+1","10","1","5","7","6","4","3","8","7","8","6","3","7","6","6","9","6","Yes",""
"2019/11/26 12:08:27 PM GMT+1","3","1","2","2","2","1","4","3","4","5","5","","","5","5","3","8","Yes",""
"2019/11/26 12:11:31 PM GMT+1","9","3","4","6","5","5","3","4","5","4","4","4","7","2","2","1","9","Yes",""
"2019/11/26 12:14:18 PM GMT+1","10","2","6","5","5","5","2","4","6","7","5","5","6","3","4","3","4","No",""
"2019/11/26 12:15:06 PM GMT+1","8","3","5","5","8","5","4","6","7","8","5","5","7","5","7","6","8","Yes",""
"2019/11/26 12:16:52 PM GMT+1","6","1","5","6","7","7","4","7","7","7","6","6","6","5","6","6","7","No",""
"2019/11/26 12:20:53 PM GMT+1","8","3","4","4","7","5","3","5","7","8","7","8","8","5","7","7","8","No",""
"2019/11/26 12:21:15 PM GMT+1","6","1","4","4","6","3","1","4","7","7","6","4","7","4","6","4","9","Yes",""
"2019/11/26 12:31:37 PM GMT+1","6","3","4","4","7","6","4","6","7","7","5","","8","5","5","9","7","Yes",""
"2019/11/26 12:38:44 PM GMT+1","6","3","5","5","6","4","3","5","6","6","5","5","6","5","4","2","6","Yes","dkerke"
"2019/11/26 12:45:04 PM GMT+1","8","2","6","6","7","6","3","6","7","7","6","5","8","5","3","5","5","Yes",""
"2019/11/26 12:46:51 PM GMT+1","6","3","5","5","7","7","2","5","6","6","5","4","7","4","4","3","6","No",""
"2019/11/26 12:48:44 PM GMT+1","3","2","1","3","5","4","4","4","4","4","3","1","2","3","3","1","10","Yes","Oleisafootballgenius"
"2019/11/26 12:52:12 PM GMT+1","8","2","3","4","6","6","3","4","6","6","5","","","4","3","2","7","Yes","QUIZK"
"2019/11/26 12:55:24 PM GMT+1","9","3","5","6","6","4","4","6","6","6","6","","","3","4","8","8","",""
"2019/11/26 12:57:13 PM GMT+1","7","1","3","5","4","3","2","5","6","5","5","4","5","4","3","6","9","Yes",""
"2019/11/26 12:58:52 PM GMT+1","8","2","5","5","8","6","1","4","6","6","5","6","6","6","6","3","7","Yes",""
"2019/11/26 1:04:46 PM GMT+1","9","5","6","6","7","4","3","6","7","7","6","5","8","7","5","7","8","Yes",""
"2019/11/26 1:07:47 PM GMT+1","9","1","6","5","8","5","2","7","8","9","9","7","10","6","5","6","8","Yes",""
"2019/11/26 1:12:32 PM GMT+1","7","4","6","6","8","5","5","6","7","7","5","6","7","5","4","4","8","Yes",""
"2019/11/26 1:18:00 PM GMT+1","7","3","3","4","5","5","4","5","6","5","5","5","6","5","7","3","8","Yes",""
"2019/11/26 1:20:48 PM GMT+1","6","2","5","7","3","4","3","6","5","6","6","4","5","4","4","5","5","Yes",""
"2019/11/26 1:21:52 PM GMT+1","9","2","5","6","8","4","2","6","7","8","6","3","8","6","4","5","8","No",""
"2019/11/26 1:23:04 PM GMT+1","7","3","5","5","7","6","1","5","5","5","3","5","6","4","4","3","9","Yes",""
"2019/11/26 1:33:03 PM GMT+1","9","1","5","5","6","4","2","5","8","7","6","2","6","5","9","6","9","Yes","nishunter"
"2019/11/26 1:37:06 PM GMT+1","8","1","5","6","7","5","4","6","7","8","6","","","5","4","5","7","Yes",""
"2019/11/26 1:37:47 PM GMT+1","5","3","4","4","6","4","3","5","5","6","5","","7","4","2","5","6","Yes","JOOPLP"
"2019/11/26 1:47:37 PM GMT+1","9","3","5","6","7","5","3","6","8","8","7","7","7","5","4","2","8","No",""
"2019/11/26 1:57:11 PM GMT+1","9","2","4","4","7","4","3","7","6","8","6","7","8","4","5","5","8","Yes",""
"2019/11/26 2:00:43 PM GMT+1","8","1","5","5","7","5","2","5","6","7","6","","7","4","5","5","7","No",""
"2019/11/26 2:03:04 PM GMT+1","7","2","5","5","6","5","5","5","6","6","5","6","6","3","5","4","7","No","JustinGue"
"2019/11/26 2:04:33 PM GMT+1","7","3","6","6","6","7","1","5","7","8","6","5","6","4","5","3","7","No",""
"2019/11/26 2:08:58 PM GMT+1","8","3","5","5","7","4","2","6","8","8","7","7","8","6","7","5","9","Yes",""
"2019/11/26 2:12:32 PM GMT+1","8","1","4","3","6","6","2","5","8","7","5","5","7","4","4","2","9","No",""
"2019/11/26 2:31:45 PM GMT+1","9","2","5","5","7","6","4","6","6","7","6","5","6","4","6","4","7","","u/tgk44"
"2019/11/26 2:41:09 PM GMT+1","7","3","4","6","6","5","3","6","5","6","4","7","7","4","6","3","7","No",""
"2019/11/26 3:18:22 PM GMT+1","8","4","6","7","7","5","3","7","7","7","5","6","7","6","4","5","7","Yes",""
"2019/11/26 3:30:26 PM GMT+1","7","3","5","5","8","3","2","7","5","7","1","7","9","5","5","8","8","Yes",""
"2019/11/26 4:49:30 PM GMT+1","4","4","4","10","7","6","5","10","8","10","6","5","8","6","6","10","10","Yes",""
"2019/11/26 4:55:11 PM GMT+1","6","1","4","4","4","4","1","6","6","6","6","4","6","4","1","4","6","Yes","jayden3368"
"2019/11/26 5:14:20 PM GMT+1","7","2","5","5","5","5","2","5","7","7","6","5","6","6","6","6","9","Yes",""
"2019/11/26 5:34:47 PM GMT+1","8","1","6","6","7","5","4","5","7","8","6","4","7","6","6","7","8","Yes",""
"2019/11/26 5:43:42 PM GMT+1","6","4","5","5","6","6","4","7","6","8","5","6","7","4","5","5","9","Yes","Letsfollowraj"
"2019/11/26 5:50:07 PM GMT+1","8","4","5","5","7","5","4","5","7","6","6","6","6","5","4","5","6","No",""
"2019/11/26 6:06:42 PM GMT+1","8","1","4","4","6","6","1","4","7","6","7","7","7","3","4","3","8","No",""
"2019/11/26 6:16:16 PM GMT+1","7","1","5","5","7","4","4","6","8","8","5","5","7","5","4","6","9","Yes",""
"2019/11/26 6:36:29 PM GMT+1","7","2","4","3","6","4","3","5","6","6","6","6","8","5","5","5","7","Yes",""
"2019/11/26 6:58:36 PM GMT+1","7","2","6","6","8","5","2","7","8","8","7","6","8","6","4","2","7","No","Ras_OKan"
"2019/11/26 8:04:58 PM GMT+1","4","3","4","4","6","5","5","5","7","5","6","","8","2","2","4","8","Yes","KekUnited"
"2019/11/26 8:32:53 PM GMT+1","7","2","4","4","6","5","1","4","7","7","7","6","8","4","4","6","9","Yes",""
"2019/11/26 9:13:34 PM GMT+1","8","2","5","5","7","5","4","5","7","7","5","7","7","4","6","7","8","Yes","u/endofnight"
"2019/11/26 9:40:24 PM GMT+1","7","2","5","5","7","5","5","5","8","6","6","6","7","6","6","4","5","Yes",""
"2019/11/26 10:06:02 PM GMT+1","9","1","4","5","6","4","2","5","7","6","4","6","7","5","3","2","8","Yes",""
"2019/11/27 12:02:48 AM GMT+1","9","2","6","7","8","6","4","7","8","7","8","6","7","6","6","8","9","Yes",""
"2019/11/27 1:29:29 AM GMT+1","8","1","5","4","5","5","4","7","5","5","4","5","5","3","2","2","8","Yes",""
"2019/11/27 2:20:37 AM GMT+1","9","1","8","7","7","4","2","8","7","7","7","5","6","3","7","4","6","Yes",""
"2019/11/27 4:13:03 AM GMT+1","9","1","4","4","5","5","2","7","6","6","6","","7","5","8","8","8","Yes",""
"2019/11/27 9:15:18 AM GMT+1","8","4","6","6","8","8","3","7","7","7","6","7","8","6","6","6","9","Yes",""
"2019/11/27 9:38:47 AM GMT+1","8","1","5","5","6","6","1","5","6","6","6","6","6","5","5","2","6","No","burkshire44"
"2019/11/27 11:23:03 AM GMT+1","7","1","6","6","6","6","3","6","7","8","5","3","7","5","2","2","8","No","No"