"Timestamp","De Gea","Williams","Maguire","Jones","AWB","Matic","Fred","James","Pereira","Mata","Martial","Greenwood (optional)","Lingard (optional)","Shaw (optional)","Team Performance","Final Result","Ole","Burnley","Did the ref do a good job? (optional)","Did VAR do a good job? (optional)"
"2020/01/25 12:53:32 PM GMT+1","4","5","2","2","4","3","4","3","1","4","2","5","1","2","2","1","1","5","",""
"2020/01/25 12:56:01 PM GMT+1","4","6","5","6","7","7","6","5","4","4","5","5","","","4","1","5","3","No","Yes"
"2020/01/25 1:02:26 PM GMT+1","4","6","3","3","4","4","4","5","3","4","4","4","3","3","3","2","3","6","Yes","Yes"
"2020/01/25 1:02:33 PM GMT+1","4","4","3","4","5","3","4","3","3","4","3","4","4","4","4","2","3","5","Yes","Yes"
"2020/01/25 1:02:35 PM GMT+1","5","5","1","2","3","3","4","2","2","1","1","6","","","1","1","1","5","Yes","Yes"
"2020/01/25 1:04:18 PM GMT+1","6","6","5","6","7","6","6","5","4","5","5","5","5","5","3","5","5","6","No",""
"2020/01/25 1:04:55 PM GMT+1","6","6","3","7","6","6","7","2","2","2","2","4","4","4","1","1","1","2","Yes","Yes"
"2020/01/25 1:05:42 PM GMT+1","3","5","2","4","5","6","6","1","1","4","1","5","2","3","1","1","1","7","Yes","Yes"
"2020/01/25 1:07:03 PM GMT+1","3","5","2","2","6","5","6","2","2","5","2","5","","","1","1","2","6","Yes","Yes"
"2020/01/25 1:07:04 PM GMT+1","6","7","5","5","6","6","6","5","4","5","5","","","","3","3","4","7","Yes","Yes"
"2020/01/25 1:09:51 PM GMT+1","2","2","2","2","5","3","3","2","1","2","1","2","2","2","1","1","1","5","No","Yes"
"2020/01/25 1:10:05 PM GMT+1","6","5","2","3","6","4","4","4","1","2","2","","","","1","1","1","6","Yes","Yes"
"2020/01/25 1:11:05 PM GMT+1","3","4","3","2","5","4","5","4","3","3","3","","","","2","1","2","6","",""
"2020/01/25 1:11:48 PM GMT+1","2","2","1","2","4","5","2","2","1","4","1","","","1","2","1","1","4","No","No"
"2020/01/25 1:11:49 PM GMT+1","4","6","5","5","7","2","7","3","2","1","2","","1","3","3","1","3","5","Yes",""
"2020/01/25 1:11:53 PM GMT+1","5","7","3","5","7","6","6","4","1","4","3","","","","4","1","7","5","No",""
"2020/01/25 1:12:11 PM GMT+1","5","8","6","6","7","4","7","5","2","4","3","7","5","3","3","1","1","9","No","Yes"
"2020/01/25 1:12:13 PM GMT+1","3","3","2","1","2","3","5","3","3","3","3","3","2","2","2","2","1","9","Yes","Yes"
"2020/01/25 1:12:49 PM GMT+1","3","5","2","3","7","4","5","3","2","2","2","3","2","2","1","1","1","8","Yes",""
"2020/01/25 1:12:51 PM GMT+1","2","5","2","6","4","5","6","4","4","6","3","3","3","3","3","1","3","4","",""
"2020/01/25 1:14:13 PM GMT+1","6","6","5","4","8","6","7","7","5","7","4","5","5","6","2","1","1","4","Yes","Yes"
"2020/01/25 1:15:54 PM GMT+1","5","6","5","5","6","6","6","4","3","5","4","","","","4","1","5","7","No","No"
"2020/01/25 1:16:24 PM GMT+1","5","5","3","1","5","5","6","4","1","2","4","5","1","1","1","1","1","5","Yes","Yes"
"2020/01/25 1:16:59 PM GMT+1","5","7","3","7","5","5","6","6","4","4","4","","","","2","1","2","6","No",""
"2020/01/25 1:17:03 PM GMT+1","5","6","4","5","5","5","5","4","3","4","3","","","","4","1","3","5","No","No"
"2020/01/25 1:17:11 PM GMT+1","5","5","4","4","5","5","5","4","4","5","4","4","4","4","4","3","4","5","",""
"2020/01/25 1:18:00 PM GMT+1","5","6","4","6","6","5","6","4","2","5","3","5","4","6","2","1","3","4","Yes","Yes"
"2020/01/25 1:18:59 PM GMT+1","5","5","5","7","7","5","8","5","5","5","5","7","5","7","5","1","10","5","No","No"
"2020/01/25 1:20:05 PM GMT+1","6","6","5","5","7","6","5","4","4","4","4","4","4","4","1","1","2","5","Yes","Yes"
"2020/01/25 1:21:04 PM GMT+1","1","1","2","10","1","1","1","1","10","1","1","1","10","10","10","10","10","1","Yes","Yes"
"2020/01/25 1:21:21 PM GMT+1","6","5","4","4","6","4","6","5","4","4","4","5","4","4","3","2","3","8","Yes","Yes"
"2020/01/25 1:21:26 PM GMT+1","5","5","3","3","6","5","5","4","3","4","4","","","","2","2","2","7","Yes","Yes"
"2020/01/25 1:21:57 PM GMT+1","3","3","3","2","4","4","4","3","1","2","1","","","","1","1","1","8","Yes","Yes"
"2020/01/25 1:24:02 PM GMT+1","4","5","3","3","7","4","6","3","1","2","2","5","3","5","3","2","6","7","Yes","Yes"
"2020/01/25 1:24:36 PM GMT+1","10","10","10","9","10","8","10","8","6","6","6","","","","1","1","9","1","Yes","Yes"
"2020/01/25 1:24:40 PM GMT+1","6","6","5","6","7","7","7","6","4","5","5","6","5","5","4","1","2","7","Yes","Yes"
"2020/01/25 1:25:25 PM GMT+1","4","5","5","6","7","5","6","4","3","4","4","4","4","6","1","1","1","8","Yes","Yes"
"2020/01/25 1:25:54 PM GMT+1","5","5","3","4","5","4","4","5","2","2","2","6","3","5","1","1","2","7","No","No"
"2020/01/25 1:26:55 PM GMT+1","6","5","2","6","8","6","3","3","2","3","2","3","3","7","4","1","6","6","No","No"
"2020/01/25 1:27:01 PM GMT+1","6","6","3","4","6","5","7","5","2","4","2","4","4","4","1","1","3","6","Yes","Yes"
"2020/01/25 1:27:23 PM GMT+1","5","5","3","5","6","5","5","3","2","3","3","","","","1","1","3","7","Yes","Yes"
"2020/01/25 1:28:02 PM GMT+1","5","3","1","4","1","5","5","1","1","1","1","5","1","1","1","1","1","9","Yes","Yes"
"2020/01/25 1:28:53 PM GMT+1","1","5","1","2","3","1","8","4","1","4","1","","","","2","1","1","5","Yes","Yes"
"2020/01/25 1:29:00 PM GMT+1","5","6","4","6","5","5","6","4","2","4","4","5","5","5","2","1","2","8","Yes","Yes"
"2020/01/25 1:29:01 PM GMT+1","5","6","4","4","5","6","6","4","3","4","4","5","4","6","4","1","4","5","Yes","Yes"
"2020/01/25 1:29:17 PM GMT+1","3","3","3","5","5","2","4","5","2","2","2","4","1","1","1","1","3","5","Yes","Yes"
"2020/01/25 1:29:28 PM GMT+1","4","5","3","4","6","5","4","4","3","4","3","4","3","4","3","2","3","7","Yes","Yes"
"2020/01/25 1:30:15 PM GMT+1","6","6","3","8","6","5","6","3","1","2","3","","2","","1","1","6","8","Yes","Yes"
"2020/01/25 1:30:39 PM GMT+1","6","6","3","5","7","5","5","4","5","5","4","4","3","6","3","1","2","6","Yes","Yes"
"2020/01/25 1:33:24 PM GMT+1","5","1","5","6","7","5","7","4","4","4","5","","","","5","3","6","7","Yes","No"
"2020/01/25 1:34:13 PM GMT+1","6","7","2","7","6","6","7","6","7","6","7","6","6","6","3","1","1","7","Yes","Yes"
"2020/01/25 1:35:35 PM GMT+1","6","5","5","5","6","6","6","4","4","4","4","4","3","","4","1","5","5","",""
"2020/01/25 1:36:16 PM GMT+1","6","5","4","6","5","6","7","4","3","4","4","","","","2","1","1","7","Yes","Yes"
"2020/01/25 1:38:02 PM GMT+1","3","6","3","2","6","4","5","4","3","4","4","5","2","3","1","1","3","6","No","No"
"2020/01/25 1:38:27 PM GMT+1","5","6","3","4","7","7","6","5","4","5","4","5","3","6","3","2","4","7","Yes","Yes"
"2020/01/25 1:38:53 PM GMT+1","5","6","4","3","6","5","5","5","4","4","4","4","3","3","3","3","2","7","Yes","Yes"
"2020/01/25 1:39:04 PM GMT+1","4","5","4","4","4","6","7","5","1","1","1","5","5","5","1","1","4","8","Yes","Yes"
"2020/01/25 1:39:07 PM GMT+1","5","5","4","4","5","4","5","4","3","4","4","","","","3","3","3","5","Yes","Yes"
"2020/01/25 1:39:15 PM GMT+1","3","5","3","5","6","5","7","5","2","3","2","6","4","4","3","1","3","5","",""
"2020/01/25 1:40:26 PM GMT+1","6","5","4","4","4","4","5","4","3","3","3","4","4","5","1","1","5","4","Yes","Yes"
"2020/01/25 1:40:29 PM GMT+1","5","5","3","6","7","6","5","4","5","4","3","4","4","4","4","2","5","3","Yes","Yes"
"2020/01/25 1:41:29 PM GMT+1","2","5","4","4","7","5","6","3","2","3","3","3","3","5","1","1","1","9","Yes","Yes"
"2020/01/25 1:41:49 PM GMT+1","5","6","5","6","7","6","7","5","4","5","3","4","","","3","3","6","7","No","No"
"2020/01/25 1:42:15 PM GMT+1","5","5","4","5","7","6","5","5","3","4","4","5","5","7","4","1","1","6","",""
"2020/01/25 1:42:40 PM GMT+1","3","4","3","4","4","4","4","3","1","3","2","2","1","2","1","1","2","7","",""
"2020/01/25 1:43:04 PM GMT+1","4","5","4","4","5","4","4","3","1","3","2","","3","1","1","2","3","4","Yes","Yes"
"2020/01/25 1:43:44 PM GMT+1","6","6","4","6","6","6","6","3","3","5","2","6","5","5","2","1","4","7","Yes","Yes"
"2020/01/25 1:43:58 PM GMT+1","6","6","6","3","6","5","5","3","5","4","3","4","2","5","3","2","2","7","Yes","Yes"
"2020/01/25 1:51:03 PM GMT+1","3","3","2","3","4","3","6","2","2","3","2","","","","2","1","5","4","Yes","Yes"
"2020/01/25 1:51:53 PM GMT+1","5","5","4","6","6","5","5","4","3","5","3","5","4","6","3","2","2","7","Yes","Yes"
"2020/01/25 1:52:07 PM GMT+1","6","6","3","5","4","6","6","5","4","5","5","5","4","5","1","1","2","6","Yes","Yes"
"2020/01/25 1:53:48 PM GMT+1","5","6","5","6","6","6","5","4","1","3","4","5","2","4","4","2","3","5","No","No"
"2020/01/25 1:59:21 PM GMT+1","6","7","4","5","8","5","7","6","2","4","4","6","","","2","2","3","4","Yes","Yes"
"2020/01/25 2:03:04 PM GMT+1","3","5","5","3","4","3","5","5","3","4","3","4","1","1","1","1","1","7","Yes","Yes"
"2020/01/25 2:03:34 PM GMT+1","5","6","3","3","4","4","4","4","2","1","2","3","2","3","1","1","3","6","Yes","Yes"
"2020/01/25 2:03:40 PM GMT+1","6","6","4","5","7","6","6","4","4","4","4","5","5","5","2","1","3","6","Yes","Yes"
"2020/01/25 2:05:47 PM GMT+1","5","6","5","7","6","6","5","5","4","5","4","5","4","5","5","3","4","7","Yes","Yes"
"2020/01/25 2:06:07 PM GMT+1","3","5","3","2","2","4","5","4","1","2","1","6","","","1","1","2","9","Yes","Yes"
"2020/01/25 2:10:08 PM GMT+1","5","5","4","3","4","5","5","5","2","2","2","3","3","3","1","1","3","5","Yes","Yes"
"2020/01/25 2:10:28 PM GMT+1","5","5","4","5","5","5","5","4","2","4","3","","","","1","2","4","6","",""
"2020/01/25 2:14:05 PM GMT+1","5","6","3","6","6","5","6","5","4","5","4","5","3","5","4","6","3","7","Yes","Yes"
"2020/01/25 2:15:20 PM GMT+1","6","6","6","6","6","6","6","6","6","4","3","6","6","6","3","1","1","8","Yes","Yes"
"2020/01/25 2:15:23 PM GMT+1","6","5","1","4","6","6","4","4","1","3","3","5","4","3","1","1","1","5","Yes","Yes"
"2020/01/25 2:20:11 PM GMT+1","6","5","5","4","6","4","5","4","2","5","3","","4","6","3","1","3","4","No","No"
"2020/01/25 2:22:48 PM GMT+1","8","6","6","5","7","7","7","8","1","4","4","7","6","6","8","1","8","5","Yes","Yes"
"2020/01/25 2:24:00 PM GMT+1","6","6","3","4","7","6","6","4","2","2","2","4","2","3","2","1","2","7","No","Yes"
"2020/01/25 2:26:12 PM GMT+1","4","4","3","6","7","6","4","4","4","5","2","4","4","4","4","1","6","3","No","No"
"2020/01/25 2:28:35 PM GMT+1","6","8","5","8","7","7","8","7","6","6","7","8","7","7","5","5","6","7","No","No"
"2020/01/25 2:30:09 PM GMT+1","3","5","2","6","4","6","6","4","3","4","4","6","4","5","1","1","7","1","Yes","Yes"
"2020/01/25 2:30:12 PM GMT+1","2","6","3","4","6","4","8","4","1","3","4","3","1","3","1","1","1","2","No","No"
"2020/01/25 2:30:29 PM GMT+1","6","7","6","7","8","6","6","6","6","6","6","6","6","6","4","1","5","4","Yes","Yes"
"2020/01/25 2:34:05 PM GMT+1","5","5","3","4","6","6","6","4","3","4","4","4","4","5","4","1","1","7","Yes","Yes"
"2020/01/25 2:34:14 PM GMT+1","4","4","4","4","4","4","6","3","2","3","3","","","","4","3","5","6","No","Yes"
"2020/01/25 2:34:20 PM GMT+1","5","5","3","3","4","4","5","4","4","3","3","4","3","4","3","3","2","5","No","No"
"2020/01/25 2:37:38 PM GMT+1","4","6","2","3","4","4","4","2","1","2","1","2","1","4","1","1","1","8","No","Yes"
"2020/01/25 2:38:27 PM GMT+1","3","8","3","4","6","5","6","6","1","3","3","5","2","4","4","4","7","6","Yes","Yes"
"2020/01/25 2:38:33 PM GMT+1","5","5","2","3","6","5","5","2","3","1","1","5","2","","3","1","1","2","Yes","No"
"2020/01/25 2:39:27 PM GMT+1","6","7","1","4","7","6","6","7","4","2","2","5","5","5","1","1","1","6","Yes","Yes"
"2020/01/25 2:40:23 PM GMT+1","4","6","3","4","4","6","6","4","3","2","2","","1","","3","1","4","7","Yes","Yes"
"2020/01/25 2:41:09 PM GMT+1","6","6","4","6","7","6","6","4","4","4","3","5","","","4","2","5","4","Yes","Yes"
"2020/01/25 2:41:13 PM GMT+1","5","5","4","6","5","6","5","4","3","3","3","","","","3","8","3","9","Yes","Yes"
"2020/01/25 2:41:21 PM GMT+1","6","6","4","5","6","5","6","5","5","5","3","","","","2","1","4","8","Yes","Yes"
"2020/01/25 2:42:42 PM GMT+1","4","6","2","5","7","7","7","1","1","1","1","5","1","6","1","1","1","8","Yes","Yes"
"2020/01/25 2:44:59 PM GMT+1","6","5","3","5","5","5","5","3","2","4","3","4","5","5","1","1","1","6","Yes","Yes"
"2020/01/25 2:45:31 PM GMT+1","4","3","4","3","4","5","7","5","2","4","5","5","2","2","2","1","2","6","Yes","Yes"
"2020/01/25 2:46:33 PM GMT+1","2","4","2","3","1","4","5","3","4","2","1","5","","5","1","1","1","7","Yes","Yes"
"2020/01/25 2:48:26 PM GMT+1","4","7","6","4","9","6","7","6","4","5","3","7","1","2","1","1","2","4","Yes","Yes"
"2020/01/25 2:52:06 PM GMT+1","5","5","4","6","8","4","4","4","4","4","3","","1","6","3","1","2","5","",""
"2020/01/25 2:52:41 PM GMT+1","3","4","2","3","4","4","4","3","1","3","3","","","","1","1","1","5","Yes","Yes"
"2020/01/25 2:55:31 PM GMT+1","5","6","6","6","8","6","9","5","5","5","8","6","6","6","4","1","4","3","No","No"
"2020/01/25 2:57:18 PM GMT+1","6","6","5","4","6","4","6","5","2","4","5","6","4","6","3","1","1","7","Yes","Yes"
"2020/01/25 2:59:27 PM GMT+1","5","5","2","4","5","4","2","2","1","2","1","3","1","2","2","5","1","7","Yes","Yes"
"2020/01/25 3:00:02 PM GMT+1","6","4","4","6","7","5","6","4","2","4","4","5","4","4","4","4","4","7","Yes","Yes"
"2020/01/25 3:01:15 PM GMT+1","5","6","3","3","6","5","5","1","1","3","2","4","3","3","3","3","1","6","Yes","Yes"
"2020/01/25 3:01:17 PM GMT+1","6","6","6","6","6","7","7","4","1","4","5","6","2","5","1","1","2","10","Yes","Yes"
"2020/01/25 3:06:08 PM GMT+1","1","5","1","1","4","2","2","2","1","1","1","1","1","1","1","10","1","10","Yes","Yes"
"2020/01/25 3:06:11 PM GMT+1","6","5","3","6","6","6","6","2","1","3","3","5","","","3","1","4","8","Yes",""
"2020/01/25 3:10:45 PM GMT+1","3","5","2","5","5","3","5","3","2","3","2","3","4","3","2","2","2","9","Yes","Yes"
"2020/01/25 3:11:38 PM GMT+1","4","7","5","5","6","6","5","4","3","4","3","","","","3","1","4","7","",""
"2020/01/25 3:17:33 PM GMT+1","4","5","8","3","5","2","4","5","4","5","4","6","1","3","3","2","1","4","",""
"2020/01/25 3:19:31 PM GMT+1","5","6","5","3","5","7","9","7","3","5","5","5","5","7","3","1","1","7","Yes","Yes"
"2020/01/25 3:20:08 PM GMT+1","5","5","1","5","5","7","4","3","1","4","1","","","","3","1","1","5","Yes","Yes"
"2020/01/25 3:22:59 PM GMT+1","8","4","4","6","6","8","7","5","5","4","3","6","4","6","3","1","8","9","No","No"
"2020/01/25 3:24:37 PM GMT+1","5","5","4","6","7","6","6","4","3","4","3","5","5","5","1","2","2","6","Yes","Yes"
"2020/01/25 3:26:36 PM GMT+1","4","5","3","6","5","6","4","3","2","3","3","4","4","1","1","1","1","6","Yes","Yes"
"2020/01/25 3:31:28 PM GMT+1","5","5","4","5","4","5","6","3","5","5","4","5","5","6","4","1","4","5","No","Yes"
"2020/01/25 3:39:52 PM GMT+1","7","8","6","6","9","6","10","7","1","4","3","5","3","6","3","1","4","6","No","No"
"2020/01/25 3:42:08 PM GMT+1","5","5","3","3","5","5","6","5","4","5","4","","","","1","1","3","5","Yes","Yes"
"2020/01/25 3:42:29 PM GMT+1","5","6","2","6","5","6","6","4","3","4","4","4","4","4","3","1","5","4","Yes","Yes"
"2020/01/25 3:43:05 PM GMT+1","4","6","4","3","5","5","6","4","3","4","4","","","","3","2","4","5","",""
"2020/01/25 3:44:48 PM GMT+1","5","6","4","5","4","5","6","3","3","4","3","4","3","4","3","1","4","6","Yes","Yes"
"2020/01/25 3:46:56 PM GMT+1","4","8","4","7","8","5","8","3","1","3","2","6","1","2","1","1","1","7","No","No"
"2020/01/25 3:57:53 PM GMT+1","6","6","6","7","6","6","6","5","4","5","3","4","","","3","1","8","6","Yes",""
"2020/01/25 4:00:45 PM GMT+1","5","5","3","4","5","5","5","2","2","3","2","","","","2","1","2","8","Yes","Yes"
"2020/01/25 4:01:12 PM GMT+1","7","7","7","7","9","6","10","6","3","3","3","","1","","3","1","1","10","",""
"2020/01/25 4:01:45 PM GMT+1","4","6","2","6","6","7","7","4","3","4","4","5","5","5","4","2","3","9","Yes","Yes"
"2020/01/25 4:02:54 PM GMT+1","5","6","4","4","6","6","6","5","1","5","3","5","5","1","1","1","1","6","Yes","Yes"
"2020/01/25 4:03:07 PM GMT+1","6","6","5","6","6","7","6","6","4","5","4","6","3","4","6","4","5","6","Yes","Yes"
"2020/01/25 4:04:54 PM GMT+1","6","7","4","6","6","6","6","2","2","2","2","6","1","","4","2","6","4","No","Yes"
"2020/01/25 4:05:59 PM GMT+1","4","4","2","5","5","4","5","3","3","4","3","4","4","4","2","1","1","4","Yes","Yes"
"2020/01/25 4:06:52 PM GMT+1","6","5","2","5","5","5","6","4","1","5","4","6","","","4","1","2","6","Yes","Yes"
"2020/01/25 4:10:35 PM GMT+1","8","6","3","8","8","8","6","4","3","4","4","5","3","3","2","1","5","7","",""
"2020/01/25 4:16:05 PM GMT+1","5","5","3","4","5","5","5","3","3","4","3","5","1","4","1","1","1","5","Yes","Yes"
"2020/01/25 4:33:53 PM GMT+1","2","5","2","3","4","4","5","3","2","2","2","","","","2","2","2","6","Yes",""
"2020/01/25 4:37:13 PM GMT+1","6","7","5","6","5","4","7","4","3","4","5","7","3","3","4","2","2","9","Yes","Yes"
"2020/01/25 4:37:58 PM GMT+1","2","2","1","3","4","2","3","4","2","3","1","3","2","2","2","3","1","9","Yes","Yes"
"2020/01/25 4:38:18 PM GMT+1","5","6","1","4","7","7","5","4","6","4","1","","1","1","2","10","1","5","",""
"2020/01/25 4:44:05 PM GMT+1","6","5","5","4","5","6","6","4","3","5","3","","2","","4","2","4","6","Yes","Yes"
"2020/01/25 4:52:54 PM GMT+1","5","7","4","7","7","5","7","5","4","4","3","6","3","","4","1","3","8","",""
"2020/01/25 4:55:59 PM GMT+1","5","5","2","7","7","6","6","2","2","3","5","","","","2","1","2","8","Yes","Yes"
"2020/01/25 4:57:57 PM GMT+1","7","7","5","1","5","5","8","5","5","5","5","5","2","4","4","4","5","7","Yes","Yes"
"2020/01/25 5:00:57 PM GMT+1","5","5","5","6","7","5","7","4","3","5","3","6","5","4","1","1","3","5","No","Yes"
"2020/01/25 5:01:37 PM GMT+1","5","5","4","4","5","6","6","5","3","5","5","","","","1","1","4","6","Yes","Yes"
"2020/01/25 5:01:45 PM GMT+1","5","5","4","5","3","4","6","3","3","3","5","4","3","5","1","1","1","9","Yes","Yes"
"2020/01/25 5:06:18 PM GMT+1","5","6","4","4","7","5","6","4","4","4","4","5","4","4","3","1","5","7","Yes","Yes"
"2020/01/25 5:06:21 PM GMT+1","4","7","5","5","6","5","6","3","1","2","6","","3","3","3","1","4","7","Yes","Yes"
"2020/01/25 5:08:31 PM GMT+1","6","5","2","2","3","5","5","3","2","4","2","7","2","3","2","2","2","6","Yes","Yes"
"2020/01/25 5:12:53 PM GMT+1","4","6","5","6","6","5","6","4","4","4","4","6","5","5","3","1","2","8","Yes","Yes"
"2020/01/25 5:16:15 PM GMT+1","6","7","4","4","4","4","5","4","3","3","1","5","2","2","1","1","4","9","Yes","Yes"
"2020/01/25 5:19:51 PM GMT+1","4","5","2","3","5","3","5","4","2","3","3","4","4","3","2","2","1","5","Yes","Yes"
"2020/01/25 5:20:20 PM GMT+1","3","6","3","4","7","5","5","3","1","4","3","4","2","2","2","1","1","7","Yes","Yes"
"2020/01/25 5:21:00 PM GMT+1","6","6","5","6","7","6","6","4","5","5","4","6","5","5","4","1","2","7","Yes","Yes"
"2020/01/25 5:23:07 PM GMT+1","5","5","4","4","5","5","6","6","3","4","4","5","","7","2","1","2","7","Yes",""
"2020/01/25 5:29:25 PM GMT+1","2","4","3","2","4","5","5","2","2","3","3","","","","1","1","2","5","",""
"2020/01/25 5:30:10 PM GMT+1","1","3","1","1","3","2","4","2","1","2","1","2","1","1","1","1","1","5","Yes","Yes"
"2020/01/25 5:31:09 PM GMT+1","5","5","5","5","5","6","6","5","5","5","4","5","4","5","3","2","5","6","No","Yes"
"2020/01/25 5:37:29 PM GMT+1","1","1","1","1","1","1","1","1","1","1","1","1","1","1","1","1","1","3","No","No"
"2020/01/25 5:41:54 PM GMT+1","5","5","5","4","6","3","6","5","3","4","3","5","4","4","2","3","5","7","Yes","Yes"
"2020/01/25 5:46:08 PM GMT+1","2","8","4","6","5","1","3","4","1","6","4","6","1","2","1","1","4","6","No","Yes"
"2020/01/25 5:54:14 PM GMT+1","3","5","4","3","6","6","5","4","3","2","1","4","1","4","2","1","1","5","Yes","Yes"
"2020/01/25 5:56:47 PM GMT+1","6","5","4","5","8","7","7","5","3","4","4","","","","4","2","4","6","",""
"2020/01/25 6:03:50 PM GMT+1","3","3","2","3","6","4","4","2","2","3","1","4","2","2","1","1","2","6","Yes","Yes"
"2020/01/25 6:04:15 PM GMT+1","2","6","6","4","6","5","5","5","1","3","4","4","2","2","1","1","4","6","No","No"
"2020/01/25 6:04:19 PM GMT+1","5","5","4","4","5","4","6","5","2","3","2","4","4","6","1","1","2","6","Yes","Yes"
"2020/01/25 6:05:04 PM GMT+1","6","4","3","4","5","5","6","4","3","4","4","7","2","4","2","2","4","7","Yes","Yes"
"2020/01/25 6:11:53 PM GMT+1","5","5","3","4","6","5","4","2","1","3","2","4","3","3","2","1","2","7","",""
"2020/01/25 6:18:52 PM GMT+1","5","5","3","3","6","6","6","4","4","4","1","","1","","2","2","1","10","",""
"2020/01/25 6:19:27 PM GMT+1","5","4","2","4","5","5","4","4","2","3","3","","","","2","1","2","8","No","Yes"
"2020/01/25 6:20:59 PM GMT+1","5","5","4","4","5","5","6","4","2","3","5","","","","3","1","4","6","No","No"
"2020/01/25 6:24:34 PM GMT+1","5","5","5","4","5","5","7","5","4","3","3","","","","4","2","3","7","",""
"2020/01/25 6:33:06 PM GMT+1","8","8","4","4","6","8","4","5","4","3","3","6","1","5","1","1","1","10","No","No"
"2020/01/25 6:40:01 PM GMT+1","6","6","4","4","8","5","7","3","2","3","4","5","5","5","4","1","5","7","No","Yes"
"2020/01/25 6:40:15 PM GMT+1","10","1","10","10","10","10","1","10","10","10","10","1","10","10","10","10","10","10","Yes","Yes"
"2020/01/25 6:44:58 PM GMT+1","5","5","4","8","6","6","4","3","2","2","2","","","","3","2","4","8","Yes","Yes"
"2020/01/25 6:45:14 PM GMT+1","5","6","4","4","6","5","5","5","5","6","6","7","4","5","4","2","4","6","Yes","Yes"
"2020/01/25 6:51:51 PM GMT+1","7","5","3","4","7","5","7","7","4","4","3","7","10","6","1","1","4","4","No","Yes"
"2020/01/25 6:53:34 PM GMT+1","5","6","4","6","5","5","6","4","3","4","3","5","2","3","4","1","6","5","Yes","Yes"
"2020/01/25 6:53:56 PM GMT+1","1","1","1","10","1","1","1","1","1","1","1","1","1","1","1","1","1","10","Yes","Yes"
"2020/01/25 7:00:05 PM GMT+1","6","5","4","6","6","7","6","5","5","5","4","5","5","6","2","2","5","7","",""
"2020/01/25 7:02:32 PM GMT+1","7","7","5","6","7","5","6","4","3","5","3","","2","4","4","3","5","2","No",""
"2020/01/25 7:03:26 PM GMT+1","4","5","3","4","6","5","6","5","2","5","3","4","4","5","3","1","3","7","Yes","Yes"
"2020/01/25 7:21:04 PM GMT+1","4","5","4","5","7","6","6","4","5","5","6","6","5","5","6","3","5","7","Yes","Yes"
"2020/01/25 7:22:34 PM GMT+1","5","4","3","4","5","5","4","4","3","4","4","4","3","4","2","2","5","8","Yes","Yes"
"2020/01/25 7:39:13 PM GMT+1","5","7","3","3","5","5","6","3","4","4","3","","","","3","1","4","6","Yes",""
"2020/01/25 7:40:03 PM GMT+1","5","5","4","3","4","4","6","3","3","5","4","3","3","3","3","3","5","6","",""
"2020/01/25 7:45:04 PM GMT+1","4","4","5","3","4","7","6","4","4","7","5","","","","3","1","5","8","",""
"2020/01/25 7:47:25 PM GMT+1","5","4","4","5","8","6","6","3","3","4","3","4","4","5","1","1","4","8","Yes","Yes"
"2020/01/25 7:48:57 PM GMT+1","4","3","1","5","2","5","3","1","1","4","2","2","1","1","1","1","1","4","Yes","Yes"
"2020/01/25 7:53:41 PM GMT+1","5","5","2","7","5","7","3","3","5","4","4","4","5","5","2","1","5","7","No","No"
"2020/01/25 7:54:50 PM GMT+1","6","6","1","5","5","4","7","3","2","4","3","","","","1","1","1","1","Yes","Yes"
"2020/01/25 8:07:38 PM GMT+1","6","7","5","5","7","6","7","5","1","5","3","4","1","3","2","1","1","8","Yes","Yes"
"2020/01/25 8:30:27 PM GMT+1","5","5","3","6","6","7","6","3","3","3","3","3","2","3","2","1","3","5","Yes","Yes"
"2020/01/25 8:47:18 PM GMT+1","7","5","5","6","6","7","4","5","2","5","3","6","2","6","5","1","7","7","Yes","Yes"
"2020/01/25 9:27:19 PM GMT+1","7","7","6","6","8","7","7","6","5","6","6","","","","5","1","6","9","",""
"2020/01/25 9:35:37 PM GMT+1","5","6","4","4","7","5","6","4","3","5","2","5","5","5","2","1","3","4","No","No"
"2020/01/25 10:08:14 PM GMT+1","4","3","1","3","5","7","6","4","2","4","2","6","4","3","2","2","2","6","",""
"2020/01/25 10:13:13 PM GMT+1","1","1","1","1","1","1","1","1","1","1","1","1","1","1","1","1","1","10","No","No"
"2020/01/25 10:15:45 PM GMT+1","6","5","3","6","6","7","6","5","3","5","3","","","","3","1","1","6","",""
"2020/01/25 10:26:14 PM GMT+1","5","6","4","6","5","5","7","4","4","5","5","5","5","5","3","1","3","8","Yes","Yes"
"2020/01/25 10:29:42 PM GMT+1","4","4","3","1","4","3","7","2","1","2","4","","1","","1","1","2","7","",""
"2020/01/25 10:31:29 PM GMT+1","3","4","3","3","4","3","5","2","3","3","3","4","2","3","2","4","2","7","No","No"
"2020/01/25 10:53:28 PM GMT+1","5","6","4","5","7","5","5","6","5","6","5","7","5","5","4","3","4","9","Yes","Yes"
"2020/01/25 11:09:40 PM GMT+1","3","4","3","2","4","3","7","2","1","2","2","","","","2","1","3","6","No","Yes"
"2020/01/25 11:27:53 PM GMT+1","7","6","5","6","6","3","7","7","2","3","2","4","4","6","2","3","4","8","Yes","Yes"
"2020/01/25 11:42:03 PM GMT+1","5","6","6","6","6","6","6","5","4","4","3","","","","3","1","1","6","No","No"
"2020/01/26 12:04:10 AM GMT+1","3","5","3","4","4","5","6","4","1","4","3","","","","2","1","3","7","No","Yes"
"2020/01/26 12:07:37 AM GMT+1","5","7","4","5","8","5","6","5","1","7","4","5","1","6","1","1","5","5","Yes","Yes"
"2020/01/26 12:16:12 AM GMT+1","6","6","4","4","6","5","6","4","2","5","4","5","4","5","2","2","3","6","Yes","Yes"
"2020/01/26 12:30:45 AM GMT+1","2","5","2","2","3","5","6","6","2","4","2","5","2","2","1","1","2","7","Yes","Yes"
"2020/01/26 12:36:01 AM GMT+1","3","3","1","2","3","3","5","3","1","2","2","3","1","1","1","1","1","5","Yes","Yes"
"2020/01/26 12:38:50 AM GMT+1","5","5","4","6","5","5","5","5","3","3","4","","","","1","1","1","7","Yes","Yes"
"2020/01/26 12:43:30 AM GMT+1","4","5","2","4","6","5","7","4","1","3","2","5","1","3","2","1","2","5","No","Yes"
"2020/01/26 12:59:10 AM GMT+1","5","6","6","5","7","6","6","6","5","5","5","","","","5","2","5","6","Yes",""
"2020/01/26 2:15:22 AM GMT+1","6","6","4","5","5","5","6","4","4","5","4","6","5","5","4","1","4","6","Yes","No"
"2020/01/26 2:52:24 AM GMT+1","1","10","1","1","5","7","7","1","1","1","1","6","1","1","1","1","1","1","No","No"
"2020/01/26 3:21:44 AM GMT+1","1","1","1","1","1","1","1","1","1","1","1","1","1","1","1","1","1","10","Yes","Yes"
"2020/01/26 4:29:33 AM GMT+1","4","5","4","5","7","5","7","4","3","4","4","","","","2","1","2","7","No","No"
"2020/01/26 5:04:34 AM GMT+1","6","7","6","5","7","7","6","6","3","6","4","5","5","5","4","2","4","7","Yes","Yes"
"2020/01/26 5:19:50 AM GMT+1","5","5","4","7","6","6","5","4","4","4","4","","","","4","3","4","5","No","Yes"
"2020/01/26 5:21:43 AM GMT+1","1","1","1","3","2","4","4","3","1","1","1","3","2","3","1","1","1","8","Yes","Yes"
"2020/01/26 7:21:09 AM GMT+1","1","1","1","1","1","1","1","1","1","1","1","1","1","1","1","1","1","1","Yes","Yes"
"2020/01/26 7:31:57 AM GMT+1","5","6","6","6","8","6","7","6","6","6","7","7","","","6","3","6","5","No","No"
"2020/01/26 8:38:54 AM GMT+1","5","5","4","5","5","6","5","4","5","4","3","4","5","5","4","1","5","6","",""
"2020/01/26 8:49:05 AM GMT+1","6","5","4","4","5","6","6","5","1","2","2","5","1","4","2","3","2","8","Yes","Yes"
"2020/01/26 8:55:01 AM GMT+1","4","6","5","6","5","7","7","5","1","6","5","6","","","3","1","3","8","Yes",""
"2020/01/26 9:30:01 AM GMT+1","6","5","4","5","6","5","6","4","3","4","3","","","","3","1","1","5","",""
"2020/01/26 9:58:08 AM GMT+1","6","6","2","5","5","6","7","5","5","5","3","5","4","5","1","1","2","7","Yes","Yes"
"2020/01/26 10:24:50 AM GMT+1","5","6","3","5","5","4","5","6","3","5","4","","","","4","1","4","6","Yes","Yes"
"2020/01/26 11:03:44 AM GMT+1","5","6","3","4","6","4","6","4","2","3","4","4","3","3","2","2","3","8","Yes","Yes"
"2020/01/26 11:25:41 AM GMT+1","5","5","4","6","5","6","6","5","4","4","4","5","5","5","3","2","4","5","Yes","Yes"
"2020/01/26 11:29:56 AM GMT+1","1","5","1","4","1","6","7","2","1","5","2","","1","","1","1","1","6","Yes","Yes"
"2020/01/26 12:45:09 PM GMT+1","7","9","6","8","8","7","8","7","4","6","5","7","1","7","5","8","5","8","Yes","Yes"
"2020/01/26 12:49:23 PM GMT+1","8","7","4","6","6","5","6","3","2","4","3","","","","2","1","5","5","Yes","Yes"
"2020/01/26 12:52:17 PM GMT+1","5","6","4","5","4","4","3","3","2","3","2","","","","1","1","1","5","Yes","Yes"
"2020/01/26 12:52:41 PM GMT+1","6","5","5","7","8","5","5","3","2","4","3","4","1","2","2","1","5","8","Yes","Yes"
"2020/01/26 2:58:57 PM GMT+1","6","7","7","6","6","5","8","7","3","6","5","6","4","7","6","5","8","6","No","No"
"2020/01/26 3:40:43 PM GMT+1","4","5","4","4","5","5","5","5","5","4","4","","","","4","2","3","9","No","No"
"2020/01/26 3:45:29 PM GMT+1","5","5","4","4","6","4","4","5","4","5","5","","","","4","4","5","6","No","No"
"2020/01/27 2:11:21 AM GMT+1","4","5","4","4","4","6","6","4","4","4","4","","","","4","3","5","7","No","No"
"2020/01/27 11:28:38 AM GMT+1","5","5","4","5","5","6","5","4","1","2","4","6","1","4","3","1","5","5","Yes","Yes"