"Timestamp","De Gea","Shaw","Maguire","Lindelof","Wan-Bissaka","Matic","Pogba","Rashford","Bruno","Greenwood","Martial","Bailly","Fred","James","Team Performance","Final Result","Ole","Bournemouth","Did the ref do a good job?"
"2020/07/07 4:35:49 PM GMT+2","6","8","6","7","8","9","9","8","9","10","8","6","6","6","8","7","8","3","No"
"2020/07/07 4:35:57 PM GMT+2","5","8","6","9","9","9","8","9","10","10","9","6","9","7","9","9","10","6","Yes"
"2020/07/07 4:36:30 PM GMT+2","7","8","7","7","8","8","8","8","9","10","9","7","7","7","8","9","10","5","Yes"
"2020/07/07 4:36:55 PM GMT+2","2","8","8","6","9","8","8","7","9","9","8","2","7","7","9","8","9","6","No"
"2020/07/07 4:37:25 PM GMT+2","6","8","6","5","8","9","8","8","9","10","9","4","7","","8","9","10","6","Yes"
"2020/07/07 4:37:33 PM GMT+2","5","7","5","7","8","7","7","6","8","9","6","6","7","6","7","8","8","3","No"
"2020/07/07 4:38:14 PM GMT+2","6","8","5","8","7","8","8","7","9","10","8","6","7","7","9","10","10","7","Yes"
"2020/07/07 4:38:39 PM GMT+2","6","7","6","7","7","7","9","8","7","9","7","6","6","6","8","8","5","6","Yes"
"2020/07/07 4:39:01 PM GMT+2","5","8","8","8","9","10","10","10","10","10","10","7","8","6","10","10","10","5","Yes"
"2020/07/07 4:39:08 PM GMT+2","6","7","5","6","7","7","7","8","9","10","8","5","7","5","9","9","10","7","No"
"2020/07/07 4:39:19 PM GMT+2","6","8","6","6","8","7","8","8","9","10","8","7","7","7","9","8","9","6","Yes"
"2020/07/07 4:39:25 PM GMT+2","5","8","6","8","7","7","7","7","8","9","8","6","7","6","8","9","9","5","No"
"2020/07/07 4:40:18 PM GMT+2","6","8","6","7","7","7","8","7","9","9","8","7","7","7","7","6","7","5","Yes"
"2020/07/07 4:40:31 PM GMT+2","5","7","5","6","8","6","8","7","9","9","9","7","7","6","7","8","10","6","No"
"2020/07/07 4:40:31 PM GMT+2","6","6","5","6","6","7","8","7","8","8","7","4","6","6","9","9","10","7","No"
"2020/07/07 4:40:34 PM GMT+2","5","6","5","7","7","7","8","7","9","9","8","4","7","6","7","7","8","3","No"
"2020/07/07 4:40:59 PM GMT+2","7","7","6","7","7","9","8","8","8","9","8","3","7","6","7","7","8","6","No"
"2020/07/07 4:41:02 PM GMT+2","5","7","5","6","7","6","7","7","7","9","8","6","6","7","8","7","9","5","No"
"2020/07/07 4:41:08 PM GMT+2","5","8","6","8","10","6","8","8","9","10","9","4","8","7","9","9","10","6","Yes"
"2020/07/07 4:41:12 PM GMT+2","7","8","6","6","8","8","8","9","10","10","10","7","6","6","9","9","8","5","Yes"
"2020/07/07 4:41:21 PM GMT+2","5","6","4","6","7","6","7","7","8","9","8","6","7","5","9","9","7","2","Yes"
"2020/07/07 4:41:39 PM GMT+2","5","7","6","6","7","6","8","7","8","9","8","5","7","","8","9","10","6","Yes"
"2020/07/07 4:43:29 PM GMT+2","9","10","8","10","10","10","10","9","10","10","10","8","10","10","10","10","10","9","No"
"2020/07/07 4:43:59 PM GMT+2","6","7","6","6","8","6","7","8","8","8","8","6","6","6","7","7","8","6","No"
"2020/07/07 4:44:06 PM GMT+2","5","7","5","6","7","9","9","8","10","10","10","5","6","4","10","9","10","5","Yes"
"2020/07/07 4:44:36 PM GMT+2","7","6","6","6","8","7","8","7","8","9","8","6","7","6","9","9","10","6","No"
"2020/07/07 4:44:50 PM GMT+2","6","8","6","7","7","6","8","7","9","10","8","6","","","7","9","8","5","Yes"
"2020/07/07 4:45:18 PM GMT+2","6","7","6","7","7","7","7","7","8","8","8","6","6","6","8","9","8","7","No"
"2020/07/07 4:45:19 PM GMT+2","5","8","6","6","7","9","10","8","10","10","9","6","7","6","9","8","10","3","No"
"2020/07/07 4:45:21 PM GMT+2","7","9","7","8","8","9","9","9","10","10","9","7","9","8","9","9","10","5","No"
"2020/07/07 4:45:30 PM GMT+2","5","8","6","8","8","7","9","9","9","10","9","6","7","7","8","9","10","5","Yes"
"2020/07/07 4:45:30 PM GMT+2","4","8","4","7","7","7","8","6","9","10","8","6","7","7","8","9","10","6","No"
"2020/07/07 4:45:46 PM GMT+2","6","7","5","7","7","6","8","7","8","9","8","5","7","6","8","9","9","5","No"
"2020/07/07 4:46:03 PM GMT+2","6","7","6","6","6","8","8","7","9","10","9","7","8","6","8","8","9","8","No"
"2020/07/07 4:46:26 PM GMT+2","5","8","5","7","8","8","7","8","10","9","8","4","5","5","8","9","9","5","Yes"
"2020/07/07 4:46:43 PM GMT+2","5","7","5","6","7","6","8","7","9","10","8","6","7","7","8","9","9","4","Yes"
"2020/07/07 4:46:54 PM GMT+2","5","6","6","6","7","5","7","8","9","9","9","5","7","7","9","9","9","5","No"
"2020/07/07 4:47:00 PM GMT+2","6","8","5","6","7","8","7","7","8","10","8","6","7","6","9","9","9","4","No"
"2020/07/07 4:47:04 PM GMT+2","6","8","6","8","8","9","8","7","9","10","8","6","7","6","9","9","9","3","No"
"2020/07/07 4:47:05 PM GMT+2","6","7","5","7","8","7","7","7","9","9","8","6","5","5","8","8","8","4","No"
"2020/07/07 4:47:20 PM GMT+2","4","8","4","4","7","7","10","8","10","10","10","","","","8","7","10","5","No"
"2020/07/07 4:47:35 PM GMT+2","6","8","7","7","8","8","8","7","9","10","8","6","7","7","9","8","8","5","Yes"
"2020/07/07 4:47:37 PM GMT+2","4","6","4","5","6","5","6","7","8","9","8","6","7","","8","8","8","5","Yes"
"2020/07/07 4:47:47 PM GMT+2","6","7","5","6","5","7","7","7","8","9","7","7","6","6","8","8","9","4","No"
"2020/07/07 4:48:01 PM GMT+2","5","8","6","7","8","8","8","8","9","9","9","7","8","7","8","8","9","6","No"
"2020/07/07 4:48:18 PM GMT+2","4","5","3","3","7","4","8","7","8","9","8","7","7","5","8","8","8","7","No"
"2020/07/07 4:48:33 PM GMT+2","7","9","7","8","9","8","9","9","9","10","8","7","10","8","8","9","10","7","No"
"2020/07/07 4:48:41 PM GMT+2","5","7","5","5","6","7","7","8","9","9","8","4","5","5","8","8","8","6","Yes"
"2020/07/07 4:48:43 PM GMT+2","7","8","6","8","8","8","9","9","10","10","10","3","8","8","9","10","10","4","Yes"
"2020/07/07 4:48:45 PM GMT+2","3","5","6","7","6","6","7","6","8","8","9","5","6","5","7","9","9","5","No"
"2020/07/07 4:48:59 PM GMT+2","5","8","5","6","8","9","9","9","10","10","9","6","8","7","9","10","10","7","No"
"2020/07/07 4:49:44 PM GMT+2","1","7","1","6","6","4","9","8","10","10","10","6","10","8","7","10","9","5","Yes"
"2020/07/07 4:50:17 PM GMT+2","4","7","3","7","7","5","8","7","10","10","9","3","7","7","7","8","8","6","Yes"
"2020/07/07 4:50:22 PM GMT+2","5","8","6","8","9","8","8","7","9","10","8","5","8","7","8","8","9","4","Yes"
"2020/07/07 4:50:26 PM GMT+2","6","7","6","6","7","5","8","7","9","10","8","6","8","7","8","8","8","5","No"
"2020/07/07 4:50:55 PM GMT+2","5","7","5","7","8","7","7","8","9","10","8","6","7","6","8","8","10","5","No"
"2020/07/07 4:51:11 PM GMT+2","4","8","7","6","7","8","9","8","10","10","9","4","6","7","7","8","9","6","Yes"
"2020/07/07 4:51:26 PM GMT+2","4","7","5","7","8","9","8","8","9","10","9","4","7","7","8","10","9","6","Yes"
"2020/07/07 4:51:32 PM GMT+2","6","8","5","7","9","10","10","9","10","10","9","8","8","8","9","9","8","2","No"
"2020/07/07 4:51:54 PM GMT+2","6","8","5","6","7","7","9","7","9","10","8","6","7","","8","9","9","8","No"
"2020/07/07 4:52:54 PM GMT+2","4","7","4","7","7","6","8","8","9","10","8","6","7","7","8","9","8","6","No"
"2020/07/07 4:53:00 PM GMT+2","5","8","5","7","7","6","8","7","9","10","9","4","7","6","8","8","8","5","No"
"2020/07/07 4:53:05 PM GMT+2","5","7","3","7","7","6","7","7","9","9","8","7","7","6","8","8","9","7","Yes"
"2020/07/07 4:53:21 PM GMT+2","5","8","5","6","7","8","8","7","8","9","8","5","7","6","7","7","8","6","No"
"2020/07/07 4:53:25 PM GMT+2","3","7","5","6","9","9","8","7","10","10","8","5","7","6","9","10","10","3","Yes"
"2020/07/07 4:53:41 PM GMT+2","8","8","6","6","8","9","9","9","9","10","9","5","8","8","8","9","9","8","Yes"
"2020/07/07 4:53:46 PM GMT+2","5","7","5","6","7","8","9","8","9","10","9","7","7","6","8","7","9","6","No"
"2020/07/07 4:54:53 PM GMT+2","7","8","7","7","7","8","8","6","9","10","7","7","6","6","8","9","9","6","No"
"2020/07/07 4:55:22 PM GMT+2","2","8","7","8","8","8","8","7","9","10","8","8","8","7","9","10","10","6","Yes"
"2020/07/07 4:55:26 PM GMT+2","5","7","6","7","7","7","8","8","9","10","9","5","6","6","8","10","8","4","Yes"
"2020/07/07 4:56:10 PM GMT+2","7","8","6","7","8","9","9","8","9","10","9","6","7","7","8","8","8","7","No"
"2020/07/07 4:56:43 PM GMT+2","7","8","5","6","8","9","9","8","9","10","9","7","8","6","8","8","9","4","No"
"2020/07/07 4:56:58 PM GMT+2","5","10","6","10","10","7","10","8","10","10","9","6","10","8","10","9","10","7","No"
"2020/07/07 4:57:00 PM GMT+2","4","7","5","7","7","7","7","7","9","10","8","5","6","5","8","9","9","3","Yes"
"2020/07/07 4:57:00 PM GMT+2","6","9","6","7","8","10","8","7","8","9","7","9","6","6","8","9","9","8","Yes"
"2020/07/07 4:57:23 PM GMT+2","4","6","3","6","6","7","7","7","9","10","8","6","6","6","7","8","8","5","No"
"2020/07/07 4:57:25 PM GMT+2","5","7","5","5","6","6","8","7","9","9","7","4","6","","8","9","10","4","No"
"2020/07/07 4:57:52 PM GMT+2","4","7","4","7","7","6","8","8","9","10","8","5","7","6","6","6","8","6","Yes"
"2020/07/07 4:58:12 PM GMT+2","6","7","7","7","8","8","8","9","9","10","8","6","8","7","8","8","8","7","No"
"2020/07/07 4:58:24 PM GMT+2","5","8","5","6","8","9","8","8","9","10","9","6","7","6","9","9","9","5","No"
"2020/07/07 4:58:38 PM GMT+2","5","8","6","6","8","8","8","8","10","10","9","6","7","7","8","9","9","6","Yes"
"2020/07/07 4:58:41 PM GMT+2","6","8","6","7","7","7","8","7","8","9","8","6","6","6","8","8","8","7","Yes"
"2020/07/07 4:58:47 PM GMT+2","5","6","5","7","7","8","7","7","10","10","8","4","7","6","8","8","9","3",""
"2020/07/07 4:58:54 PM GMT+2","6","8","6","8","8","9","9","9","9","10","10","7","8","8","8","9","8","6","No"
"2020/07/07 4:59:08 PM GMT+2","2","8","4","8","7","8","7","8","10","10","9","6","7","5","8","9","10","3","Yes"
"2020/07/07 4:59:34 PM GMT+2","4","8","5","8","8","6","8","8","9","9","8","6","7","7","8","7","8","5","No"
"2020/07/07 4:59:54 PM GMT+2","6","7","5","6","7","8","8","8","9","10","8","7","8","6","8","8","9","6","Yes"
"2020/07/07 5:00:00 PM GMT+2","5","7","6","5","8","8","8","7","9","10","9","5","7","6","7","8","8","6","No"
"2020/07/07 5:00:41 PM GMT+2","5","7","5","7","6","6","7","8","8","9","8","6","6","6","7","8","9","6","Yes"
"2020/07/07 5:01:06 PM GMT+2","4","7","4","7","8","6","8","7","9","10","9","5","10","7","9","9","9","5","No"
"2020/07/07 5:01:24 PM GMT+2","1","7","5","7","7","7","7","7","8","9","8","4","7","7","7","8","8","5","Yes"
"2020/07/07 5:02:28 PM GMT+2","2","7","2","8","7","4","8","5","8","10","8","3","6","5","6","8","10","3","Yes"
"2020/07/07 5:02:36 PM GMT+2","5","8","6","7","8","8","8","8","9","9","8","6","7","6","9","8","8","5","No"
"2020/07/07 5:02:49 PM GMT+2","6","8","5","7","9","9","9","8","10","10","9","4","7","6","9","9","10","6","No"
"2020/07/07 5:03:58 PM GMT+2","5","8","6","6","7","9","9","8","10","10","9","7","8","6","8","8","9","7","No"
"2020/07/07 5:04:59 PM GMT+2","5","7","5","7","7","6","8","8","10","10","9","6","8","7","7","7","8","4","No"
"2020/07/07 5:05:04 PM GMT+2","4","8","5","7","8","7","8","8","9","10","9","3","7","7","8","8","8","3","Yes"
"2020/07/07 5:06:28 PM GMT+2","3","7","3","8","4","9","9","8","10","9","8","4","7","6","8","8","9","6","No"
"2020/07/07 5:06:43 PM GMT+2","4","6","4","6","7","4","7","7","9","9","7","4","6","5","7","8","8","3",""
"2020/07/07 5:06:43 PM GMT+2","4","8","6","7","8","8","9","9","10","10","9","7","8","8","10","9","10","6","Yes"
"2020/07/07 5:06:45 PM GMT+2","5","5","3","2","4","5","6","6","8","9","7","4","6","6","7","6","7","5","No"
"2020/07/07 5:07:03 PM GMT+2","6","8","4","7","8","7","9","9","10","10","9","7","7","6","9","9","10","6","Yes"
"2020/07/07 5:07:57 PM GMT+2","6","8","5","7","8","6","7","7","8","9","8","6","7","6","8","8","8","6","Yes"
"2020/07/07 5:08:04 PM GMT+2","5","7","5","6","7","7","8","8","9","9","7","6","7","7","7","8","7","5","No"
"2020/07/07 5:08:51 PM GMT+2","5","10","5","6","9","10","10","9","10","10","9","8","10","8","9","9","10","9","No"
"2020/07/07 5:08:52 PM GMT+2","6","8","7","7","8","8","8","8","9","10","8","7","8","8","9","8","9","6","No"
"2020/07/07 5:09:00 PM GMT+2","1","7","5","6","6","7","8","8","10","10","10","4","6","6","9","9","9","3","No"
"2020/07/07 5:09:11 PM GMT+2","6","7","6","7","8","8","8","8","9","9","9","6","7","7","8","9","9","5","Yes"
"2020/07/07 5:09:17 PM GMT+2","7","9","6","6","7","8","7","7","8","9","8","6","7","6","8","8","9","6","Yes"
"2020/07/07 5:10:02 PM GMT+2","6","6","4","6","7","7","7","7","9","9","8","3","7","6","7","7","5","6","No"
"2020/07/07 5:10:14 PM GMT+2","7","8","7","8","9","8","9","8","10","10","9","7","9","7","10","9","10","5","No"
"2020/07/07 5:10:48 PM GMT+2","6","8","6","8","8","7","8","8","8","9","8","7","7","6","8","8","9","6","Yes"
"2020/07/07 5:11:01 PM GMT+2","5","7","5","6","7","7","8","8","10","10","9","5","7","6","8","10","9","6",""
"2020/07/07 5:11:07 PM GMT+2","6","8","5","7","8","7","8","8","9","10","8","6","7","6","9","8","9","6","No"
"2020/07/07 5:11:31 PM GMT+2","5","7","6","6","8","7","8","7","9","8","7","6","7","7","8","9","9","6","No"
"2020/07/07 5:11:40 PM GMT+2","6","8","6","7","7","7","9","7","9","10","9","6","8","7","9","9","9","5","Yes"
"2020/07/07 5:11:45 PM GMT+2","5","6","6","6","7","7","7","7","9","9","8","6","6","6","7","7","7","4","No"
"2020/07/07 5:11:53 PM GMT+2","6","8","6","6","8","8","8","7","9","10","8","2","7","6","7","8","6","4","Yes"
"2020/07/07 5:12:51 PM GMT+2","2","5","2","4","7","8","9","7","10","10","9","3","7","4","8","9","9","6","No"
"2020/07/07 5:12:56 PM GMT+2","4","7","5","5","7","7","8","7","9","9","7","4","7","3","8","8","10","5","Yes"
"2020/07/07 5:12:56 PM GMT+2","5","6","5","6","8","8","6","7","7","10","7","8","5","6","8","8","10","3","No"
"2020/07/07 5:13:06 PM GMT+2","5","9","5","7","9","9","9","7","9","9","9","7","5","5","9","9","9","5","Yes"
"2020/07/07 5:13:27 PM GMT+2","7","8","7","8","9","9","8","8","10","10","8","7","7","6","9","9","9","6","No"
"2020/07/07 5:13:35 PM GMT+2","6","8","3","8","8","9","8","10","10","10","10","5","6","7","8","10","9","3","No"
"2020/07/07 5:13:44 PM GMT+2","4","6","5","6","6","6","7","7","9","9","7","5","6","6","8","8","8","6","Yes"
"2020/07/07 5:14:02 PM GMT+2","6","6","7","6","8","8","8","9","9","9","8","6","6","5","8","10","9","6","Yes"
"2020/07/07 5:14:20 PM GMT+2","6","8","7","7","8","8","8","8","9","10","8","7","7","7","9","9","10","7","No"
"2020/07/07 5:14:24 PM GMT+2","5","8","5","6","8","6","9","8","9","10","9","6","6","7","9","8","8","7","Yes"
"2020/07/07 5:14:42 PM GMT+2","6","7","6","7","8","8","8","8","8","9","8","7","7","7","9","10","10","6","Yes"
"2020/07/07 5:14:46 PM GMT+2","5","8","6","7","8","7","8","8","10","10","8","5","7","6","9","9","10","5","No"
"2020/07/07 5:14:55 PM GMT+2","5","8","6","8","8","7","7","7","9","9","7","6","7","7","9","9","10","3","No"
"2020/07/07 5:14:57 PM GMT+2","3","5","1","7","8","8","9","6","10","10","9","5","5","3","9","9","8","5","No"
"2020/07/07 5:15:41 PM GMT+2","8","8","6","6","8","9","9","9","9","10","9","6","6","6","8","10","9","8","No"
"2020/07/07 5:16:43 PM GMT+2","6","8","7","7","9","9","8","8","10","10","8","6","8","7","8","9","10","8","No"
"2020/07/07 5:16:49 PM GMT+2","4","7","3","6","7","6","7","8","9","9","8","4","7","7","8","9","10","4","No"
"2020/07/07 5:16:59 PM GMT+2","5","7","6","7","7","8","8","7","9","9","8","5","6","6","8","10","10","5","No"
"2020/07/07 5:17:02 PM GMT+2","3","7","7","5","8","8","9","8","10","10","8","3","6","6","8","8","9","7","Yes"
"2020/07/07 5:17:23 PM GMT+2","5","7","4","7","7","7","8","7","9","9","8","10","7","7","9","10","10","6","No"
"2020/07/07 5:17:30 PM GMT+2","6","7","6","9","8","7","8","7","9","10","9","5","7","7","9","9","9","6","Yes"
"2020/07/07 5:17:57 PM GMT+2","6","7","4","9","9","9","8","8","9","10","9","7","9","8","8","9","10","8","No"
"2020/07/07 5:18:02 PM GMT+2","1","7","5","7","7","6","8","8","10","10","9","6","7","7","8","8","9","6","Yes"
"2020/07/07 5:18:18 PM GMT+2","5","7","5","8","7","6","8","8","9","10","9","7","7","7","8","8","8","4","Yes"
"2020/07/07 5:18:21 PM GMT+2","4","7","4","8","7","8","8","6","9","9","8","7","8","8","8","7","9","5","Yes"
"2020/07/07 5:19:12 PM GMT+2","6","8","6","7","8","8","8","8","9","10","7","6","7","7","8","10","7","4","No"
"2020/07/07 5:20:01 PM GMT+2","5","8","5","6","7","8","8","7","9","10","9","","7","6","9","9","9","1","No"
"2020/07/07 5:21:12 PM GMT+2","6","7","6","7","8","7","7","7","10","10","8","6","7","7","9","8","9","6","Yes"
"2020/07/07 5:21:23 PM GMT+2","5","7","4","6","7","5","8","8","9","10","8","6","7","6","7","9","7","7","No"
"2020/07/07 5:21:32 PM GMT+2","7","9","7","7","8","8","8","8","9","9","8","7","7","7","8","8","8","2","No"
"2020/07/07 5:21:35 PM GMT+2","6","8","5","8","8","8","8","6","9","10","8","4","7","7","9","10","10","1","No"
"2020/07/07 5:21:54 PM GMT+2","6","7","8","6","7","7","7","7","9","10","8","6","7","6","8","9","9","4","Yes"
"2020/07/07 5:22:40 PM GMT+2","5","8","6","7","6","7","8","7","8","9","7","6","7","7","8","9","10","6","Yes"
"2020/07/07 5:22:45 PM GMT+2","4","8","8","9","9","8","9","8","10","10","9","7","7","7","8","9","9","7","No"
"2020/07/07 5:23:36 PM GMT+2","5","7","6","7","7","7","9","7","9","9","8","7","7","6","8","7","8","4","No"
"2020/07/07 5:23:37 PM GMT+2","5","6","4","5","6","6","8","7","8","8","6","4","6","6","10","10","10","5","Yes"
"2020/07/07 5:24:04 PM GMT+2","6","7","6","7","8","9","8","7","10","10","8","6","6","6","9","9","9","4","No"
"2020/07/07 5:24:06 PM GMT+2","6","7","6","8","8","7","8","7","9","9","9","7","8","7","9","8","9","6","Yes"
"2020/07/07 5:24:07 PM GMT+2","5","7","5","6","7","5","7","6","8","9","6","5","","","7","6","6","8","No"
"2020/07/07 5:24:25 PM GMT+2","6","7","5","6","6","7","8","7","9","10","8","6","6","6","7","7","8","6","No"
"2020/07/07 5:24:39 PM GMT+2","5","8","6","7","9","9","9","8","9","10","8","7","8","8","8","9","9","6","No"
"2020/07/07 5:24:51 PM GMT+2","4","6","3","4","5","5","7","7","8","10","8","6","7","6","8","8","9","4","No"
"2020/07/07 5:24:55 PM GMT+2","5","6","5","7","7","8","7","6","9","10","7","4","5","5","7","7","8","6","Yes"
"2020/07/07 5:25:09 PM GMT+2","7","8","7","8","8","9","8","8","9","9","8","7","6","6","9","9","9","6","No"
"2020/07/07 5:25:38 PM GMT+2","3","7","3","7","7","5","7","7","8","9","8","6","6","6","7","9","7","8","Yes"
"2020/07/07 5:25:41 PM GMT+2","6","7","6","7","7","7","7","6","9","9","7","6","6","5","8","8","9","2","No"
"2020/07/07 5:25:53 PM GMT+2","6","7","5","6","7","7","8","7","9","9","8","6","7","6","8","9","9","7","Yes"
"2020/07/07 5:25:56 PM GMT+2","7","9","5","7","8","8","8","7","9","10","8","7","7","6","7","7","10","6","No"
"2020/07/07 5:26:09 PM GMT+2","6","8","7","8","9","8","9","9","9","10","9","7","7","7","9","10","9","7","Yes"
"2020/07/07 5:26:22 PM GMT+2","6","7","7","8","7","6","8","7","9","10","8","7","8","7","8","9","9","5","No"
"2020/07/07 5:28:10 PM GMT+2","7","9","7","6","10","9","8","8","10","9","9","5","7","6","9","9","9","3","No"
"2020/07/07 5:28:12 PM GMT+2","6","8","5","5","6","9","8","8","10","10","8","5","4","6","9","10","9","1","Yes"
"2020/07/07 5:29:02 PM GMT+2","3","8","6","7","8","6","7","7","9","9","8","5","7","6","7","7","8","6","No"
"2020/07/07 5:29:51 PM GMT+2","4","7","4","7","7","7","7","7","8","8","7","5","7","6","8","7","8","3","Yes"
"2020/07/07 5:30:10 PM GMT+2","6","8","6","7","7","8","8","7","9","10","8","7","7","7","8","9","8","4","Yes"
"2020/07/07 5:30:12 PM GMT+2","5","8","5","7","8","8","7","7","9","9","8","7","7","6","8","8","9","4","No"
"2020/07/07 5:30:15 PM GMT+2","4","8","5","7","6","7","8","7","9","9","8","5","7","6","8","8","6","3","No"
"2020/07/07 5:30:35 PM GMT+2","3","6","4","5","6","7","7","5","7","9","8","5","6","5","6","7","6","4","Yes"
"2020/07/07 5:30:46 PM GMT+2","5","9","7","8","9","9","10","8","10","10","8","7","9","7","9","9","10","6","Yes"
"2020/07/07 5:32:52 PM GMT+2","6","8","7","7","8","10","10","7","10","10","10","6","10","6","10","10","10","8","Yes"
"2020/07/07 5:33:00 PM GMT+2","5","8","5","7","7","9","8","7","9","10","8","6","7","6","9","9","8","3","No"
"2020/07/07 5:33:01 PM GMT+2","5","8","7","8","8","9","10","10","10","10","10","3","8","6","8","8","8","6","No"
"2020/07/07 5:33:22 PM GMT+2","5","9","5","8","8","8","8","7","9","9","8","6","7","7","9","8","10","7","No"
"2020/07/07 5:33:35 PM GMT+2","5","7","6","7","8","8","9","7","9","9","8","6","7","","8","9","9","3","Yes"
"2020/07/07 5:34:30 PM GMT+2","6","7","7","7","7","8","8","8","8","9","7","7","8","7","9","10","9","7","Yes"
"2020/07/07 5:34:38 PM GMT+2","4","7","5","7","7","7","7","6","8","9","7","5","7","7","7","7","7","4","No"
"2020/07/07 5:35:35 PM GMT+2","6","10","7","8","9","9","10","7","10","10","9","8","7","7","9","10","10","7","No"
"2020/07/07 5:36:00 PM GMT+2","6","8","5","7","7","8","8","8","8","9","8","6","7","6","8","9","9","6","Yes"
"2020/07/07 5:36:18 PM GMT+2","7","7","6","8","7","7","8","7","9","9","8","7","8","7","8","8","8","7","No"
"2020/07/07 5:36:39 PM GMT+2","3","5","5","6","5","6","7","7","9","9","8","5","7","6","7","9","10","6","No"
"2020/07/07 5:37:29 PM GMT+2","4","7","4","6","7","7","8","8","9","9","8","5","6","5","7","8","8","3","No"
"2020/07/07 5:38:20 PM GMT+2","4","8","4","8","9","9","10","7","10","10","8","7","8","7","8","10","10","7",""
"2020/07/07 5:38:20 PM GMT+2","5","9","7","8","9","8","8","8","10","10","8","6","7","6","9","9","10","5","Yes"
"2020/07/07 5:39:05 PM GMT+2","5","7","5","6","7","7","8","8","9","9","8","5","7","7","8","8","8","4","No"
"2020/07/07 5:39:12 PM GMT+2","5","6","5","6","7","8","8","7","9","10","8","5","6","6","8","10","8","6","Yes"
"2020/07/07 5:39:33 PM GMT+2","4","7","5","4","7","8","8","7","10","10","8","5","7","6","8","8","9","4","No"
"2020/07/07 5:40:29 PM GMT+2","5","7","5","6","6","7","7","6","8","9","7","6","7","7","8","9","7","6","No"
"2020/07/07 5:41:43 PM GMT+2","6","8","7","6","7","8","8","8","9","10","8","6","6","6","9","10","8","1","Yes"
"2020/07/07 5:42:50 PM GMT+2","7","8","5","7","7","8","9","7","9","9","8","6","8","8","8","10","10","3","No"
"2020/07/07 5:43:16 PM GMT+2","4","7","4","7","8","5","8","8","9","9","8","6","6","6","7","8","8","6","No"
"2020/07/07 5:43:19 PM GMT+2","5","7","6","7","8","7","9","8","9","10","9","6","6","7","8","10","10","7","No"
"2020/07/07 5:43:27 PM GMT+2","4","8","3","5","6","10","9","8","9","10","8","6","7","5","8","8","10","1","Yes"
"2020/07/07 5:43:43 PM GMT+2","7","8","7","7","9","8","8","7","9","9","8","6","7","6","8","8","8","6","Yes"
"2020/07/07 5:43:46 PM GMT+2","6","8","6","6","7","9","9","8","10","10","8","6","","","8","9","10","6","No"
"2020/07/07 5:44:18 PM GMT+2","3","6","4","5","6","7","7","8","8","9","8","5","6","","8","9","9","5","No"
"2020/07/07 5:44:45 PM GMT+2","3","9","4","6","10","7","9","8","9","10","8","5","8","7","9","10","9","6","No"
"2020/07/07 5:45:34 PM GMT+2","5","7","4","6","8","7","8","8","9","10","9","5","7","6","8","10","9","3","Yes"
"2020/07/07 5:45:41 PM GMT+2","5","9","5","7","9","9","9","8","9","10","9","6","6","6","8","9","8","3","Yes"
"2020/07/07 5:46:11 PM GMT+2","4","8","4","6","7","8","8","7","9","9","9","5","7","6","8","7","9","5","No"
"2020/07/07 5:47:02 PM GMT+2","4","8","5","6","7","8","8","9","9","10","9","6","6","6","8","8","10","6","No"
"2020/07/07 5:47:23 PM GMT+2","3","7","4","6","7","9","8","7","9","10","7","2","6","","8","7","7","5","No"
"2020/07/07 5:47:29 PM GMT+2","1","7","4","7","6","7","7","7","8","9","7","3","7","6","8","9","9","5","No"
"2020/07/07 5:48:04 PM GMT+2","5","7","6","7","7","8","9","8","9","9","8","5","7","6","8","9","9","6","No"
"2020/07/07 5:48:20 PM GMT+2","6","9","7","6","7","8","8","8","10","10","9","6","7","6","9","9","10","5","No"
"2020/07/07 5:48:22 PM GMT+2","7","9","6","6","9","8","9","8","9","9","9","8","7","6","8","8","10","8","Yes"
"2020/07/07 5:48:51 PM GMT+2","6","8","6","7","8","7","8","8","8","9","8","6","7","6","8","9","9","5","No"
"2020/07/07 5:50:53 PM GMT+2","7","8","6","7","8","9","9","9","10","9","7","6","7","6","9","9","8","7","No"
"2020/07/07 5:51:27 PM GMT+2","7","7","3","8","8","8","7","7","9","10","8","5","7","6","10","9","10","7","Yes"
"2020/07/07 5:53:02 PM GMT+2","4","8","5","7","6","8","8","8","10","10","9","5","7","6","9","8","10","7","No"
"2020/07/07 5:54:31 PM GMT+2","6","7","6","8","7","8","7","7","9","9","8","6","7","6","8","8","8","6",""
"2020/07/07 5:54:39 PM GMT+2","5","7","6","6","7","8","7","8","10","10","9","6","6","6","10","10","10","7","No"
"2020/07/07 5:54:43 PM GMT+2","4","7","6","7","8","8","8","7","9","9","7","6","5","6","9","9","9","3","No"
"2020/07/07 5:55:21 PM GMT+2","6","8","6","7","8","8","8","8","9","10","9","7","7","7","9","9","9","5","No"
"2020/07/07 5:55:28 PM GMT+2","4","6","5","6","7","7","7","7","8","9","8","3","6","6","7","7","8","4","No"
"2020/07/07 5:57:00 PM GMT+2","4","7","5","6","7","7","9","7","9","10","9","6","7","7","9","10","9","4","Yes"
"2020/07/07 5:58:20 PM GMT+2","5","8","8","8","8","9","9","7","9","9","8","7","7","6","8","8","8","7","Yes"
"2020/07/07 5:58:30 PM GMT+2","4","8","7","8","8","7","8","8","10","10","9","7","7","7","9","10","10","8","No"
"2020/07/07 5:58:51 PM GMT+2","7","9","6","8","10","8","8","9","10","10","8","7","9","8","9","10","10","7","Yes"
"2020/07/07 5:58:52 PM GMT+2","5","7","4","6","7","6","8","7","9","9","8","7","7","6","8","8","8","6","No"
"2020/07/07 5:59:37 PM GMT+2","5","7","6","7","8","9","8","7","9","10","8","7","7","6","7","10","8","4","Yes"
"2020/07/07 5:59:53 PM GMT+2","5","7","6","7","7","7","8","8","10","9","8","4","6","5","9","10","9","3","No"
"2020/07/07 5:59:55 PM GMT+2","7","8","7","8","8","8","9","8","9","10","9","7","8","6","9","10","10","6","No"
"2020/07/07 6:00:11 PM GMT+2","7","9","8","9","9","9","9","8","9","10","10","9","9","8","10","10","10","2","No"
"2020/07/07 6:00:39 PM GMT+2","6","7","5","6","7","7","8","7","9","10","8","6","6","6","7","8","9","4","No"
"2020/07/07 6:01:17 PM GMT+2","4","8","5","6","7","7","8","8","10","10","9","8","8","8","9","10","9","7","No"
"2020/07/07 6:04:04 PM GMT+2","5","8","5","6","7","8","8","7","9","9","7","6","6","7","8","7","8","6","No"
"2020/07/07 6:04:15 PM GMT+2","6","8","2","7","6","7","8","7","8","9","9","7","8","7","7","7","7","5","No"
"2020/07/07 6:04:55 PM GMT+2","7","8","8","8","8","8","8","8","9","9","8","7","7","7","9","10","9","5","Yes"
"2020/07/07 6:04:59 PM GMT+2","2","7","6","8","8","9","8","7","10","10","8","4","5","5","8","10","10","4","Yes"
"2020/07/07 6:05:25 PM GMT+2","4","6","5","7","7","5","8","6","8","9","8","","","","9","8","9","5","No"
"2020/07/07 6:06:46 PM GMT+2","6","7","6","7","8","7","9","8","10","10","8","6","8","7","9","10","9","6","No"
"2020/07/07 6:06:51 PM GMT+2","5","7","4","8","8","7","7","8","8","9","8","5","","","8","8","8","6","Yes"
"2020/07/07 6:07:10 PM GMT+2","6","8","7","7","8","7","8","7","9","9","8","7","7","6","8","9","9","5","No"
"2020/07/07 6:07:44 PM GMT+2","4","7","4","7","8","6","6","6","9","10","8","5","8","","9","9","9","3","Yes"
"2020/07/07 6:07:54 PM GMT+2","4","8","5","8","9","6","8","7","9","10","8","7","8","7","9","10","9","6","No"
"2020/07/07 6:09:37 PM GMT+2","3","7","5","5","5","6","7","6","8","9","8","6","6","6","6","6","6","6","No"
"2020/07/07 6:10:17 PM GMT+2","6","7","4","4","6","8","10","8","10","10","9","5","7","6","8","10","7","6","No"
"2020/07/07 6:10:38 PM GMT+2","6","7","6","6","7","7","8","8","9","10","8","6","6","6","9","8","7","6","No"
"2020/07/07 6:10:48 PM GMT+2","3","8","5","7","7","7","8","8","10","10","7","6","7","7","10","10","10","4","No"
"2020/07/07 6:10:57 PM GMT+2","4","7","5","6","7","5","7","6","8","9","8","5","6","5","8","7","7","6","Yes"
"2020/07/07 6:11:04 PM GMT+2","7","8","8","9","9","10","9","9","10","10","9","7","7","7","9","9","9","6","No"
"2020/07/07 6:11:12 PM GMT+2","4","8","4","9","9","6","8","7","8","10","8","6","8","7","7","10","9","5","Yes"
"2020/07/07 6:11:13 PM GMT+2","5","7","5","7","7","7","7","7","8","9","7","5","5","5","8","7","8","6","No"
"2020/07/07 6:11:27 PM GMT+2","4","6","5","5","7","8","8","6","9","10","7","","","","8","9","9","5","Yes"
"2020/07/07 6:11:59 PM GMT+2","6","7","6","7","8","7","8","8","8","9","8","6","7","6","8","9","9","7","Yes"
"2020/07/07 6:13:04 PM GMT+2","5","7","6","6","7","8","8","7","9","9","8","5","7","5","8","9","9","7","No"
"2020/07/07 6:14:42 PM GMT+2","5","7","6","6","7","7","8","8","9","9","8","6","7","6","9","9","8","4","Yes"
"2020/07/07 6:15:45 PM GMT+2","5","7","5","6","6","6","7","7","8","9","7","6","7","6","8","8","8","5","No"
"2020/07/07 6:18:31 PM GMT+2","4","7","5","6","7","8","7","6","8","9","7","6","6","6","8","7","7","5","No"
"2020/07/07 6:18:40 PM GMT+2","4","8","5","6","8","7","8","8","9","10","9","4","7","6","8","9","10","5","Yes"
"2020/07/07 6:19:32 PM GMT+2","6","8","6","7","7","8","9","8","9","10","8","6","7","7","9","8","8","5","No"
"2020/07/07 6:20:26 PM GMT+2","6","8","6","7","7","7","8","7","9","10","8","7","8","6","9","8","9","7","No"
"2020/07/07 6:21:14 PM GMT+2","4","8","5","7","7","8","7","7","8","9","7","5","7","6","8","8","8","4","No"
"2020/07/07 6:21:27 PM GMT+2","7","8","6","7","8","6","8","7","8","9","8","7","7","6","8","9","8","5",""
"2020/07/07 6:24:39 PM GMT+2","5","8","6","7","8","9","8","8","9","10","9","6","8","6","8","8","9","5","No"
"2020/07/07 6:24:55 PM GMT+2","10","10","10","10","10","10","10","10","10","10","10","10","10","10","10","10","10","10","Yes"
"2020/07/07 6:25:25 PM GMT+2","3","4","1","10","8","8","8","8","10","10","8","4","5","8","8","10","10","9","No"
"2020/07/07 6:26:52 PM GMT+2","7","7","6","5","8","8","8","8","10","10","8","6","6","5","8","10","10","3","Yes"
"2020/07/07 6:28:16 PM GMT+2","5","7","5","7","9","8","8","8","9","9","9","6","7","6","8","8","8","5",""
"2020/07/07 6:28:35 PM GMT+2","4","7","5","7","8","6","7","7","8","9","7","5","6","6","7","9","9","4","No"
"2020/07/07 6:31:15 PM GMT+2","6","7","6","6","7","8","7","7","9","10","8","6","7","7","8","10","10","6","Yes"
"2020/07/07 6:31:39 PM GMT+2","5","7","5","6","7","7","7","7","8","9","8","6","","","7","9","8","5","Yes"
"2020/07/07 6:32:41 PM GMT+2","6","6","5","6","6","7","7","8","10","9","8","5","6","5","6","8","10","6","Yes"
"2020/07/07 6:33:00 PM GMT+2","4","7","5","6","6","6","9","7","10","10","9","7","7","7","8","7","10","3","Yes"
"2020/07/07 6:33:12 PM GMT+2","5","7","5","6","7","8","8","8","9","10","8","6","7","6","9","10","9","5","No"
"2020/07/07 6:33:22 PM GMT+2","2","8","4","7","8","9","8","8","9","9","9","4","7","6","8","8","9","4","No"
"2020/07/07 6:34:13 PM GMT+2","6","6","5","7","8","8","8","7","9","9","9","7","6","6","8","8","8","3","Yes"
"2020/07/07 6:35:41 PM GMT+2","6","8","6","6","9","9","9","8","10","10","8","6","8","7","9","10","9","6","No"
"2020/07/07 6:36:21 PM GMT+2","4","7","4","7","7","7","6","7","7","9","7","5","6","5","7","7","8","2","Yes"
"2020/07/07 6:37:14 PM GMT+2","6","9","5","8","7","6","8","8","9","10","8","5","8","7","8","10","10","6","No"
"2020/07/07 6:38:18 PM GMT+2","4","7","5","5","6","8","8","7","10","10","9","4","6","6","9","10","9","5","No"
"2020/07/07 6:39:28 PM GMT+2","5","7","6","5","7","7","7","6","8","10","7","4","7","7","8","8","9","5","No"
"2020/07/07 6:40:02 PM GMT+2","2","8","1","6","8","6","9","8","10","10","10","5","10","8","9","9","10","1","Yes"
"2020/07/07 6:40:34 PM GMT+2","6","7","5","7","7","6","8","8","9","10","8","4","6","5","8","8","9","2","No"
"2020/07/07 6:40:37 PM GMT+2","7","7","5","8","8","6","7","7","9","10","7","6","7","7","8","8","8","5","Yes"
"2020/07/07 6:41:39 PM GMT+2","6","7","5","6","6","7","6","6","9","9","8","3","6","5","9","10","10","3","Yes"
"2020/07/07 6:41:54 PM GMT+2","5","6","3","6","7","7","8","7","9","9","8","6","7","7","10","10","10","5","No"
"2020/07/07 6:43:52 PM GMT+2","6","7","5","6","6","6","7","6","9","8","7","4","5","5","7","8","7","3","No"
"2020/07/07 6:44:23 PM GMT+2","6","8","5","8","8","9","8","7","9","9","8","10","8","","8","8","10","4","Yes"
"2020/07/07 6:44:34 PM GMT+2","5","7","6","6","7","7","7","7","8","9","8","6","6","6","8","8","7","6","Yes"
"2020/07/07 6:44:35 PM GMT+2","6","7","5","6","7","7","6","7","8","9","7","5","6","6","8","8","9","7","Yes"
"2020/07/07 6:45:18 PM GMT+2","5","8","6","7","8","7","8","7","9","10","7","6","8","6","8","9","10","5","No"
"2020/07/07 6:45:24 PM GMT+2","5","7","5","7","8","8","7","7","9","10","8","5","8","8","8","9","9","6","Yes"
"2020/07/07 6:45:37 PM GMT+2","6","9","6","7","8","10","8","6","9","10","8","6","8","7","9","10","10","6","No"
"2020/07/07 6:45:39 PM GMT+2","5","7","5","5","7","7","7","8","9","9","8","6","7","6","7","7","8","7","No"
"2020/07/07 6:46:17 PM GMT+2","4","7","3","8","7","6","9","8","9","10","8","4","8","6","8","8","10","3","No"
"2020/07/07 6:47:20 PM GMT+2","5","8","5","8","8","9","9","7","10","10","9","5","9","6","9","10","10","6","Yes"
"2020/07/07 6:47:56 PM GMT+2","5","7","6","5","6","7","7","8","9","10","8","6","5","5","8","8","10","6","No"
"2020/07/07 6:48:47 PM GMT+2","6","8","4","8","7","6","8","8","9","9","7","7","8","5","8","8","9","5","No"
"2020/07/07 6:50:57 PM GMT+2","5","7","5","6","7","7","7","7","8","9","7","6","6","5","8","8","8","7","No"
"2020/07/07 6:51:57 PM GMT+2","7","9","7","8","8","9","9","9","10","10","9","7","8","7","9","10","9","3","No"
"2020/07/07 6:52:19 PM GMT+2","6","8","8","7","8","9","9","8","9","9","9","6","8","6","9","9","8","4","No"
"2020/07/07 6:54:14 PM GMT+2","5","7","1","10","8","9","8","8","8","10","8","1","7","6","7","8","10","5","No"
"2020/07/07 6:55:26 PM GMT+2","4","8","7","8","8","8","8","7","10","10","9","7","7","6","8","10","10","6","Yes"
"2020/07/07 6:55:50 PM GMT+2","5","8","4","7","7","8","8","8","9","10","9","4","7","7","9","10","9","3","No"
"2020/07/07 6:56:00 PM GMT+2","7","7","5","7","8","8","8","7","9","10","8","6","8","6","8","10","9","6","No"
"2020/07/07 6:56:16 PM GMT+2","5","7","4","6","6","6","8","7","8","9","7","5","6","6","7","8","9","4","Yes"
"2020/07/07 6:56:23 PM GMT+2","5","7","4","6","7","7","8","8","9","10","9","4","7","6","8","8","8","3","No"
"2020/07/07 6:56:50 PM GMT+2","4","7","5","5","6","8","8","6","9","9","7","2","6","4","6","8","6","4","No"
"2020/07/07 6:58:29 PM GMT+2","4","9","3","9","7","6","8","9","9","10","9","2","8","6","8","9","9","6","Yes"
"2020/07/07 7:00:09 PM GMT+2","5","9","5","8","9","7","7","7","10","10","7","3","8","6","9","10","8","1","Yes"
"2020/07/07 7:01:40 PM GMT+2","2","7","5","8","7","7","8","8","9","9","9","6","7","7","8","10","9","7","No"
"2020/07/07 7:01:52 PM GMT+2","5","6","6","7","7","7","8","7","8","10","9","6","9","6","7","7","7","5","Yes"
"2020/07/07 7:02:02 PM GMT+2","6","7","7","7","7","7","8","7","8","9","8","6","8","6","7","7","7","6","No"
"2020/07/07 7:05:32 PM GMT+2","4","5","3","6","6","8","7","7","9","10","8","3","5","5","8","10","7","6","No"
"2020/07/07 7:08:32 PM GMT+2","5","8","6","6","8","7","9","8","10","10","8","5","8","8","9","9","10","6","No"
"2020/07/07 7:09:57 PM GMT+2","5","8","6","8","8","8","7","7","8","9","8","5","8","7","9","9","10","6","Yes"
"2020/07/07 7:09:59 PM GMT+2","7","8","6","6","7","9","9","8","9","10","9","5","7","6","9","10","10","7","Yes"
"2020/07/07 7:10:24 PM GMT+2","5","7","4","4","6","6","7","8","9","10","9","4","7","6","7","8","8","7","Yes"
"2020/07/07 7:10:37 PM GMT+2","6","8","6","8","8","5","9","10","10","10","10","4","7","7","9","9","10","7","No"
"2020/07/07 7:10:49 PM GMT+2","4","7","5","7","8","7","8","8","9","10","7","6","8","7","8","8","9","6","Yes"
"2020/07/07 7:12:35 PM GMT+2","6","8","6","7","8","9","8","8","9","9","8","6","7","6","9","9","9","5","No"
"2020/07/07 7:12:35 PM GMT+2","6","7","6","6","8","7","8","8","10","10","8","6","7","7","8","8","8","6","No"
"2020/07/07 7:13:02 PM GMT+2","4","8","6","7","8","8","8","7","9","10","8","6","7","6","7","9","9","6","Yes"
"2020/07/07 7:15:07 PM GMT+2","5","7","6","6","7","8","8","7","9","9","8","7","7","5","8","9","8","4","Yes"
"2020/07/07 7:17:39 PM GMT+2","4","8","7","8","8","8","8","8","9","9","8","5","6","6","8","8","9","6","Yes"
"2020/07/07 7:18:25 PM GMT+2","5","9","5","7","7","6","9","8","8","10","7","6","8","8","8","9","9","2","No"
"2020/07/07 7:18:30 PM GMT+2","5","8","5","7","8","7","8","9","10","10","9","7","7","7","8","9","8","6","No"
"2020/07/07 7:19:30 PM GMT+2","6","7","6","6","8","7","8","7","9","9","8","6","7","7","8","8","9","6","No"
"2020/07/07 7:19:40 PM GMT+2","7","9","7","8","8","8","8","7","9","9","8","7","7","7","8","9","10","7","No"
"2020/07/07 7:26:07 PM GMT+2","6","8","7","6","8","6","8","8","9","9","7","6","7","6","7","7","6","4","No"
"2020/07/07 7:28:16 PM GMT+2","6","7","6","7","7","7","7","8","8","9","8","7","7","7","8","8","8","5","Yes"
"2020/07/07 7:29:46 PM GMT+2","5","7","6","6","8","8","8","7","9","10","8","5","7","6","8","9","9","7","No"
"2020/07/07 7:29:59 PM GMT+2","5","7","5","6","7","7","8","7","9","10","9","6","6","5","9","9","8","3","Yes"
"2020/07/07 7:32:53 PM GMT+2","4","7","6","5","6","7","7","7","9","9","8","6","7","6","8","8","10","4","Yes"
"2020/07/07 7:34:20 PM GMT+2","5","7","5","7","6","8","8","9","8","10","9","6","6","6","7","8","9","7","No"
"2020/07/07 7:35:29 PM GMT+2","4","4","5","4","6","7","8","5","8","8","7","6","8","7","7","10","8","6","Yes"
"2020/07/07 7:36:39 PM GMT+2","4","8","4","7","8","10","10","7","8","10","7","6","8","10","8","10","10","3","Yes"
"2020/07/07 7:38:02 PM GMT+2","6","8","7","8","8","8","9","8","10","10","9","6","7","7","9","10","10","6","Yes"
"2020/07/07 7:39:04 PM GMT+2","8","8","8","8","8","8","8","8","9","9","8","6","7","7","8","8","8","7","Yes"
"2020/07/07 7:43:08 PM GMT+2","7","8","7","7","7","8","8","8","9","10","9","7","8","7","8","10","7","7","Yes"
"2020/07/07 7:44:38 PM GMT+2","4","7","6","7","8","6","9","9","10","10","9","5","6","6","8","9","8","3","Yes"
"2020/07/07 7:45:05 PM GMT+2","6","8","6","7","8","7","9","8","9","10","8","4","6","6","8","8","8","5","Yes"
"2020/07/07 7:45:59 PM GMT+2","4","8","6","8","9","8","8","7","10","10","8","7","8","7","8","9","10","7","Yes"
"2020/07/07 7:49:55 PM GMT+2","6","8","7","8","7","8","9","8","10","9","8","7","7","7","9","10","10","7","Yes"
"2020/07/07 7:53:04 PM GMT+2","4","6","5","5","5","5","7","7","8","10","8","5","7","7","6","6","10","6","Yes"
"2020/07/07 7:53:53 PM GMT+2","6","7","5","5","6","6","7","8","9","9","8","5","6","6","7","7","8","7","Yes"
"2020/07/07 7:59:05 PM GMT+2","4","6","4","4","5","6","7","7","8","8","7","3","6","6","8","8","8","3","No"
"2020/07/07 7:59:32 PM GMT+2","4","7","5","7","6","7","8","7","9","10","8","6","7","7","8","10","9","6","No"
"2020/07/07 8:02:32 PM GMT+2","5","8","7","7","7","8","8","9","9","10","9","6","7","7","9","9","10","4","No"
"2020/07/07 8:04:25 PM GMT+2","6","7","6","8","8","8","8","7","9","9","8","6","7","7","8","9","9","7","Yes"
"2020/07/07 8:04:57 PM GMT+2","6","8","8","7","8","9","8","8","9","9","8","7","8","8","8","7","8","6","Yes"
"2020/07/07 8:07:03 PM GMT+2","5","7","4","8","7","7","8","8","9","10","8","4","6","6","9","10","10","5","No"
"2020/07/07 8:07:29 PM GMT+2","4","7","5","7","7","8","8","7","9","9","9","5","7","7","8","8","10","6","No"
"2020/07/07 8:08:23 PM GMT+2","5","7","5","6","7","8","8","7","9","9","8","5","7","6","7","8","8","5","Yes"
"2020/07/07 8:13:10 PM GMT+2","5","8","7","9","9","9","9","7","10","10","9","6","6","7","9","10","10","6","No"
"2020/07/07 8:15:53 PM GMT+2","3","6","4","5","6","7","7","6","8","9","7","5","6","4","7","8","7","5","No"
"2020/07/07 8:19:48 PM GMT+2","7","9","5","8","8","9","9","9","10","10","6","7","9","8","8","8","10","7","No"
"2020/07/07 8:20:09 PM GMT+2","5","6","4","5","6","5","6","6","8","9","7","6","6","6","7","6","7","4","No"
"2020/07/07 8:22:05 PM GMT+2","6","8","6","7","7","7","7","7","9","9","8","7","7","7","9","8","8","4","Yes"
"2020/07/07 8:23:04 PM GMT+2","6","7","6","6","7","7","8","8","9","10","8","6","8","7","8","8","9","7","No"
"2020/07/07 8:25:01 PM GMT+2","5","8","4","8","8","8","8","7","9","9","7","4","6","7","8","9","9","6","No"
"2020/07/07 8:26:40 PM GMT+2","5","7","5","6","7","8","8","8","9","9","9","5","","","8","8","9","6","Yes"
"2020/07/07 8:27:06 PM GMT+2","1","10","3","5","9","8","8","6","10","10","7","5","9","6","8","9","10","7","No"
"2020/07/07 8:27:27 PM GMT+2","2","8","5","6","7","7","8","7","9","10","9","4","7","7","9","9","9","6","No"
"2020/07/07 8:30:09 PM GMT+2","5","8","5","7","7","7","8","8","9","9","9","7","7","7","8","9","10","4","Yes"
"2020/07/07 8:31:44 PM GMT+2","6","7","7","6","7","8","8","8","9","9","6","4","6","6","7","7","7","6","Yes"
"2020/07/07 8:36:18 PM GMT+2","5","6","5","7","7","8","8","8","9","10","8","6","5","5","10","10","10","6","Yes"
"2020/07/07 8:38:45 PM GMT+2","5","7","7","6","7","10","8","7","10","10","8","7","8","5","9","10","10","6","No"
"2020/07/07 8:41:19 PM GMT+2","5","6","1","6","6","7","7","3","7","8","7","5","5","3","7","8","6","5","Yes"
"2020/07/07 8:43:30 PM GMT+2","3","7","4","5","7","6","7","7","9","10","8","4","4","6","9","8","8","2","No"
"2020/07/07 8:47:09 PM GMT+2","6","9","6","7","8","8","10","9","10","10","9","7","8","8","10","8","10","5","No"
"2020/07/07 8:49:16 PM GMT+2","1","8","5","7","8","7","8","8","9","10","8","7","7","5","8","10","10","3","No"
"2020/07/07 8:51:18 PM GMT+2","7","7","6","6","7","7","8","6","8","9","8","7","6","6","8","8","7","5","No"
"2020/07/07 8:55:47 PM GMT+2","7","9","7","8","8","9","9","7","10","10","10","7","7","7","9","10","10","5","No"
"2020/07/07 8:56:36 PM GMT+2","6","7","7","8","8","9","8","8","9","10","9","5","7","7","8","8","8","7","No"
"2020/07/07 8:56:46 PM GMT+2","5","8","5","6","8","8","8","8","9","9","8","3","5","4","8","9","8","5","No"
"2020/07/07 8:58:07 PM GMT+2","4","8","6","7","8","9","9","8","9","10","9","5","5","5","8","8","9","6","Yes"
"2020/07/07 9:01:24 PM GMT+2","5","9","8","8","8","8","9","7","9","10","9","7","8","6","10","9","10","6","Yes"
"2020/07/07 9:04:09 PM GMT+2","5","7","6","6","7","7","8","7","9","9","8","6","6","6","8","8","9","4","No"
"2020/07/07 9:04:19 PM GMT+2","5","10","8","9","10","10","10","10","10","10","10","7","10","7","9","10","10","7","No"
"2020/07/07 9:08:26 PM GMT+2","3","9","6","7","9","8","10","9","10","10","9","6","8","8","9","10","10","8","Yes"
"2020/07/07 9:08:36 PM GMT+2","6","7","6","7","7","7","7","8","9","10","8","6","7","7","8","9","9","5","Yes"
"2020/07/07 9:09:44 PM GMT+2","5","8","5","6","8","8","8","8","10","10","9","5","8","7","8","8","10","4","Yes"
"2020/07/07 9:12:41 PM GMT+2","5","8","6","7","8","9","10","9","10","10","10","4","5","5","9","9","10","3","No"
"2020/07/07 9:14:21 PM GMT+2","6","7","6","7","8","9","9","7","9","10","9","7","7","7","8","8","8","5","Yes"
"2020/07/07 9:23:24 PM GMT+2","6","7","5","6","7","6","7","8","9","9","8","6","","","8","9","10","6","No"
"2020/07/07 9:23:51 PM GMT+2","5","7","4","6","7","8","8","8","10","10","10","5","7","5","9","9","9","6","Yes"
"2020/07/07 9:34:17 PM GMT+2","5","7","5","6","8","7","9","8","9","10","8","4","5","5","7","8","8","6","No"
"2020/07/07 9:43:53 PM GMT+2","3","6","4","6","6","6","7","6","8","9","8","3","7","6","8","8","8","3","No"
"2020/07/07 9:46:35 PM GMT+2","6","7","6","7","8","8","9","8","9","10","9","6","7","6","9","10","10","6","No"
"2020/07/07 9:46:51 PM GMT+2","6","8","5","7","7","8","8","8","10","10","9","7","7","6","8","9","8","7","No"
"2020/07/07 9:48:41 PM GMT+2","4","7","4","7","7","6","8","7","9","9","8","5","6","6","8","9","9","5","No"
"2020/07/07 9:49:09 PM GMT+2","6","9","2","7","8","8","9","7","9","10","8","6","8","8","10","9","10","9","No"
"2020/07/07 9:50:53 PM GMT+2","2","6","6","6","8","8","8","7","8","9","8","5","6","7","9","9","10","3","Yes"
"2020/07/07 9:52:56 PM GMT+2","5","7","5","6","7","6","7","6","8","8","7","5","6","5","8","9","8","5","Yes"
"2020/07/07 9:53:45 PM GMT+2","5","6","5","7","7","8","9","7","9","10","7","5","7","6","8","9","8","7","No"
"2020/07/07 9:55:11 PM GMT+2","6","6","6","6","7","7","8","8","9","9","9","7","7","7","9","10","9","4","No"
"2020/07/07 10:00:43 PM GMT+2","4","6","4","4","6","6","7","7","8","10","8","3","5","5","7","8","8","3","No"
"2020/07/07 10:02:00 PM GMT+2","3","8","5","6","8","6","8","7","9","10","7","4","7","5","9","8","9","5","No"
"2020/07/07 10:02:12 PM GMT+2","6","8","6","6","8","7","9","9","9","10","9","7","7","6","9","9","9","6","Yes"
"2020/07/07 10:04:40 PM GMT+2","5","8","7","7","8","9","9","9","9","10","9","8","","","9","10","9","4",""
"2020/07/07 10:05:09 PM GMT+2","5","8","6","7","6","7","9","8","10","10","8","5","","","8","9","10","6","Yes"
"2020/07/07 10:05:15 PM GMT+2","7","8","7","7","8","8","8","7","9","9","8","7","","","8","8","9","6",""
"2020/07/07 10:07:52 PM GMT+2","5","8","6","6","8","7","9","9","10","10","8","6","7","6","9","9","8","7","Yes"
"2020/07/07 10:09:33 PM GMT+2","5","7","5","6","7","8","8","8","10","10","8","5","7","7","8","9","9","2","No"
"2020/07/07 10:10:24 PM GMT+2","5","7","4","6","7","8","7","8","9","10","9","7","7","6","10","8","8","4","Yes"
"2020/07/07 10:12:29 PM GMT+2","7","8","7","7","8","9","9","9","10","10","9","6","7","","10","10","10","4","Yes"
"2020/07/07 10:12:44 PM GMT+2","3","7","3","6","7","8","8","7","8","9","7","5","7","6","8","9","8","5","Yes"
"2020/07/07 10:13:17 PM GMT+2","6","7","5","7","7","7","8","7","8","9","8","5","7","6","8","9","9","7","No"
"2020/07/07 10:14:13 PM GMT+2","5","7","5","6","7","7","8","8","8","9","8","6","6","","8","9","8","5","Yes"
"2020/07/07 10:15:22 PM GMT+2","3","8","3","8","8","6","8","8","10","10","8","8","8","7","9","8","9","7","No"
"2020/07/07 10:18:13 PM GMT+2","5","8","6","7","8","8","8","6","9","10","7","8","8","6","8","9","8","6","Yes"
"2020/07/07 10:19:11 PM GMT+2","5","7","4","6","7","8","8","7","9","10","9","7","6","6","8","9","10","6","Yes"
"2020/07/07 10:20:53 PM GMT+2","6","8","6","8","8","7","9","7","9","10","9","7","8","7","8","8","9","6","No"
"2020/07/07 10:22:20 PM GMT+2","4","7","5","6","7","8","7","7","10","10","6","5","7","6","9","8","9","8","Yes"
"2020/07/07 10:22:30 PM GMT+2","5","8","5","6","7","6","8","7","10","10","8","6","7","6","7","9","9","7","No"
"2020/07/07 10:23:53 PM GMT+2","5","6","4","6","7","6","7","6","9","10","9","5","5","5","8","8","8","5","Yes"
"2020/07/07 10:39:35 PM GMT+2","5","8","8","7","7","8","8","7","9","9","8","5","5","5","9","8","8","4","Yes"
"2020/07/07 10:39:44 PM GMT+2","5","9","3","10","8","8","8","7","9","10","10","6","7","6","8","8","9","6","No"
"2020/07/07 10:51:17 PM GMT+2","6","8","7","8","7","7","8","8","9","9","8","6","8","6","8","10","9","7","No"
"2020/07/07 10:55:44 PM GMT+2","1","9","10","1","1","7","9","7","9","10","9","7","7","7","9","10","9","3","No"
"2020/07/07 11:00:28 PM GMT+2","5","7","6","6","7","8","8","7","9","10","8","6","7","6","8","8","8","5","Yes"
"2020/07/07 11:09:02 PM GMT+2","6","8","6","7","7","7","8","8","8","10","8","7","7","8","8","10","8","6","No"
"2020/07/07 11:09:50 PM GMT+2","5","6","6","7","7","8","8","7","10","10","7","","8","","9","8","10","4","Yes"
"2020/07/07 11:15:07 PM GMT+2","7","10","10","10","10","10","10","10","10","10","10","6","10","10","10","10","10","10","Yes"
"2020/07/07 11:18:34 PM GMT+2","5","7","5","7","7","8","8","8","9","9","8","6","6","6","7","8","8","6",""
"2020/07/07 11:22:02 PM GMT+2","5","8","6","7","9","8","7","9","8","9","6","3","5","4","7","9","7","6","Yes"
"2020/07/07 11:26:27 PM GMT+2","5","7","6","7","8","9","8","8","9","10","9","6","7","7","8","9","9","4","Yes"
"2020/07/07 11:29:32 PM GMT+2","5","8","7","7","7","8","8","8","10","10","9","6","8","8","9","9","10","6","No"
"2020/07/07 11:34:15 PM GMT+2","5","7","6","7","8","8","8","7","9","9","8","6","7","7","9","9","9","5","Yes"
"2020/07/07 11:34:26 PM GMT+2","6","7","5","7","7","8","8","7","9","9","8","5","6","5","8","9","10","7","No"
"2020/07/07 11:35:46 PM GMT+2","4","6","5","7","7","7","8","6","8","10","8","4","6","5","9","9","10","5","Yes"
"2020/07/07 11:39:44 PM GMT+2","3","8","6","8","9","9","8","8","10","10","9","5","8","7","8","10","10","4","No"
"2020/07/07 11:40:33 PM GMT+2","5","8","4","8","8","9","9","8","9","9","8","","8","7","9","9","9","3","Yes"
"2020/07/07 11:51:40 PM GMT+2","6","8","4","7","8","9","9","8","9","10","9","4","7","7","8","9","9","3","No"
"2020/07/07 11:52:11 PM GMT+2","5","9","5","7","8","8","8","9","10","10","7","6","8","6","7","9","9","6","No"
"2020/07/07 11:54:35 PM GMT+2","7","7","7","7","8","8","8","9","10","9","8","6","7","7","9","9","8","6","Yes"
"2020/07/07 11:56:04 PM GMT+2","5","8","6","6","7","7","7","7","9","9","8","6","7","6","9","10","9","4","No"
"2020/07/08 12:01:18 AM GMT+2","6","7","3","6","7","6","8","4","9","10","9","6","6","5","9","9","8","5","No"
"2020/07/08 12:05:12 AM GMT+2","9","8","8","10","10","10","10","8","10","10","9","6","7","7","10","10","10","6","No"
"2020/07/08 12:05:32 AM GMT+2","6","7","6","7","7","8","8","7","9","9","8","6","6","6","9","9","8","6","No"
"2020/07/08 12:07:58 AM GMT+2","5","6","5","6","8","9","8","8","10","10","8","3","8","","9","8","9","6","No"
"2020/07/08 12:11:56 AM GMT+2","5","7","5","6","8","8","7","8","9","10","9","4","7","5","10","9","9","5","No"
"2020/07/08 12:12:42 AM GMT+2","3","8","3","5","5","7","9","9","9","9","9","4","7","6","9","8","10","10","No"
"2020/07/08 12:14:27 AM GMT+2","5","7","6","7","7","8","8","7","8","9","7","7","6","6","7","9","8","6","No"
"2020/07/08 12:18:52 AM GMT+2","6","8","7","8","8","9","9","7","9","10","9","5","8","7","8","9","8","6","Yes"
"2020/07/08 12:19:40 AM GMT+2","4","8","5","7","8","9","9","7","10","10","8","6","6","5","8","10","10","4","No"
"2020/07/08 12:21:20 AM GMT+2","6","9","9","7","8","9","9","9","10","10","9","6","7","7","8","10","9","5","Yes"
"2020/07/08 12:27:14 AM GMT+2","6","8","6","8","8","9","9","8","10","10","10","6","7","7","9","9","9","8","No"
"2020/07/08 12:30:41 AM GMT+2","4","6","7","7","8","6","7","7","9","10","9","7","","","8","8","9","7","No"
"2020/07/08 12:33:31 AM GMT+2","4","7","5","8","8","9","6","7","9","9","7","2","","","10","10","10","7","Yes"
"2020/07/08 12:35:31 AM GMT+2","6","7","5","6","8","8","9","8","10","10","9","6","7","7","8","9","8","7","No"
"2020/07/08 12:35:50 AM GMT+2","6","8","7","9","8","8","9","8","10","10","8","7","9","7","8","8","8","8","Yes"
"2020/07/08 12:37:27 AM GMT+2","5","7","5","7","7","7","8","7","9","10","9","4","8","7","7","8","8","6","No"
"2020/07/08 12:41:57 AM GMT+2","6","8","6","7","7","9","9","8","9","10","9","6","8","7","8","8","8","3","No"
"2020/07/08 12:49:36 AM GMT+2","3","7","3","6","8","6","8","7","10","9","8","5","8","7","7","8","8","3","No"
"2020/07/08 1:12:51 AM GMT+2","5","6","5","7","8","8","8","9","9","9","9","6","7","6","9","10","10","1","No"
"2020/07/08 1:16:19 AM GMT+2","4","7","5","7","6","7","8","7","10","10","9","5","7","6","9","9","9","6","No"
"2020/07/08 1:24:47 AM GMT+2","5","8","7","8","7","8","8","7","9","9","8","5","7","6","8","9","9","5","No"
"2020/07/08 1:25:30 AM GMT+2","4","7","6","7","7","8","9","8","10","10","9","6","6","6","9","8","10","4","Yes"
"2020/07/08 1:25:32 AM GMT+2","6","8","6","7","8","7","9","7","8","9","8","6","7","6","8","8","9","4","Yes"
"2020/07/08 1:27:29 AM GMT+2","4","6","5","5","6","7","7","7","8","9","8","5","7","6","7","9","8","4",""
"2020/07/08 1:31:59 AM GMT+2","6","5","4","5","7","7","8","7","9","9","8","5","6","6","8","9","8","6","Yes"
"2020/07/08 1:43:56 AM GMT+2","6","9","6","8","9","8","9","7","10","10","7","6","6","7","9","10","10","3","No"
"2020/07/08 1:46:13 AM GMT+2","5","7","5","6","7","7","8","8","9","10","8","4","6","6","7","10","8","1","No"
"2020/07/08 1:50:16 AM GMT+2","6","7","5","7","7","8","9","8","9","10","7","6","7","6","8","8","8","2","Yes"
"2020/07/08 1:51:29 AM GMT+2","4","7","5","5","7","8","8","4","10","10","8","3","6","6","8","10","10","6","Yes"
"2020/07/08 2:01:18 AM GMT+2","7","6","7","7","9","8","9","8","10","10","9","6","6","7","9","10","10","4","Yes"
"2020/07/08 2:01:54 AM GMT+2","6","7","6","7","9","10","9","8","10","10","9","6","7","7","9","10","9","3","No"
"2020/07/08 2:02:16 AM GMT+2","5","8","6","6","8","6","7","6","8","9","8","7","7","7","7","7","8","7","No"
"2020/07/08 2:06:43 AM GMT+2","7","10","7","10","10","10","10","10","10","10","10","10","10","10","10","10","10","2","No"
"2020/07/08 2:13:38 AM GMT+2","5","7","5","6","8","6","7","6","7","9","7","5","8","7","8","8","8","9","Yes"
"2020/07/08 2:19:59 AM GMT+2","6","8","5","8","7","8","8","7","10","10","9","7","8","6","8","9","9","4","No"
"2020/07/08 2:22:50 AM GMT+2","5","7","5","6","6","7","7","8","8","9","8","5","6","6","7","8","7","6","No"
"2020/07/08 2:28:03 AM GMT+2","2","7","3","7","7","5","8","8","9","9","8","6","8","6","8","8","8","3","Yes"
"2020/07/08 2:28:34 AM GMT+2","3","7","4","6","7","7","7","7","9","9","7","4","7","6","8","9","8","6","No"
"2020/07/08 2:37:01 AM GMT+2","5","7","5","6","7","7","7","6","8","9","8","6","6","6","8","7","8","6","Yes"
"2020/07/08 2:51:32 AM GMT+2","3","7","4","7","7","8","8","6","9","9","9","6","7","7","8","8","7","5","Yes"
"2020/07/08 3:09:57 AM GMT+2","6","8","7","8","9","8","8","7","9","10","8","7","8","7","8","8","8","5","Yes"
"2020/07/08 3:15:50 AM GMT+2","5","6","5","6","7","6","7","7","9","10","9","6","6","6","9","8","8","5","Yes"
"2020/07/08 3:19:47 AM GMT+2","5","6","4","5","7","7","7","7","8","10","8","5","7","7","9","10","8","8","No"
"2020/07/08 3:23:54 AM GMT+2","5","8","6","5","7","7","8","8","9","9","8","5","7","7","8","10","9","7","Yes"
"2020/07/08 3:36:12 AM GMT+2","5","7","6","5","6","7","7","7","9","9","7","","7","","8","9","7","6","Yes"
"2020/07/08 3:45:16 AM GMT+2","5","6","5","6","7","8","8","7","9","10","8","4","7","7","8","9","9","7","No"
"2020/07/08 3:49:50 AM GMT+2","6","9","6","9","7","8","8","7","9","9","7","6","7","6","8","8","10","7","No"
"2020/07/08 4:04:01 AM GMT+2","6","7","6","8","6","6","7","7","7","10","8","3","7","7","8","9","10","5","No"
"2020/07/08 4:04:38 AM GMT+2","6","8","5","7","8","9","8","7","10","9","8","5","7","7","9","9","8","7","Yes"
"2020/07/08 4:18:33 AM GMT+2","4","7","4","7","8","6","7","7","9","10","9","5","7","6","7","9","9","4","Yes"
"2020/07/08 4:23:11 AM GMT+2","3","7","7","6","8","7","7","9","10","10","8","5","6","6","8","8","7","4","No"
"2020/07/08 4:24:34 AM GMT+2","5","8","5","8","8","8","8","8","9","9","9","6","7","6","8","10","8","6","Yes"
"2020/07/08 4:29:29 AM GMT+2","5","7","6","7","7","7","8","8","9","9","8","7","7","6","10","9","10","5","No"
"2020/07/08 4:38:49 AM GMT+2","5","8","5","6","8","8","8","8","9","9","8","4","8","7","9","8","9","7","Yes"
"2020/07/08 5:18:54 AM GMT+2","6","8","7","7","8","7","8","8","9","9","9","7","7","7","8","9","9","5","Yes"
"2020/07/08 5:28:29 AM GMT+2","5","7","5","8","8","9","9","8","10","10","8","6","9","6","9","9","10","6","No"
"2020/07/08 5:28:59 AM GMT+2","4","6","5","7","7","6","7","7","9","10","8","4","6","6","8","7","9","6","Yes"
"2020/07/08 5:34:27 AM GMT+2","7","8","6","7","8","8","8","8","10","10","9","5","9","7","9","9","10","6","Yes"
"2020/07/08 5:53:35 AM GMT+2","5","7","5","7","8","7","7","7","10","10","9","5","7","6","8","9","9","6","No"
"2020/07/08 6:05:30 AM GMT+2","8","6","5","7","7","7","8","6","9","10","8","3","","","8","8","7","6","Yes"
"2020/07/08 6:10:38 AM GMT+2","6","8","6","7","8","8","9","9","9","10","9","6","8","7","9","9","10","6","Yes"
"2020/07/08 6:34:16 AM GMT+2","7","8","6","6","7","8","9","9","9","9","9","6","6","8","9","9","10","4","No"
"2020/07/08 6:40:47 AM GMT+2","5","7","5","6","8","8","8","7","9","9","8","7","7","7","7","10","10","5","Yes"
"2020/07/08 6:41:24 AM GMT+2","6","8","6","7","8","9","8","8","9","9","8","6","7","6","8","10","8","5","Yes"
"2020/07/08 6:48:00 AM GMT+2","8","9","6","7","9","10","10","8","10","10","7","7","7","6","9","10","10","10","Yes"
"2020/07/08 6:52:20 AM GMT+2","6","7","8","7","8","9","9","9","10","10","9","5","6","6","9","10","10","7","No"
"2020/07/08 6:57:36 AM GMT+2","4","8","3","8","8","6","8","7","9","9","9","7","7","7","8","8","9","8","Yes"
"2020/07/08 6:58:26 AM GMT+2","7","8","6","7","8","9","8","8","9","10","8","6","7","7","9","9","10","7","Yes"
"2020/07/08 6:59:07 AM GMT+2","6","7","6","8","7","8","8","8","10","10","8","7","7","6","9","8","9","6",""
"2020/07/08 7:03:44 AM GMT+2","6","7","6","7","8","8","8","8","10","10","8","6","7","7","8","9","9","7","Yes"
"2020/07/08 7:22:32 AM GMT+2","5","7","6","7","6","7","8","8","9","10","9","8","7","7","8","9","8","7","Yes"
"2020/07/08 7:38:55 AM GMT+2","4","6","5","8","7","5","7","7","9","10","8","","","7","10","10","10","7","No"
"2020/07/08 7:58:40 AM GMT+2","7","7","6","6","7","8","8","7","9","9","8","1","5","5","10","9","9","4","Yes"
"2020/07/08 8:08:07 AM GMT+2","8","8","3","6","7","8","9","7","10","9","9","3","7","5","7","9","9","6","No"
"2020/07/08 8:22:59 AM GMT+2","8","9","7","8","8","9","7","7","10","8","8","7","6","6","7","7","8","7","No"
"2020/07/08 8:26:54 AM GMT+2","6","8","6","7","8","8","8","7","9","9","7","6","7","7","8","9","8","6","Yes"
"2020/07/08 8:47:34 AM GMT+2","5","7","6","6","5","7","8","7","8","9","8","6","7","6","8","9","9","6","No"
"2020/07/08 9:30:59 AM GMT+2","4","7","5","8","8","8","8","7","8","9","7","6","6","6","8","8","8","4","Yes"
"2020/07/08 9:45:32 AM GMT+2","5","7","4","6","7","6","7","7","8","9","7","6","6","6","8","9","9","5","Yes"
"2020/07/08 10:04:05 AM GMT+2","6","8","7","8","7","6","7","7","9","8","8","7","8","6","8","9","10","7","Yes"
"2020/07/08 10:08:36 AM GMT+2","5","7","5","7","7","7","7","7","10","10","9","6","7","7","8","10","10","1","No"
"2020/07/08 10:22:05 AM GMT+2","4","7","5","6","7","8","9","7","8","9","8","5","","","8","7","8","5","No"
"2020/07/08 10:33:18 AM GMT+2","6","8","5","6","6","9","8","7","9","10","7","4","7","6","8","9","10","6","No"
"2020/07/08 10:49:47 AM GMT+2","6","6","4","5","6","7","8","7","8","9","7","4","5","5","8","7","8","3","No"
"2020/07/08 11:02:19 AM GMT+2","5","6","6","6","8","8","7","7","9","9","8","5","7","6","8","8","8","6","No"
"2020/07/08 11:04:24 AM GMT+2","6","7","6","7","7","7","8","8","9","9","8","6","7","6","8","7","8","5","No"
"2020/07/08 11:09:11 AM GMT+2","4","7","4","7","8","5","8","6","8","9","8","6","7","7","8","7","8","2","No"
"2020/07/08 11:14:08 AM GMT+2","6","7","6","8","8","8","8","7","9","10","8","5","7","7","8","9","8","4","Yes"
"2020/07/08 11:17:20 AM GMT+2","5","8","6","7","7","6","8","7","8","9","8","7","7","7","8","10","9","7","No"
"2020/07/08 11:22:19 AM GMT+2","7","9","8","9","8","7","9","9","10","10","9","6","9","9","9","8","9","6","No"
"2020/07/08 11:24:19 AM GMT+2","7","7","6","7","7","7","8","8","8","10","8","6","8","7","9","10","8","6","Yes"
"2020/07/08 11:26:45 AM GMT+2","5","6","3","4","6","8","8","7","9","9","8","","7","","7","8","8","6","No"
"2020/07/08 11:29:26 AM GMT+2","7","8","6","7","8","9","9","7","9","10","8","6","7","6","7","8","8","5","Yes"
"2020/07/08 12:00:04 PM GMT+2","7","7","1","7","7","6","7","7","9","9","9","1","7","7","8","10","10","10","No"
"2020/07/08 12:23:51 PM GMT+2","6","7","7","6","8","7","7","8","9","9","9","6","6","6","8","9","8","3","Yes"
"2020/07/08 12:38:20 PM GMT+2","5","8","7","6","7","9","8","7","10","10","7","5","7","7","8","8","9","3","Yes"
"2020/07/08 12:45:32 PM GMT+2","5","7","6","6","7","7","8","8","9","10","9","3","6","6","7","8","8","4","No"
"2020/07/08 12:52:41 PM GMT+2","6","7","5","7","8","7","8","8","9","9","8","6","7","6","8","9","8","5","No"
"2020/07/08 1:17:13 PM GMT+2","4","9","6","6","8","7","7","7","9","10","8","6","8","7","8","7","7","6","No"
"2020/07/08 1:20:37 PM GMT+2","3","8","5","7","7","7","8","8","10","10","8","6","8","6","9","10","9","4","No"
"2020/07/08 1:21:23 PM GMT+2","4","7","4","5","6","6","7","7","9","8","7","4","5","5","8","8","7","7","Yes"
"2020/07/08 1:22:56 PM GMT+2","5","9","6","7","8","7","9","8","9","10","8","7","8","8","7","8","10","3","Yes"
"2020/07/08 1:29:04 PM GMT+2","5","7","5","6","6","7","7","7","8","9","8","6","7","6","8","8","8","5","Yes"
"2020/07/08 1:48:48 PM GMT+2","5","7","5","6","7","7","8","9","10","9","8","7","7","7","8","8","7","6","Yes"
"2020/07/08 2:00:48 PM GMT+2","8","8","6","7","8","8","9","8","9","10","8","7","8","7","9","9","10","4","No"
"2020/07/08 2:02:46 PM GMT+2","5","6","6","7","7","7","8","8","8","9","8","6","7","6","8","8","9","6","Yes"
"2020/07/08 2:13:41 PM GMT+2","5","7","6","8","9","9","9","8","9","10","9","6","7","6","8","9","9","6","Yes"
"2020/07/08 2:17:38 PM GMT+2","6","7","6","6","6","6","7","6","7","8","7","6","6","6","8","9","8","4","No"
"2020/07/08 2:22:46 PM GMT+2","6","8","6","7","7","8","9","9","10","10","9","7","8","6","8","8","9","4","No"
"2020/07/08 2:35:34 PM GMT+2","4","8","6","9","7","7","9","7","9","10","8","5","7","6","8","8","7","5","No"
"2020/07/08 2:35:50 PM GMT+2","5","6","5","5","7","4","7","6","8","8","7","5","6","5","8","7","8","7","Yes"
"2020/07/08 3:07:50 PM GMT+2","6","8","5","8","8","9","9","7","10","10","10","7","7","7","9","9","9","5","Yes"
"2020/07/08 3:14:04 PM GMT+2","6","8","6","7","8","7","8","8","9","10","8","4","6","6","8","8","8","5","Yes"
"2020/07/08 3:53:44 PM GMT+2","5","8","6","9","7","9","10","10","10","10","10","3","8","5","8","9","9","3","Yes"
"2020/07/08 3:59:47 PM GMT+2","3","6","5","6","6","7","7","6","9","8","8","4","7","5","7","7","7","6","Yes"
"2020/07/08 4:21:58 PM GMT+2","5","8","6","9","7","8","9","8","9","10","8","5","6","6","10","10","10","6","No"
"2020/07/08 4:48:58 PM GMT+2","2","7","5","6","7","7","7","7","8","9","7","4","6","6","7","8","7","4","Yes"
"2020/07/08 4:53:46 PM GMT+2","7","7","7","7","7","7","7","7","9","9","8","7","7","7","7","7","8","6","Yes"
"2020/07/08 5:33:04 PM GMT+2","4","8","7","6","8","9","8","8","9","10","8","6","5","5","8","7","8","6","No"
"2020/07/08 5:37:10 PM GMT+2","5","8","5","7","8","10","8","7","9","10","8","6","8","7","9","9","10","4","No"
"2020/07/08 7:03:49 PM GMT+2","8","8","5","8","8","6","10","7","10","10","10","10","7","7","10","10","10","6","No"
"2020/07/08 8:40:07 PM GMT+2","4","8","5","8","8","8","8","7","10","10","9","7","6","6","8","8","9","6","No"